cod_ibge,nome,uf,regiao,lat,lon
1101203,MINISTRO ANDREAZZA,RO,Norte,-11.196,-61.517
1101708,URUPÁ,RO,Norte,-11.126,-62.364
1100403,ALTO PARAÍSO,RO,Norte,-9.714,-63.319
1100452,BURITIS,RO,Norte,-10.194,-63.832
1101757,VALE DO ANARI,RO,Norte,-9.862,-62.188
1101807,VALE DO PARAÍSO,RO,Norte,-10.447,-62.135
1100502,NOVO HORIZONTE DO OESTE,RO,Norte,-11.696,-61.995
1101492,SÃO FRANCISCO DO GUAPORÉ,RO,Norte,-12.052,-63.568
1100148,NOVA BRASILÂNDIA D'OESTE,RO,Norte,-11.725,-62.313
1100155,OURO PRETO DO OESTE,RO,Norte,-10.717,-62.257
1101476,PRIMAVERA DE RONDÔNIA,RO,Norte,-11.829,-61.315
1101484,SÃO FELIPE D'OESTE,RO,Norte,-11.902,-61.503
1100189,PIMENTA BUENO,RO,Norte,-11.672,-61.198
1101500,SERINGUEIRAS,RO,Norte,-11.806,-63.018
1100205,PORTO VELHO,RO,Norte,-8.761,-63.9
1100254,PRESIDENTE MÉDICI,RO,Norte,-11.169,-61.899
1101559,TEIXEIRÓPOLIS,RO,Norte,-10.906,-62.242
1100288,ROLIM DE MOURA,RO,Norte,-11.727,-61.771
1100296,SANTA LUZIA D'OESTE,RO,Norte,-11.907,-61.778
1100262,RIO CRESPO,RO,Norte,-9.7,-62.901
1100320,SÃO MIGUEL DO GUAPORÉ,RO,Norte,-11.695,-62.719
1101609,THEOBROMA,RO,Norte,-10.248,-62.354
1100338,NOVA MAMORÉ,RO,Norte,-10.408,-65.335
1100304,VILHENA,RO,Norte,-12.75,-60.149
1100379,ALTO ALEGRE DOS PARECIS,RO,Norte,-12.132,-61.835
1100809,CANDEIAS DO JAMARI,RO,Norte,-8.791,-63.7
1101302,MIRANTE DA SERRA,RO,Norte,-11.029,-62.67
1100015,ALTA FLORESTA D'OESTE,RO,Norte,-11.928,-61.995
1100049,CACOAL,RO,Norte,-11.434,-61.456
1100056,CEREJEIRAS,RO,Norte,-13.187,-60.817
1100023,ARIQUEMES,RO,Norte,-9.906,-63.032
1100031,CABIXI,RO,Norte,-13.495,-60.552
1100080,COSTA MARQUES,RO,Norte,-12.437,-64.228
1100098,ESPIGÃO D'OESTE,RO,Norte,-11.527,-61.025
1100064,COLORADO DO OESTE,RO,Norte,-13.117,-60.545
1100072,CORUMBIARA,RO,Norte,-12.955,-60.895
1100924,CHUPINGUAIA,RO,Norte,-12.561,-60.888
1100908,CASTANHEIRAS,RO,Norte,-11.425,-61.948
1100940,CUJUBIM,RO,Norte,-9.361,-62.585
1100122,JI-PR,RO,Norte,-10.878,-61.932
1100130,MACHADINHO D'OESTE,RO,Norte,-9.444,-61.982
1101401,MONTE NEGRO,RO,Norte,-10.246,-63.29
1100106,GUAJARÁ-MIRIM,RO,Norte,-10.789,-65.33
1101450,PARECIS,RO,Norte,-12.175,-61.603
1100114,JARU,RO,Norte,-10.432,-62.479
1101468,PIMENTEIRAS DO OESTE,RO,Norte,-13.482,-61.047
1101435,NOVA UNIÃO,RO,Norte,-10.907,-62.556
1101005,GOVERNADOR JORGE TEIXEIRA,RO,Norte,-10.61,-62.737
1100601,CACAULÂNDIA,RO,Norte,-10.349,-62.904
1101104,ITAPUÃ DO OESTE,RO,Norte,-9.197,-63.181
1100700,CAMPO NOVO DE RONDÔNIA,RO,Norte,-10.571,-63.627
1200609,TARAUACÁ,AC,Norte,-8.157,-70.772
1200351,MARECHAL THAUMATURGO,AC,Norte,-8.939,-72.8
1200336,MÂNCIO LIMA,AC,Norte,-7.617,-72.9
1200344,MANOEL URBANO,AC,Norte,-8.833,-69.268
1200393,PORTO WALTER,AC,Norte,-8.263,-72.754
1200385,PLÁCIDO DE CASTRO,AC,Norte,-10.281,-67.137
1200401,RIO BRANCO,AC,Norte,-9.975,-67.824
1200435,SANTA ROSA DO PURUS,AC,Norte,-9.447,-70.49
1200427,RODRIGUES ALVES,AC,Norte,-7.739,-72.661
1200500,SENA MADUREIRA,AC,Norte,-9.066,-68.657
1200104,BRASILÉIA,AC,Norte,-10.995,-68.75
1200138,BUJARI,AC,Norte,-9.815,-67.955
1200179,CAPIXABA,AC,Norte,-10.566,-67.686
1200203,CRUZEIRO DO SUL,AC,Norte,-7.628,-72.676
1200252,EPITACIOLÂNDIA,AC,Norte,-11.019,-68.734
1200328,JORDÃO,AC,Norte,-9.191,-71.95
1200302,FEIJÓ,AC,Norte,-8.171,-70.351
1200807,PORTO ACRE,AC,Norte,-9.581,-67.548
1200054,ASSIS BRASIL,AC,Norte,-10.93,-69.574
1200450,SENADOR GUIOMARD,AC,Norte,-10.15,-67.736
1301159,CAREIRO DA VÁRZEA,AM,Norte,-3.314,-59.556
1303700,SANTO ANTÔNIO DO IÇÁ,AM,Norte,-3.095,-67.946
1300706,BOCA DO ACRE,AM,Norte,-8.742,-67.392
1304237,TONANTINS,AM,Norte,-2.866,-67.792
1304203,TEFÉ,AM,Norte,-3.368,-64.719
1304260,UARINI,AM,Norte,-2.996,-65.113
1301654,GUAJARÁ,AM,Norte,-7.538,-72.591
1300300,AUTAZES,AM,Norte,-3.586,-59.126
1302108,JAPURÁ,AM,Norte,-1.882,-66.929
1303403,PARINTINS,AM,Norte,-2.637,-56.729
1301704,HUMAITÁ,AM,Norte,-7.512,-63.033
1300409,BARCELOS,AM,Norte,-0.983,-62.931
1302207,JURUÁ,AM,Norte,-3.484,-66.072
1303502,PAUINI,AM,Norte,-7.713,-66.992
1303536,PRESIDENTE FIGUEIREDO,AM,Norte,-2.03,-60.023
1301803,IPIXUNA,AM,Norte,-7.048,-71.693
1303569,RIO PRETO DA EVA,AM,Norte,-2.704,-59.686
1301407,EIRUNEPÉ,AM,Norte,-6.657,-69.866
1300508,BARREIRINHA,AM,Norte,-2.799,-57.068
1304005,SILVES,AM,Norte,-2.817,-58.248
1302702,MANICORÉ,AM,Norte,-5.805,-61.289
1304062,TABATINGA,AM,Norte,-4.242,-69.938
1300102,ANORI,AM,Norte,-3.746,-61.657
1300144,APUÍ,AM,Norte,-7.194,-59.896
1303205,NOVO AIRÃO,AM,Norte,-2.636,-60.943
1301506,ENVIRA,AM,Norte,-7.438,-70.028
1300201,ATALAIA DO NORTE,AM,Norte,-4.371,-70.197
1302009,ITAPIRANGA,AM,Norte,-2.741,-58.029
1303304,NOVO ARIPUANÃ,AM,Norte,-5.126,-60.373
1301605,FONTE BOA,AM,Norte,-2.523,-66.094
1302900,MAUÉS,AM,Norte,-3.393,-57.707
1301209,COARI,AM,Norte,-4.094,-63.144
1302504,MANACAPURU,AM,Norte,-3.291,-60.622
1302553,MANAQUIRI,AM,Norte,-3.441,-60.461
1303809,SÃO GABRIEL DA CACHOEIRA,AM,Norte,-0.119,-67.084
1300839,CAAPIRANGA,AM,Norte,-3.315,-61.221
1300805,BORBA,AM,Norte,-4.392,-59.587
1304302,URUCARÁ,AM,Norte,-2.529,-57.754
1302603,MANAUS,AM,Norte,-3.119,-60.021
1301308,CODAJÁS,AM,Norte,-3.831,-62.066
1303908,SÃO PAULO DE OLIVENÇA,AM,Norte,-3.473,-68.965
1300029,ALVARÃES,AM,Norte,-3.227,-64.801
1300904,CANUTAMA,AM,Norte,-6.526,-64.395
1300060,AMATURÁ,AM,Norte,-3.375,-68.201
1303957,SÃO SEBASTIÃO DO UATUMÃ,AM,Norte,-2.559,-57.873
1303106,NOVA OLINDA DO NORTE,AM,Norte,-3.9,-59.094
1304401,URUCURITUBA,AM,Norte,-3.128,-58.15
1301852,IRANDUBA,AM,Norte,-3.275,-60.19
1301001,CARAUARI,AM,Norte,-4.882,-66.909
1302306,JUTAÍ,AM,Norte,-2.758,-66.76
1303601,SANTA ISABEL DO RIO NEGRO,AM,Norte,-0.411,-65.009
1300631,BERURI,AM,Norte,-3.899,-61.362
1300607,BENJAMIN CONSTANT,AM,Norte,-4.378,-70.034
1301951,ITAMARATI,AM,Norte,-6.439,-68.244
1304104,TAPAUÁ,AM,Norte,-5.621,-63.181
1300680,BOA VISTA DO RAMOS,AM,Norte,-2.974,-57.587
1302405,LÁBREA,AM,Norte,-7.264,-64.795
1301100,CAREIRO,AM,Norte,-3.768,-60.369
1302801,MARAÃ,AM,Norte,-1.853,-65.573
1303007,NHAMUNDÁ,AM,Norte,-2.208,-56.711
1300086,ANAMÃ,AM,Norte,-3.567,-61.396
1301902,ITACOATIARA,AM,Norte,-3.139,-58.445
1400100,BOA VISTA,RR,Norte,2.824,-60.675
1400175,CANTÁ,RR,Norte,2.61,-60.606
1400159,BONFIM,RR,Norte,3.362,-59.833
1400209,CARACARAÍ,RR,Norte,1.828,-61.13
1400233,CAROEBE,RR,Norte,0.884,-59.696
1400282,IRACEMA,RR,Norte,2.183,-61.041
1400027,AMAJARI,RR,Norte,3.646,-61.369
1400050,ALTO ALEGRE,RR,Norte,2.989,-61.307
1400506,SÃO JOÃO DA BALIZA,RR,Norte,0.952,-59.913
1400605,SÃO LUIZ,RR,Norte,1.01,-60.042
1400704,UIRAMUTÃ,RR,Norte,4.603,-60.181
1400308,MUCAJAÍ,RR,Norte,2.44,-60.91
1400407,NORMANDIA,RR,Norte,3.885,-59.62
1400456,PACARAIMA,RR,Norte,4.48,-61.148
1400472,RORAINÓPOLIS,RR,Norte,0.94,-60.439
1501782,BREU BRANCO,PA,Norte,-3.772,-49.574
1501758,BREJO GRANDE DO ARAGUAIA,PA,Norte,-5.698,-48.41
1500404,ALENQUER,PA,Norte,-1.946,-54.738
1505205,OEIRAS DO PARÁ,PA,Norte,-2.004,-49.863
1507003,SANTO ANTÔNIO DO TAUÁ,PA,Norte,-1.152,-48.131
1508100,TUCURUÍ,PA,Norte,-3.766,-49.677
1502202,CAPANEMA,PA,Norte,-1.205,-47.178
1508126,ULIANÓPOLIS,PA,Norte,-3.75,-47.489
1504802,MONTE ALEGRE,PA,Norte,-1.998,-54.072
1503507,IRITUIA,PA,Norte,-1.77,-47.446
1508159,URUARÁ,PA,Norte,-3.715,-53.74
1507904,SOURE,PA,Norte,-0.73,-48.502
1507953,TAILÂNDIA,PA,Norte,-2.946,-48.949
1506609,SANTA MARIA DO PARÁ,PA,Norte,-1.354,-47.571
1507961,TERRA ALTA,PA,Norte,-1.03,-47.9
1500909,AUGUSTO CORRÊA,PA,Norte,-1.051,-46.615
1505304,ORIXIMINÁ,PA,Norte,-1.76,-55.858
1502707,CONCEIÇÃO DO ARAGUAIA,PA,Norte,-8.261,-49.269
1504000,LIMOEIRO DO AJURU,PA,Norte,-1.899,-49.39
1507979,TERRA SANTA,PA,Norte,-2.104,-56.488
1506203,SALINÓPOLIS,PA,Norte,-0.631,-47.346
1500958,AURORA DO PARÁ,PA,Norte,-2.149,-47.568
1501402,BELÉM,PA,Norte,-1.455,-48.49
1501451,BELTERRA,PA,Norte,-2.636,-54.937
1502764,CUMARU DO NORTE,PA,Norte,-7.811,-50.77
1502772,CURIONÓPOLIS,PA,Norte,-6.1,-49.607
1505809,PORTEL,PA,Norte,-1.936,-50.819
1503200,IGARAPÉ-AÇU,PA,Norte,-1.125,-47.626
1504505,MELGAÇO,PA,Norte,-1.803,-50.715
1507607,SÃO MIGUEL DO GUAMÁ,PA,Norte,-1.613,-47.478
1506302,SALVATERRA,PA,Norte,-0.758,-48.514
1506351,SANTA BÁRBARA DO PARÁ,PA,Norte,-1.192,-48.238
1501501,BENEVIDES,PA,Norte,-1.362,-48.243
1502806,CURRALINHO,PA,Norte,-1.812,-49.795
1501576,BOM JESUS DO TOCANTINS,PA,Norte,-5.042,-48.605
1505031,NOVO PROGRESSO,PA,Norte,-7.143,-55.379
1502855,CURUÁ,PA,Norte,-1.888,-55.117
1505007,NOVA TIMBOTEUA,PA,Norte,-1.209,-47.392
1505064,NOVO REPARTIMENTO,PA,Norte,-4.247,-49.95
1505908,PORTO DE MOZ,PA,Norte,-1.747,-52.236
1502004,CACHOEIRA DO ARARI,PA,Norte,-1.012,-48.95
1504604,MOCAJUBA,PA,Norte,-2.583,-49.504
1503309,IGARAPÉ-MIRI,PA,Norte,-1.975,-48.958
1507706,SÃO SEBASTIÃO DA BOA VISTA,PA,Norte,-1.716,-49.525
1506401,SANTA CRUZ DO ARARI,PA,Norte,-0.661,-49.177
1507755,SAPUCAIA,PA,Norte,-6.94,-49.683
1500701,ANAJÁS,PA,Norte,-0.997,-49.935
1505106,ÓBIDOS,PA,Norte,-1.901,-55.521
1502509,CHAVES,PA,Norte,-0.164,-49.987
1507300,SÃO FÉLIX DO XINGU,PA,Norte,-6.643,-51.99
1506005,PRAINHA,PA,Norte,-1.798,-53.478
1501204,BAIÃO,PA,Norte,-2.79,-49.669
1501253,BANNACH,PA,Norte,-7.348,-50.396
1503804,JACUNDÁ,PA,Norte,-4.446,-49.115
1506906,SANTARÉM NOVO,PA,Norte,-0.931,-47.386
1503002,FARO,PA,Norte,-2.168,-56.74
1503044,FLORESTA DO ARAGUAIA,PA,Norte,-7.553,-49.712
1503077,GARRAFÃO DO NORTE,PA,Norte,-1.93,-47.05
1503093,GOIANÉSIA DO PARÁ,PA,Norte,-3.843,-49.097
1500800,ANANINDEUA,PA,Norte,-1.364,-48.374
1505601,PEIXE-BOI,PA,Norte,-1.194,-47.324
1505650,PLACAS,PA,Norte,-3.868,-54.212
1504307,MARACANÃ,PA,Norte,-0.779,-47.452
1507409,SÃO FRANCISCO DO PARÁ,PA,Norte,-1.17,-47.792
1506104,PRIMAVERA,PA,Norte,-0.945,-47.125
1506112,QUATIPURU,PA,Norte,-0.9,-47.013
1500859,ANAPU,PA,Norte,-3.47,-51.2
1501303,BARCARENA,PA,Norte,-1.512,-48.62
1506161,RIO MARIA,PA,Norte,-7.312,-50.038
1502608,COLARES,PA,Norte,-0.936,-48.28
1506138,REDENÇÃO,PA,Norte,-8.025,-50.032
1506195,RURÓPOLIS,PA,Norte,-4.1,-54.909
1507458,SÃO GERALDO DO ARAGUAIA,PA,Norte,-6.395,-48.559
1507474,SÃO JOÃO DE PIRABAS,PA,Norte,-0.78,-47.181
1507466,SÃO JOÃO DA PONTA,PA,Norte,-0.858,-47.918
1506187,RONDON DO PARÁ,PA,Norte,-4.778,-48.067
1503903,JURUTI,PA,Norte,-2.163,-56.089
1503101,GURUPÁ,PA,Norte,-1.414,-51.634
1505700,PONTA DE PEDRAS,PA,Norte,-1.396,-48.866
1504406,MARAPANIM,PA,Norte,-0.715,-47.703
1501808,BREVES,PA,Norte,-1.68,-50.479
1504455,MEDICILÂNDIA,PA,Norte,-3.446,-52.888
1504422,MARITUBA,PA,Norte,-1.36,-48.342
1507508,SÃO JOÃO DO ARAGUAIA,PA,Norte,-5.363,-48.793
1504059,MÃE DO RIO,PA,Norte,-2.057,-47.56
1502301,CAPITÃO POÇO,PA,Norte,-1.748,-47.063
1507102,SÃO CAETANO DE ODIVELAS,PA,Norte,-0.747,-48.025
1507151,SÃO DOMINGOS DO ARAGUAIA,PA,Norte,-5.537,-48.737
1508209,VIGIA,PA,Norte,-0.861,-48.139
1501006,AVEIRO,PA,Norte,-3.608,-55.32
1503606,ITAITUBA,PA,Norte,-4.267,-55.993
1504901,MUANÁ,PA,Norte,-1.539,-49.222
1506708,SANTANA DO ARAGUAIA,PA,Norte,-9.328,-50.35
1504976,NOVA IPIXUNA,PA,Norte,-4.916,-49.082
1501907,BUJARU,PA,Norte,-1.518,-48.038
1504950,NOVA ESPERANÇA DO PIRIÁ,PA,Norte,-2.267,-46.973
1501956,CACHOEIRA DO PIRIÁ,PA,Norte,-1.76,-46.546
1500602,ALTAMIRA,PA,Norte,-3.204,-52.21
1505403,OURÉM,PA,Norte,-1.542,-47.113
1504109,MAGALHÃES BARATA,PA,Norte,-0.803,-47.601
1507201,SÃO DOMINGOS DO CAPIM,PA,Norte,-1.688,-47.767
1505437,OURILÂNDIA DO NORTE,PA,Norte,-6.753,-51.086
1501105,BAGRE,PA,Norte,-1.901,-50.199
1505494,PALESTINA DO PARÁ,PA,Norte,-5.74,-48.318
1505486,PACAJÁ,PA,Norte,-3.835,-50.64
1502400,CASTANHAL,PA,Norte,-1.298,-47.917
1508308,VISEU,PA,Norte,-1.191,-46.14
1503705,ITUPIRANGA,PA,Norte,-5.133,-49.336
1503754,JACAREACANGA,PA,Norte,-6.215,-57.754
1506807,SANTARÉM,PA,Norte,-2.438,-54.7
1505502,PARAGOMINAS,PA,Norte,-3.002,-47.353
1504208,MARABÁ,PA,Norte,-5.381,-49.133
1502905,CURUÇÁ,PA,Norte,-0.733,-47.852
1505536,PARAUAPEBAS,PA,Norte,-6.068,-49.904
1501600,BONITO,PA,Norte,-1.367,-47.307
1502954,ELDORADO DO CARAJÁS,PA,Norte,-6.104,-49.355
1502939,DOM ELISEU,PA,Norte,-4.199,-47.825
1505551,PAU D'ARCO,PA,Norte,-1.598,-46.927
1502103,CAMETÁ,PA,Norte,-2.243,-49.498
1502152,CANAÃ DOS CARAJÁS,PA,Norte,-6.497,-49.878
1508001,TOMÉ-AÇU,PA,Norte,-2.413,-48.142
1503408,INHANGAPI,PA,Norte,-1.435,-47.911
1508050,TRAIRÃO,PA,Norte,-4.573,-55.943
1508035,TRACUATEUA,PA,Norte,-1.077,-46.903
1504703,MOJU,PA,Norte,-1.89,-48.767
1507805,SENADOR JOSÉ PORFÍRIO,PA,Norte,-4.312,-51.576
1506500,SANTA IZABEL DO PARÁ,PA,Norte,-1.297,-48.161
1501709,BRAGANÇA,PA,Norte,-1.061,-46.783
1508084,TUCUMÃ,PA,Norte,-6.747,-51.163
1504752,MOJUÍ DOS CAMPOS,PA,Norte,-2.682,-54.642
1503457,IPIXUNA DO PARÁ,PA,Norte,-2.56,-47.506
1506559,SANTA LUZIA DO PARÁ,PA,Norte,-1.521,-46.901
1501725,BRASIL NOVO,PA,Norte,-3.298,-52.534
1506583,SANTA MARIA DAS BARREIRAS,PA,Norte,-8.858,-49.721
1500503,ALMEIRIM,PA,Norte,-1.529,-52.579
1505635,PIÇARRA,PA,Norte,-6.438,-48.872
1600204,CALÇOENE,AP,Norte,2.505,-50.951
1600238,FERREIRA GOMES,AP,Norte,0.857,-51.179
1600212,CUTIAS,AP,Norte,0.971,-50.8
1600279,LARANJAL DO JARI,AP,Norte,-0.805,-52.453
1600253,ITAUBAL,AP,Norte,0.602,-50.7
1600709,TARTARUGALZINHO,AP,Norte,1.507,-50.909
1600055,SERRA DO NAVIO,AP,Norte,0.901,-52.004
1600501,OIAPOQUE,AP,Norte,3.841,-51.833
1600550,PRACUÚBA,AP,Norte,1.745,-50.789
1600535,PORTO GRANDE,AP,Norte,0.712,-51.416
1600600,SANTANA,AP,Norte,-0.045,-51.173
1600303,MACAPÁ,AP,Norte,0.035,-51.069
1600402,MAZAGÃO,AP,Norte,-0.113,-51.289
1600105,AMAPÁ,AP,Norte,2.053,-50.796
1600154,PEDRA BRANCA DO AMAPARI,AP,Norte,0.777,-51.95
1718451,PUGMIL,TO,Norte,-10.424,-48.896
1703883,CARMOLÂNDIA,TO,Norte,-7.033,-48.398
1720804,SÍTIO NOVO DO TOCANTINS,TO,Norte,-5.601,-47.638
1707108,DIVINÓPOLIS DO TOCANTINS,TO,Norte,-9.8,-49.217
1720853,SUCUPIRA,TO,Norte,-11.993,-48.968
1703008,BABAÇULÂNDIA,TO,Norte,-7.209,-47.761
1703057,BANDEIRANTES DO TOCANTINS,TO,Norte,-7.756,-48.584
1703073,BARRA DO OURO,TO,Norte,-7.696,-47.678
1714302,NAZARÉ,TO,Norte,-6.375,-47.664
1721307,TUPIRATINS,TO,Norte,-8.394,-48.128
1720002,SANTA TEREZINHA DO TOCANTINS,TO,Norte,-6.444,-47.668
1703909,CASEARA,TO,Norte,-9.276,-49.952
1716109,PARAÍSO DO TOCANTINS,TO,Norte,-10.175,-48.882
1718501,RECURSOLÂNDIA,TO,Norte,-8.723,-47.242
1718550,RIACHINHO,TO,Norte,-6.44,-48.137
1704105,CENTENÁRIO,TO,Norte,-8.961,-47.33
1713957,MURICILÂNDIA,TO,Norte,-7.147,-48.609
1701309,ARAGOMINAS,TO,Norte,-7.16,-48.529
1707207,DOIS IRMÃOS DO TOCANTINS,TO,Norte,-9.255,-49.064
1719004,SANTA TEREZA DO TOCANTINS,TO,Norte,-10.275,-47.803
1709807,IPUEIRAS,TO,Norte,-11.233,-48.46
1716653,PEQUIZEIRO,TO,Norte,-8.593,-48.933
1715705,PALMEIRANTE,TO,Norte,-7.848,-47.924
1715754,PALMEIRÓPOLIS,TO,Norte,-13.045,-48.403
1721000,PALMAS,TO,Norte,-10.24,-48.356
1711803,JUARINA,TO,Norte,-8.12,-49.064
1710508,ITACAJÁ,TO,Norte,-8.393,-47.773
1709005,GOIATINS,TO,Norte,-7.715,-47.325
1707702,FILADÉLFIA,TO,Norte,-7.335,-47.495
1713601,MONTE DO CARMO,TO,Norte,-10.761,-48.111
1703602,BRASILÂNDIA DO TOCANTINS,TO,Norte,-8.389,-48.482
1702307,ARAPOEMA,TO,Norte,-7.655,-49.064
1718204,PORTO NACIONAL,TO,Norte,-10.703,-48.408
1701002,ANANÁS,TO,Norte,-6.364,-48.074
1705102,CHAPADA DA NATIVIDADE,TO,Norte,-11.617,-47.749
1701051,ANGICO,TO,Norte,-6.392,-47.861
1708205,FORMOSO DO ARAGUAIA,TO,Norte,-11.798,-49.532
1716703,COLMÉIA,TO,Norte,-8.725,-48.764
1720655,SILVANÓPOLIS,TO,Norte,-11.147,-48.169
1708254,FORTALEZA DO TABOCÃO,TO,Norte,-9.056,-48.521
1709500,GURUPI,TO,Norte,-11.728,-49.068
1721109,TOCANTÍNIA,TO,Norte,-9.563,-48.374
1711902,LAGOA DA CONFUSÃO,TO,Norte,-10.791,-49.62
1701903,ARAGUACEMA,TO,Norte,-8.808,-49.557
1711951,LAGOA DO TOCANTINS,TO,Norte,-10.368,-47.538
1713700,MONTE SANTO DO TOCANTINS,TO,Norte,-10.008,-48.994
1712405,LIZARDA,TO,Norte,-9.59,-46.674
1703701,BREJINHO DE NAZARÉ,TO,Norte,-11.006,-48.568
1717206,PIRAQUÊ,TO,Norte,-6.773,-48.296
1702406,ARRAIAS,TO,Norte,-12.929,-46.936
1706506,DARCINÓPOLIS,TO,Norte,-6.716,-47.76
1718303,PRAIA NORTE,TO,Norte,-5.393,-47.811
1712454,LUZINÓPOLIS,TO,Norte,-6.178,-47.858
1702000,ARAGUAÇU,TO,Norte,-12.929,-49.823
1708304,GOIANORTE,TO,Norte,-8.774,-48.931
1711100,ITAPORÃ DO TOCANTINS,TO,Norte,-8.572,-48.69
1701101,APARECIDA DO RIO NEGRO,TO,Norte,-9.941,-47.964
1707009,DIANÓPOLIS,TO,Norte,-11.624,-46.82
1720309,SÃO SEBASTIÃO DO TOCANTINS,TO,Norte,-5.261,-48.202
1715507,OLIVEIRA DE FÁTIMA,TO,Norte,-10.707,-48.909
1702901,AXIXÁ DO TOCANTINS,TO,Norte,-5.613,-47.77
1718808,SAMPAIO,TO,Norte,-5.354,-47.878
1700301,AGUIARNÓPOLIS,TO,Norte,-6.554,-47.47
1718865,SANTA FÉ DO ARAGUAIA,TO,Norte,-7.158,-48.717
1715101,NOVO ACORDO,TO,Norte,-9.971,-47.678
1718881,SANTA MARIA DO TOCANTINS,TO,Norte,-8.805,-47.789
1718840,SANDOLÂNDIA,TO,Norte,-12.538,-49.924
1715150,NOVO ALEGRE,TO,Norte,-12.922,-46.571
1700350,ALIANÇA DO TOCANTINS,TO,Norte,-11.306,-48.936
1707553,FÁTIMA,TO,Norte,-10.76,-48.908
1718899,SANTA RITA DO TOCANTINS,TO,Norte,-10.862,-48.916
1706258,CRIXÁS DO TOCANTINS,TO,Norte,-11.099,-48.915
1702109,ARAGUAÍNA,TO,Norte,-7.192,-48.204
1718006,PORTO ALEGRE DO TOCANTINS,TO,Norte,-11.618,-47.062
1712157,LAVANDEIRA,TO,Norte,-12.785,-46.51
1702158,ARAGUANÃ,TO,Norte,-6.582,-48.639
1717800,PONTE ALTA DO BOM JESUS,TO,Norte,-12.085,-46.483
1716505,PEDRO AFONSO,TO,Norte,-8.97,-48.173
1718907,SANTA ROSA DO TOCANTINS,TO,Norte,-11.447,-48.122
1709302,GUARAÍ,TO,Norte,-8.835,-48.511
1720499,SÃO VALÉRIO,TO,Norte,-11.974,-48.235
1700400,ALMAS,TO,Norte,-11.571,-47.179
1715259,NOVO JARDIM,TO,Norte,-11.826,-46.633
1717008,PINDORAMA DO TOCANTINS,TO,Norte,-11.131,-47.573
1702208,ARAGUATINS,TO,Norte,-5.647,-48.123
1720903,TAGUATINGA,TO,Norte,-12.403,-46.437
1707652,FIGUEIRÓPOLIS,TO,Norte,-12.131,-49.175
1703107,BARROLÂNDIA,TO,Norte,-9.834,-48.725
1720937,TAIPAS DO TOCANTINS,TO,Norte,-12.187,-46.98
1717909,PONTE ALTA DO TOCANTINS,TO,Norte,-10.748,-47.528
1716604,PEIXE,TO,Norte,-12.025,-48.539
1720978,TALISMÃ,TO,Norte,-12.795,-49.09
1720101,SÃO BENTO DO TOCANTINS,TO,Norte,-6.026,-47.901
1710904,ITAPIRATINS,TO,Norte,-8.38,-48.107
1714880,NOVA OLINDA,TO,Norte,-7.632,-48.425
1717503,PIUM,TO,Norte,-10.442,-49.188
1716208,PARANÃ,TO,Norte,-12.617,-47.873
1720150,SÃO FÉLIX DO TOCANTINS,TO,Norte,-10.162,-46.662
1704600,CHAPADA DE AREIA,TO,Norte,-10.142,-49.14
1702703,AURORA DO TOCANTINS,TO,Norte,-12.71,-46.408
1712702,MATEIROS,TO,Norte,-10.546,-46.417
1705508,COLINAS DO TOCANTINS,TO,Norte,-8.058,-48.476
1705557,COMBINADO,TO,Norte,-12.792,-46.539
1707306,DUERÉ,TO,Norte,-11.342,-49.272
1718659,RIO DA CONCEIÇÃO,TO,Norte,-11.395,-46.885
1706001,COUTO MAGALHÃES,TO,Norte,-8.284,-49.247
1703206,BERNARDO SAYÃO,TO,Norte,-7.875,-48.889
1720200,SÃO MIGUEL DO TOCANTINS,TO,Norte,-5.563,-47.574
1712801,MAURILÂNDIA DO TOCANTINS,TO,Norte,-5.952,-47.513
1716307,PAU D'ARCO,TO,Norte,-7.539,-49.367
1720259,SÃO SALVADOR DO TOCANTINS,TO,Norte,-12.746,-48.235
1718709,RIO DOS BOIS,TO,Norte,-9.344,-48.525
1715002,NOVA ROSALÂNDIA,TO,Norte,-10.565,-48.913
1705607,CONCEIÇÃO DO TOCANTINS,TO,Norte,-12.221,-47.295
1718758,RIO SONO,TO,Norte,-9.35,-47.888
1706100,CRISTALÂNDIA,TO,Norte,-10.598,-49.194
1711506,JAÚ DO TOCANTINS,TO,Norte,-12.651,-48.589
1703305,BOM JESUS DO TOCANTINS,TO,Norte,-8.963,-48.165
1713304,MIRANORTE,TO,Norte,-9.529,-48.592
1712009,LAJEADO,TO,Norte,-9.75,-48.356
1721208,TOCANTINÓPOLIS,TO,Norte,-6.324,-47.422
1710706,ITAGUATINS,TO,Norte,-5.773,-47.486
1700707,ALVORADA,TO,Norte,-12.479,-49.125
1714203,NATIVIDADE,TO,Norte,-11.703,-47.722
1703826,CACHOEIRINHA,TO,Norte,-6.116,-47.923
1721257,TUPIRAMA,TO,Norte,-8.972,-48.188
1713809,PALMEIRAS DO TOCANTINS,TO,Norte,-6.617,-47.546
1703800,BURITI DO TOCANTINS,TO,Norte,-5.314,-48.227
1712504,MARIANÓPOLIS DO TOCANTINS,TO,Norte,-9.794,-49.655
1703867,CARIRI DO TOCANTINS,TO,Norte,-11.888,-49.161
1703842,CAMPOS LINDOS,TO,Norte,-7.99,-46.864
1718402,PRESIDENTE KENNEDY,TO,Norte,-8.541,-48.506
1703891,CARRASCO BONITO,TO,Norte,-5.314,-48.031
1702554,AUGUSTINÓPOLIS,TO,Norte,-5.469,-47.886
1713205,MIRACEMA DO TOCANTINS,TO,Norte,-9.566,-48.393
1707405,ESPERANTINA,TO,Norte,-5.366,-48.538
2104206,FORTUNA,MA,Nordeste,-5.728,-44.157
2100956,ARAME,MA,Nordeste,-4.883,-46.003
2111409,SÃO LUÍS GONZAGA DO MARANHÃO,MA,Nordeste,-4.385,-44.665
2112704,VARGEM GRANDE,MA,Nordeste,-3.536,-43.917
2107704,PARAIBANO,MA,Nordeste,-6.426,-43.979
2109908,SANTA INÊS,MA,Nordeste,-3.651,-45.377
2108603,PINHEIRO,MA,Nordeste,-2.522,-45.079
2101400,BALSAS,MA,Nordeste,-7.532,-46.037
2107308,NOVA IORQUE,MA,Nordeste,-6.73,-44.047
2106003,LIMA CAMPOS,MA,Nordeste,-4.518,-44.465
2103802,DOM PEDRO,MA,Nordeste,-5.035,-44.441
2102507,CAJARI,MA,Nordeste,-3.327,-45.014
2105609,JOSELÂNDIA,MA,Nordeste,-4.986,-44.696
2104305,GODOFREDO VIANA,MA,Nordeste,-1.403,-45.779
2107357,NOVA OLINDA DO MARANHÃO,MA,Nordeste,-2.842,-45.695
2109106,PRESIDENTE DUTRA,MA,Nordeste,-5.29,-44.495
2102556,CAMPESTRE DO MARANHÃO,MA,Nordeste,-6.171,-47.362
2110237,SANTANA DO MARANHÃO,MA,Nordeste,-3.109,-42.406
2110203,SANTA RITA,MA,Nordeste,-3.142,-44.321
2105658,JUNCO DO MARANHÃO,MA,Nordeste,-1.839,-46.09
2112803,VIANA,MA,Nordeste,-3.205,-44.991
2110278,SANTO AMARO DO MARANHÃO,MA,Nordeste,-2.501,-43.238
2106904,MONÇÃO,MA,Nordeste,-3.481,-45.25
2108702,PIO XII,MA,Nordeste,-3.893,-45.176
2111508,SÃO MATEUS DO MARANHÃO,MA,Nordeste,-4.037,-44.471
2103000,CAXIAS,MA,Nordeste,-4.865,-43.362
2112852,VILA NOVA DOS MARTÍRIOS,MA,Nordeste,-5.189,-48.134
2101509,BARÃO DE GRAJAÚ,MA,Nordeste,-6.745,-43.026
2111573,SÃO PEDRO DOS CRENTES,MA,Nordeste,-6.824,-46.532
2100204,ALCÂNTARA,MA,Nordeste,-2.396,-44.406
2103901,DUQUE BACELAR,MA,Nordeste,-4.15,-42.948
2102606,CÂNDIDO MENDES,MA,Nordeste,-1.433,-45.716
2112001,TASSO FRAGOSO,MA,Nordeste,-8.466,-45.754
2110708,SÃO DOMINGOS DO MARANHÃO,MA,Nordeste,-5.581,-44.382
2107407,OLHO D'ÁGUA DAS CUNHÃS,MA,Nordeste,-4.134,-45.116
2106102,LORETO,MA,Nordeste,-7.081,-45.145
2107456,OLINDA NOVA DO MARANHÃO,MA,Nordeste,-2.993,-44.99
2109205,PRESIDENTE JUSCELINO,MA,Nordeste,-2.919,-44.072
2109239,PRESIDENTE MÉDICI,MA,Nordeste,-2.39,-45.82
2105708,LAGO DA PEDRA,MA,Nordeste,-4.57,-45.132
2104404,GONÇALVES DIAS,MA,Nordeste,-5.147,-44.301
2109270,PRESIDENTE SARNEY,MA,Nordeste,-2.588,-45.359
2103109,CEDRAL,MA,Nordeste,-2.0,-44.528
2100709,ANAJATUBA,MA,Nordeste,-3.263,-44.613
2105302,IMPERATRIZ,MA,Nordeste,-5.518,-47.478
2105351,ITAIPAVA DO GRAJAÚ,MA,Nordeste,-5.143,-45.788
2104008,ESPERANTINÓPOLIS,MA,Nordeste,-4.879,-44.693
2104081,FERNANDO FALCÃO,MA,Nordeste,-6.162,-44.898
2104073,FEIRA NOVA DO MARANHÃO,MA,Nordeste,-6.965,-46.679
2104057,ESTREITO,MA,Nordeste,-6.561,-47.443
2101806,BENEDITO LEITE,MA,Nordeste,-7.21,-44.558
2111201,SÃO JOSÉ DE RIBAMAR,MA,Nordeste,-2.547,-44.06
2112506,TUTÓIA,MA,Nordeste,-2.761,-42.276
2104099,FORMOSA DA SERRA NEGRA,MA,Nordeste,-6.44,-46.192
2106631,MATÕES DO NORTE,MA,Nordeste,-3.624,-44.547
2104909,GUIMARÃES,MA,Nordeste,-2.128,-44.602
2109700,SAMBAÍBA,MA,Nordeste,-7.134,-45.352
2108405,PERI MIRIM,MA,Nordeste,-2.577,-44.85
2109759,SANTA FILOMENA DO MARANHÃO,MA,Nordeste,-5.497,-44.564
2101202,BACABAL,MA,Nordeste,-4.224,-44.783
2106672,MILAGRES DO MARANHÃO,MA,Nordeste,-3.574,-42.613
2111250,SÃO JOSÉ DOS BASÍLIOS,MA,Nordeste,-5.055,-44.581
2110807,SÃO FÉLIX DE BALSAS,MA,Nordeste,-7.075,-44.809
2108454,PERITORÓ,MA,Nordeste,-4.375,-44.337
2107100,MORROS,MA,Nordeste,-2.854,-44.036
2110856,SÃO FRANCISCO DO BREJÃO,MA,Nordeste,-5.126,-47.389
2101251,BACABEIRA,MA,Nordeste,-2.965,-44.316
2102325,BURITICUPU,MA,Nordeste,-4.324,-46.441
2103604,COROATÁ,MA,Nordeste,-4.134,-44.124
2102309,BURITI BRAVO,MA,Nordeste,-5.832,-43.835
2105401,ITAPECURU MIRIM,MA,Nordeste,-3.402,-44.351
2104107,FORTALEZA DOS NOGUEIRAS,MA,Nordeste,-6.96,-46.175
2102374,CACHOEIRA GRANDE,MA,Nordeste,-2.931,-44.053
2102358,BURITIRANA,MA,Nordeste,-5.598,-47.013
2100832,APICUM-AÇU,MA,Nordeste,-1.459,-45.086
2110039,SANTA LUZIA DO PARUÁ,MA,Nordeste,-2.511,-45.78
2105427,ITINGA DO MARANHÃO,MA,Nordeste,-4.453,-47.523
2110005,SANTA LUZIA,MA,Nordeste,-4.069,-45.69
2100808,ANAPURUS,MA,Nordeste,-3.676,-43.101
2105476,JENIPAPO DOS VIEIRAS,MA,Nordeste,-5.362,-45.636
2105450,JATOBÁ,MA,Nordeste,-5.823,-44.215
2112605,URBANO SANTOS,MA,Nordeste,-3.206,-43.388
2100873,ARAGUANÃ,MA,Nordeste,-2.946,-45.659
2106706,MIRADOR,MA,Nordeste,-6.375,-44.368
2109809,SANTA HELENA,MA,Nordeste,-2.244,-45.29
2108504,PINDARÉ-MIRIM,MA,Nordeste,-3.61,-45.342
2101905,BEQUIMÃO,MA,Nordeste,-2.442,-44.784
2111300,SÃO LUÍS,MA,Nordeste,-2.539,-44.282
2106755,MIRANDA DO NORTE,MA,Nordeste,-3.563,-44.581
2101939,BERNARDO DO MEARIM,MA,Nordeste,-4.627,-44.761
2101301,BACURI,MA,Nordeste,-1.696,-45.133
2101970,BOA VISTA DO GURUPI,MA,Nordeste,-1.776,-46.3
2101350,BACURITUBA,MA,Nordeste,-2.71,-44.733
2103703,CURURUPU,MA,Nordeste,-1.815,-44.864
2110500,SÃO BENTO,MA,Nordeste,-2.698,-44.829
2102408,CAJAPIÓ,MA,Nordeste,-2.873,-44.674
2107209,NINA RODRIGUES,MA,Nordeste,-3.468,-43.913
2107258,NOVA COLINAS,MA,Nordeste,-7.123,-46.261
2109007,PORTO FRANCO,MA,Nordeste,-6.341,-47.396
2111805,SÍTIO NOVO,MA,Nordeste,-5.876,-46.703
2103752,DAVINÓPOLIS,MA,Nordeste,-5.546,-47.422
2105500,JOÃO LISBOA,MA,Nordeste,-5.444,-47.406
2109056,PORTO RICO DO MARANHÃO,MA,Nordeste,-1.859,-44.584
2106805,MIRINZAL,MA,Nordeste,-2.071,-44.779
2102036,BOM JESUS DAS SELVAS,MA,Nordeste,-4.476,-46.864
2100501,ALTO PARNAÍBA,MA,Nordeste,-9.103,-45.93
2105104,ICATU,MA,Nordeste,-2.772,-44.05
2105153,IGARAPÉ DO MEIO,MA,Nordeste,-3.658,-45.211
2102077,BOM LUGAR,MA,Nordeste,-4.373,-45.033
2106409,MATA ROMA,MA,Nordeste,-3.62,-43.111
2100550,AMAPÁ DO MARANHÃO,MA,Nordeste,-1.675,-46.002
2101608,BARRA DO CORDA,MA,Nordeste,-5.497,-45.248
2111003,SÃO JOÃO BATISTA,MA,Nordeste,-2.954,-44.795
2112308,TUNTUM,MA,Nordeste,-5.255,-44.644
2102903,CARUTAPERA,MA,Nordeste,-1.197,-46.008
2104701,GRAÇA ARANHA,MA,Nordeste,-5.405,-44.336
2111029,SÃO JOÃO DO CARÚ,MA,Nordeste,-3.55,-46.251
2109502,RIACHÃO,MA,Nordeste,-7.358,-46.623
2109551,RIBAMAR FIQUENE,MA,Nordeste,-5.931,-47.389
2108207,PEDREIRAS,MA,Nordeste,-4.565,-44.601
2111078,SÃO JOÃO DO SOTER,MA,Nordeste,-5.108,-43.816
2101004,ARARI,MA,Nordeste,-3.452,-44.767
2111052,SÃO JOÃO DO PARAÍSO,MA,Nordeste,-6.456,-47.059
2110609,SÃO BERNARDO,MA,Nordeste,-3.372,-42.419
2108256,PEDRO DO ROSÁRIO,MA,Nordeste,-2.973,-45.349
2110658,SÃO DOMINGOS DO AZEITÃO,MA,Nordeste,-6.815,-44.651
2103406,COELHO NETO,MA,Nordeste,-4.252,-43.011
2111904,SUCUPIRA DO NORTE,MA,Nordeste,-6.478,-44.192
2111953,SUCUPIRA DO RIACHÃO,MA,Nordeste,-6.409,-43.545
2102101,BREJO,MA,Nordeste,-3.678,-42.753
2105203,IGARAPÉ GRANDE,MA,Nordeste,-4.662,-44.856
2102150,BREJO DE AREIA,MA,Nordeste,-4.334,-45.581
2100600,AMARANTE DO MARANHÃO,MA,Nordeste,-5.569,-46.747
2112407,TURIAÇU,MA,Nordeste,-1.659,-45.38
2107803,PARNARAMA,MA,Nordeste,-5.674,-43.101
2106508,MATINHA,MA,Nordeste,-3.098,-45.035
2109601,ROSÁRIO,MA,Nordeste,-2.934,-44.253
2108306,PENALVA,MA,Nordeste,-3.277,-45.177
2101707,BARREIRINHAS,MA,Nordeste,-2.759,-42.823
2111102,SÃO JOÃO DOS PATOS,MA,Nordeste,-6.493,-43.704
2112456,TURILÂNDIA,MA,Nordeste,-2.216,-45.304
2101731,BELÁGUA,MA,Nordeste,-3.155,-43.512
2104800,GRAJAÚ,MA,Nordeste,-5.814,-46.146
2101103,AXIXÁ,MA,Nordeste,-2.839,-44.062
2101772,BELA VISTA DO MARANHÃO,MA,Nordeste,-3.726,-45.307
2103505,COLINAS,MA,Nordeste,-6.032,-44.254
2110302,SANTO ANTÔNIO DOS LOPES,MA,Nordeste,-4.866,-44.365
2102200,BURITI,MA,Nordeste,-3.942,-42.918
2107001,MONTES ALTOS,MA,Nordeste,-5.831,-47.067
2111607,SÃO RAIMUNDO DAS MANGABEIRAS,MA,Nordeste,-7.022,-45.481
2103554,CONCEIÇÃO DO LAGO-AÇU,MA,Nordeste,-3.851,-44.889
2111631,SÃO RAIMUNDO DO DOCA BEZERRA,MA,Nordeste,-5.111,-45.07
2107902,PASSAGEM FRANCA,MA,Nordeste,-6.177,-43.776
2106607,MATÕES,MA,Nordeste,-5.514,-43.202
2103125,CENTRAL DO MARANHÃO,MA,Nordeste,-2.198,-44.825
2108801,PIRAPEMAS,MA,Nordeste,-3.72,-44.222
2103174,CENTRO NOVO DO MARANHÃO,MA,Nordeste,-2.127,-46.123
2111672,SÃO ROBERTO,MA,Nordeste,-5.023,-45.001
2100303,ALDEIAS ALTAS,MA,Nordeste,-4.626,-43.469
2103158,CENTRO DO GUILHERME,MA,Nordeste,-2.449,-46.035
2107506,PAÇO DO LUMIAR,MA,Nordeste,-2.517,-44.102
2106201,LUÍS DOMINGUES,MA,Nordeste,-1.275,-45.867
2102705,CANTANHEDE,MA,Nordeste,-3.638,-44.383
2112100,TIMBIRAS,MA,Nordeste,-4.256,-43.932
2105807,LAGO DO JUNCO,MA,Nordeste,-4.609,-45.049
2104503,GOVERNADOR ARCHER,MA,Nordeste,-5.021,-44.275
2109304,PRESIDENTE VARGAS,MA,Nordeste,-3.408,-44.023
2108009,PASTOS BONS,MA,Nordeste,-6.603,-44.075
2102754,CAPINZAL DO NORTE,MA,Nordeste,-4.724,-44.328
2104552,GOVERNADOR EDISON LOBÃO,MA,Nordeste,-5.75,-47.365
2110401,SÃO BENEDITO DO RIO PRETO,MA,Nordeste,-3.335,-43.529
2108058,PAULINO NEVES,MA,Nordeste,-2.721,-42.526
2111722,SATUBINHA,MA,Nordeste,-4.049,-45.246
2108900,POÇÃO DE PEDRAS,MA,Nordeste,-4.746,-44.943
2103208,CHAPADINHA,MA,Nordeste,-3.739,-43.354
2111706,SÃO VICENTE FERRER,MA,Nordeste,-2.895,-44.868
2103257,CIDELÂNDIA,MA,Nordeste,-5.175,-47.778
2105005,HUMBERTO DE CAMPOS,MA,Nordeste,-2.598,-43.465
2111763,SENADOR LA ROCQUE,MA,Nordeste,-5.446,-47.296
2111748,SENADOR ALEXANDRE COSTA,MA,Nordeste,-5.251,-44.053
2100436,ALTO ALEGRE DO MARANHÃO,MA,Nordeste,-4.213,-44.446
2111789,SERRANO DO MARANHÃO,MA,Nordeste,-1.852,-45.121
2100402,ALTAMIRA DO MARANHÃO,MA,Nordeste,-4.166,-45.471
2112209,TIMON,MA,Nordeste,-5.098,-42.833
2102804,CAROLINA,MA,Nordeste,-7.336,-47.463
2110906,SÃO FRANCISCO DO MARANHÃO,MA,Nordeste,-6.252,-42.867
2106326,MARACAÇUMÉ,MA,Nordeste,-2.049,-45.959
2107605,PALMEIRÂNDIA,MA,Nordeste,-2.644,-44.893
2100477,ALTO ALEGRE DO PINDARÉ,MA,Nordeste,-3.667,-45.842
2106300,MAGALHÃES DE ALMEIDA,MA,Nordeste,-3.392,-42.212
2109403,PRIMEIRA CRUZ,MA,Nordeste,-2.506,-43.423
2108108,PAULO RAMOS,MA,Nordeste,-4.445,-45.24
2106375,MARANHÃOZINHO,MA,Nordeste,-2.241,-45.851
2105922,LAGOA DO MATO,MA,Nordeste,-6.05,-43.533
2106359,MARAJÁ DO SENA,MA,Nordeste,-4.628,-45.453
2104628,GOVERNADOR LUIZ ROCHA,MA,Nordeste,-5.478,-44.077
2112233,TRIZIDELA DO VALE,MA,Nordeste,-4.538,-44.628
2105906,LAGO VERDE,MA,Nordeste,-3.947,-44.826
2104602,GOVERNADOR EUGÊNIO BARROS,MA,Nordeste,-5.319,-44.247
2105963,LAGOA GRANDE DO MARANHÃO,MA,Nordeste,-4.989,-45.382
2109452,RAPOSA,MA,Nordeste,-2.425,-44.097
2112274,TUFILÂNDIA,MA,Nordeste,-3.674,-45.624
2105948,LAGO DOS RODRIGUES,MA,Nordeste,-4.612,-44.98
2104677,GOVERNADOR NUNES FREIRE,MA,Nordeste,-2.129,-45.878
2103307,CODÓ,MA,Nordeste,-4.456,-43.892
2104651,GOVERNADOR NEWTON BELLO,MA,Nordeste,-3.432,-45.662
2110104,SANTA QUITÉRIA DO MARANHÃO,MA,Nordeste,-3.493,-42.569
2100907,ARAIOSES,MA,Nordeste,-2.891,-41.905
2102002,BOM JARDIM,MA,Nordeste,-3.541,-45.606
2105989,LAJEADO NOVO,MA,Nordeste,-6.185,-47.029
2111532,SÃO PEDRO DA ÁGUA BRANCA,MA,Nordeste,-5.085,-48.429
2200905,AROAZES,PI,Nordeste,-6.11,-41.782
2210904,SOCORRO DO PIAUÍ,PI,Nordeste,-7.868,-42.492
2204402,GILBUÉS,PI,Nordeste,-9.83,-45.342
2206209,MIGUEL ALVES,PI,Nordeste,-4.169,-42.896
2210938,SUSSUAPARA,PI,Nordeste,-7.037,-41.377
2209401,SANTO ANTÔNIO DE LISBOA,PI,Nordeste,-6.987,-41.225
2207504,PALMEIRAIS,PI,Nordeste,-5.971,-43.056
2202711,COCAL DE TELHA,PI,Nordeste,-4.557,-41.959
2210979,TANQUE DO PIAUÍ,PI,Nordeste,-6.598,-42.279
2202729,COCAL DOS ALVES,PI,Nordeste,-3.62,-41.44
2200954,AROEIRAS DO ITAIM,PI,Nordeste,-7.245,-41.532
2210953,TAMBORIL DO PIAUÍ,PI,Nordeste,-8.409,-42.921
2202703,COCAL,PI,Nordeste,-3.473,-41.555
2209450,SANTO ANTÔNIO DOS MILAGRES,PI,Nordeste,-6.046,-42.712
2202752,COLÔNIA DO GURGUÉIA,PI,Nordeste,-8.184,-43.794
2207553,PAQUETÁ,PI,Nordeste,-7.103,-41.7
2202737,COIVARAS,PI,Nordeste,-5.092,-42.208
2210102,SÃO JOSÉ DO PEIXE,PI,Nordeste,-7.486,-42.567
2202778,COLÔNIA DO PIAUÍ,PI,Nordeste,-7.227,-42.176
2201408,BARRO DURO,PI,Nordeste,-5.817,-42.515
2211407,VÁRZEA GRANDE,PI,Nordeste,-6.549,-42.248
2203206,CURIMATÁ,PI,Nordeste,-10.033,-44.3
2208007,PICOS,PI,Nordeste,-7.077,-41.467
2209906,SÃO JOÃO DA SERRA,PI,Nordeste,-5.511,-41.892
2203255,CURRALINHOS,PI,Nordeste,-5.608,-42.838
2203230,CURRAIS,PI,Nordeste,-9.012,-44.406
2204501,GUADALUPE,PI,Nordeste,-6.783,-43.559
2208601,PRATA DO PIAUÍ,PI,Nordeste,-5.673,-42.205
2209955,SÃO JOÃO DA VARJOTA,PI,Nordeste,-6.941,-41.889
2205805,LUZILÂNDIA,PI,Nordeste,-3.468,-42.372
2208650,QUEIMADA NOVA,PI,Nordeste,-8.571,-41.411
2203271,CURRAL NOVO DO PIAUÍ,PI,Nordeste,-7.831,-40.896
2207603,PARNAGUÁ,PI,Nordeste,-10.217,-44.63
2202802,CONCEIÇÃO DO CANINDÉ,PI,Nordeste,-7.876,-41.594
2209971,SÃO JOÃO DO ARRAIAL,PI,Nordeste,-3.819,-42.446
2205854,MADEIRO,PI,Nordeste,-3.486,-42.498
2204550,GUARIBAS,PI,Nordeste,-9.386,-43.694
2206308,MIGUEL LEÃO,PI,Nordeste,-5.681,-42.744
2206357,MILTON BRANDÃO,PI,Nordeste,-4.683,-41.417
2209104,SANTA CRUZ DO PIAUÍ,PI,Nordeste,-7.178,-41.761
2209153,SANTA CRUZ DOS MILAGRES,PI,Nordeste,-5.806,-41.951
2201507,BATALHA,PI,Nordeste,-4.022,-42.079
2211506,VERA MENDES,PI,Nordeste,-7.597,-41.467
2202851,CORONEL JOSÉ DIAS,PI,Nordeste,-8.814,-42.523
2205003,ITAINÓPOLIS,PI,Nordeste,-7.443,-41.469
2208106,PIMENTEIRAS,PI,Nordeste,-6.238,-41.411
2210201,SÃO JOSÉ DO PIAUÍ,PI,Nordeste,-6.872,-41.473
2201556,BELA VISTA DO PIAUÍ,PI,Nordeste,-7.988,-41.867
2200251,ALAGOINHA DO PIAUÍ,PI,Nordeste,-7.0,-40.928
2202455,CAPITÃO GERVÁSIO OLIVEIRA,PI,Nordeste,-8.497,-41.814
2208700,REDENÇÃO DO GURGUÉIA,PI,Nordeste,-9.479,-44.581
2201572,BELÉM DO PIAUÍ,PI,Nordeste,-7.367,-40.969
2205904,MANOEL EMÍDIO,PI,Nordeste,-8.012,-43.876
2201150,BAIXA GRANDE DO RIBEIRO,PI,Nordeste,-7.849,-45.219
2204600,HUGO NAPOLEÃO,PI,Nordeste,-5.989,-42.56
2205953,MARCOLÂNDIA,PI,Nordeste,-7.442,-40.66
2201176,BARRA D'ALCÂNTARA,PI,Nordeste,-6.516,-42.115
2205508,JOSÉ DE FREITAS,PI,Nordeste,-4.751,-42.575
2205516,JUAZEIRO DO PIAUÍ,PI,Nordeste,-5.175,-41.698
2210706,SIMÕES,PI,Nordeste,-7.591,-40.814
2200707,ANÍSIO DE ABREU,PI,Nordeste,-9.186,-43.049
2205540,LAGOINHA DO PIAUÍ,PI,Nordeste,-5.831,-42.622
2204204,FRANCISCO SANTOS,PI,Nordeste,-6.995,-41.129
2205557,LAGOA ALEGRE,PI,Nordeste,-4.515,-42.631
2206001,MARCOS PARENTE,PI,Nordeste,-7.116,-43.893
2205524,JÚLIO BORGES,PI,Nordeste,-10.322,-44.238
2205532,JUREMA,PI,Nordeste,-9.22,-43.134
2203800,FLORES DO PIAUÍ,PI,Nordeste,-7.788,-42.918
2205581,LAGOA DO PIAUÍ,PI,Nordeste,-5.419,-42.644
2209203,SANTA FILOMENA,PI,Nordeste,-9.112,-45.912
2205599,LAGOA DO SÍTIO,PI,Nordeste,-6.508,-41.565
2207306,PAES LANDIM,PI,Nordeste,-7.774,-42.247
2206050,MASSAPÊ DO PIAUÍ,PI,Nordeste,-7.475,-41.11
2205565,LAGOA DO BARRO DO PIAUÍ,PI,Nordeste,-8.477,-41.534
2205573,LAGOA DE SÃO FRANCISCO,PI,Nordeste,-4.385,-41.597
2202505,CARACOL,PI,Nordeste,-9.279,-43.329
2203859,FLORESTA DO PIAUÍ,PI,Nordeste,-7.467,-41.788
2202554,CARIDADE DO PIAUÍ,PI,Nordeste,-7.734,-40.985
2207355,PAJEÚ DO PIAUÍ,PI,Nordeste,-7.855,-42.825
2202539,CARAÚBAS DO PIAUÍ,PI,Nordeste,-3.475,-41.843
2211209,URUÇUÍ,PI,Nordeste,-7.239,-44.558
2201200,BARRAS,PI,Nordeste,-4.245,-42.292
2203008,CRISTALÂNDIA DO PIAUÍ,PI,Nordeste,-10.644,-45.189
2206902,NOVO ORIENTE DO PIAUÍ,PI,Nordeste,-6.449,-41.926
2206951,NOVO SANTO ANTÔNIO,PI,Nordeste,-5.287,-41.932
2209708,SÃO FRANCISCO DO PIAUÍ,PI,Nordeste,-7.246,-42.541
2204303,FRONTEIRAS,PI,Nordeste,-7.082,-40.615
2208403,PIRIPIRI,PI,Nordeste,-4.272,-41.772
2209757,SÃO GONÇALO DO GURGUÉIA,PI,Nordeste,-10.032,-45.309
2205607,LANDRI SALES,PI,Nordeste,-7.259,-43.936
2207405,PALMEIRA DO PIAUÍ,PI,Nordeste,-8.731,-44.247
2210805,SIMPLÍCIO MENDES,PI,Nordeste,-7.853,-41.907
2200806,ANTÔNIO ALMEIDA,PI,Nordeste,-7.213,-44.189
2202604,CASTELO DO PIAUÍ,PI,Nordeste,-5.319,-41.55
2204352,GEMINIANO,PI,Nordeste,-7.155,-41.341
2206100,MATIAS OLÍMPIO,PI,Nordeste,-3.715,-42.551
2203909,FLORIANO,PI,Nordeste,-6.772,-43.024
2211308,VALENÇA DO PIAUÍ,PI,Nordeste,-6.403,-41.737
2201309,BARREIRAS DO PIAUÍ,PI,Nordeste,-9.93,-45.47
2202653,CAXINGÓ,PI,Nordeste,-3.419,-41.895
2210003,SÃO JOÃO DO PIAUÍ,PI,Nordeste,-8.355,-42.256
2211357,VÁRZEA BRANCA,PI,Nordeste,-9.238,-42.969
2210052,SÃO JOSÉ DO DIVINO,PI,Nordeste,-3.814,-41.831
2202251,CANAVIEIRA,PI,Nordeste,-7.688,-43.723
2208502,PORTO,PI,Nordeste,-3.888,-42.7
2206605,MONTE ALEGRE DO PIAUÍ,PI,Nordeste,-9.754,-45.304
2205706,LUÍS CORREIA,PI,Nordeste,-2.884,-41.664
2207934,PEDRO LAURENTINO,PI,Nordeste,-8.068,-42.285
2209807,SÃO GONÇALO DO PIAUÍ,PI,Nordeste,-5.994,-42.709
2207900,PEDRO II,PI,Nordeste,-4.426,-41.448
2209872,SÃO JOÃO DA FRONTEIRA,PI,Nordeste,-3.955,-41.257
2206670,MORRO DO CHAPÉU DO PIAUÍ,PI,Nordeste,-3.733,-42.302
2209856,SÃO JOÃO DA CANABRAVA,PI,Nordeste,-6.812,-41.342
2207959,NOVA SANTA RITA,PI,Nordeste,-8.097,-42.047
2208551,PORTO ALEGRE DO PIAUÍ,PI,Nordeste,-6.964,-44.184
2205300,JERUMENHA,PI,Nordeste,-7.091,-43.503
2206654,MORRO CABEÇA NO TEMPO,PI,Nordeste,-9.719,-43.907
2210508,SÃO PEDRO DO PIAUÍ,PI,Nordeste,-5.921,-42.719
2200509,AMARANTE,PI,Nordeste,-6.243,-42.843
2206696,MURICI DOS PORTELAS,PI,Nordeste,-3.319,-42.094
2204006,FRANCINÓPOLIS,PI,Nordeste,-6.393,-42.259
2205359,JOÃO COSTA,PI,Nordeste,-8.507,-42.426
2201804,BOCAINA,PI,Nordeste,-6.941,-41.317
2203602,ELISEU MARTINS,PI,Nordeste,-8.096,-43.67
2209005,RIO GRANDE DO PIAUÍ,PI,Nordeste,-7.78,-43.137
2207108,OLHO D'ÁGUA DO PIAUÍ,PI,Nordeste,-5.841,-42.559
2202307,CANTO DO BURITI,PI,Nordeste,-8.111,-42.952
2204907,ISAÍAS COELHO,PI,Nordeste,-7.736,-41.673
2211001,TERESINA,PI,Nordeste,-5.092,-42.803
2201002,ARRAIAL,PI,Nordeste,-6.651,-42.542
2206720,NAZÁRIA,PI,Nordeste,-5.351,-42.815
2206704,NAZARÉ DO PIAUÍ,PI,Nordeste,-6.97,-42.677
2206753,NOSSA SENHORA DE NAZARÉ,PI,Nordeste,-4.63,-42.173
2209500,SANTO INÁCIO DO PIAUÍ,PI,Nordeste,-7.421,-41.906
2201051,ASSUNÇÃO DO PIAUÍ,PI,Nordeste,-5.865,-41.039
2204105,FRANCISCO AYRES,PI,Nordeste,-6.626,-42.688
2201903,BOM JESUS,PI,Nordeste,-9.071,-44.359
2209559,SÃO BRAZ DO PIAUÍ,PI,Nordeste,-9.058,-43.008
2201919,BOM PRINCÍPIO DO PIAUÍ,PI,Nordeste,-3.196,-41.64
2205409,JOAQUIM PIRES,PI,Nordeste,-3.502,-42.187
2210623,SEBASTIÃO BARROS,PI,Nordeste,-10.817,-44.834
2207207,PADRE MARCOS,PI,Nordeste,-7.351,-40.9
2210607,SÃO RAIMUNDO NONATO,PI,Nordeste,-9.012,-42.699
2201945,BOQUEIRÃO DO PIAUÍ,PI,Nordeste,-4.482,-42.121
2200608,ANGICAL DO PIAUÍ,PI,Nordeste,-6.088,-42.74
2210656,SIGEFREDO PACHECO,PI,Nordeste,-4.917,-41.731
2202406,CAPITÃO DE CAMPOS,PI,Nordeste,-4.457,-41.944
2201929,BONFIM DO PIAUÍ,PI,Nordeste,-9.161,-42.886
2205458,JOCA MARQUES,PI,Nordeste,-3.48,-42.425
2210631,SEBASTIÃO LEAL,PI,Nordeste,-7.568,-44.06
2204154,FRANCISCO MACEDO,PI,Nordeste,-7.331,-40.788
2201988,BREJO DO PIAUÍ,PI,Nordeste,-8.203,-42.823
2203701,ESPERANTINA,PI,Nordeste,-3.889,-42.232
2201960,BRASILEIRA,PI,Nordeste,-4.134,-41.786
2202000,BURITI DOS LOPES,PI,Nordeste,-3.183,-41.87
2203750,FARTURA DO PIAUÍ,PI,Nordeste,-9.483,-42.791
2211100,UNIÃO,PI,Nordeste,-4.586,-42.858
2201101,AVELINO LOPES,PI,Nordeste,-10.134,-43.956
2203305,DEMERVAL LOBÃO,PI,Nordeste,-5.359,-42.678
2206803,NOSSA SENHORA DOS REMÉDIOS,PI,Nordeste,-3.976,-42.618
2200277,ALEGRETE DO PIAUÍ,PI,Nordeste,-7.242,-40.857
2202026,BURITI DOS MONTES,PI,Nordeste,-5.306,-41.093
2202075,CAJAZEIRAS DO PIAUÍ,PI,Nordeste,-6.797,-42.39
2202091,CALDEIRÃO GRANDE DO PIAUÍ,PI,Nordeste,-7.331,-40.637
2202083,CAJUEIRO DA PRAIA,PI,Nordeste,-2.931,-41.341
2203354,DIRCEU ARCOVERDE,PI,Nordeste,-9.339,-42.435
2202059,CABECEIRAS DO PIAUÍ,PI,Nordeste,-4.477,-42.307
2204659,ILHA GRANDE,PI,Nordeste,-2.858,-41.819
2206407,MONSENHOR GIL,PI,Nordeste,-5.562,-42.608
2209609,SÃO FÉLIX DO PIAUÍ,PI,Nordeste,-5.935,-42.117
2207702,PARNAÍBA,PI,Nordeste,-2.906,-41.775
2202901,CORRENTE,PI,Nordeste,-10.433,-45.163
2207777,PATOS DO PIAUÍ,PI,Nordeste,-7.672,-41.241
2207751,PASSAGEM FRANCA DO PIAUÍ,PI,Nordeste,-5.86,-42.444
2209658,SÃO FRANCISCO DE ASSIS DO PIAUÍ,PI,Nordeste,-8.236,-41.687
2205102,ITAUEIRA,PI,Nordeste,-7.6,-43.025
2207793,PAU D'ARCO DO PIAUÍ,PI,Nordeste,-5.261,-42.391
2210300,SÃO JULIÃO,PI,Nordeste,-7.084,-40.825
2200301,ALTO LONGÁ,PI,Nordeste,-5.256,-42.21
2205151,JACOBINA DO PIAUÍ,PI,Nordeste,-7.931,-41.208
2211605,VILA NOVA DO PIAUÍ,PI,Nordeste,-7.133,-40.934
2201606,BENEDITINOS,PI,Nordeste,-5.457,-42.364
2203404,DOM EXPEDITO LOPES,PI,Nordeste,-6.953,-41.64
2208205,PIO IX,PI,Nordeste,-6.83,-40.608
2202117,CAMPO ALEGRE DO FIDALGO,PI,Nordeste,-8.382,-41.834
2210375,SÃO LUIS DO PIAUÍ,PI,Nordeste,-6.819,-41.318
2210383,SÃO MIGUEL DA BAIXA GRANDE,PI,Nordeste,-5.856,-42.193
2210359,SÃO LOURENÇO DO PIAUÍ,PI,Nordeste,-9.165,-42.55
2202109,CAMPINAS DO PIAUÍ,PI,Nordeste,-7.659,-41.877
2203453,DOM INOCÊNCIO,PI,Nordeste,-9.005,-41.97
2203420,DOMINGOS MOURÃO,PI,Nordeste,-4.25,-41.268
2204709,INHUMA,PI,Nordeste,-6.665,-41.704
2210391,SÃO MIGUEL DO FIDALGO,PI,Nordeste,-7.597,-42.368
2202133,CAMPO GRANDE DO PIAUÍ,PI,Nordeste,-7.128,-41.032
2208809,REGENERAÇÃO,PI,Nordeste,-6.231,-42.684
2208858,RIACHO FRIO,PI,Nordeste,-10.124,-44.95
2202174,CAMPO LARGO DO PIAUÍ,PI,Nordeste,-3.804,-42.64
2207801,PAULISTANA,PI,Nordeste,-8.134,-41.143
2208874,RIBEIRA DO PIAUÍ,PI,Nordeste,-7.69,-42.713
2207850,PAVUSSU,PI,Nordeste,-7.961,-43.228
2206506,MONSENHOR HIPÓLITO,PI,Nordeste,-6.993,-41.026
2209302,SANTA LUZ,PI,Nordeste,-8.949,-44.13
2209351,SANTANA DO PIAUÍ,PI,Nordeste,-6.947,-41.518
2201705,BERTOLÍNIA,PI,Nordeste,-7.633,-43.95
2205201,JAICÓS,PI,Nordeste,-7.362,-41.137
2208304,PIRACURUCA,PI,Nordeste,-3.933,-41.709
2207009,OEIRAS,PI,Nordeste,-7.019,-42.128
2210409,SÃO MIGUEL DO TAPUIO,PI,Nordeste,-5.497,-41.316
2205276,JATOBÁ DO PIAUÍ,PI,Nordeste,-4.77,-41.817
2200400,ALTOS,PI,Nordeste,-5.039,-42.461
2200459,ALVORADA DO GURGUÉIA,PI,Nordeste,-8.424,-43.777
2202208,CAMPO MAIOR,PI,Nordeste,-4.822,-42.164
2209377,SANTA ROSA DO PIAUÍ,PI,Nordeste,-6.796,-42.281
2201739,BETÂNIA DO PIAUÍ,PI,Nordeste,-8.144,-40.799
2205250,JARDIM DO MULATO,PI,Nordeste,-6.099,-42.63
2203503,ELESBÃO VELOSO,PI,Nordeste,-6.199,-42.136
2208908,RIBEIRO GONÇALVES,PI,Nordeste,-7.557,-45.245
2201770,BOA HORA,PI,Nordeste,-4.414,-42.136
2204808,IPIRANGA DO PIAUÍ,PI,Nordeste,-6.824,-41.738
2203107,CRISTINO CASTRO,PI,Nordeste,-8.823,-44.223
2307403,JUCÁS,CE,Nordeste,-6.515,-39.519
2312809,SENADOR SÁ,CE,Nordeste,-3.353,-40.466
2308708,MORADA NOVA,CE,Nordeste,-5.097,-38.37
2303907,CHAVAL,CE,Nordeste,-3.036,-41.243
2310704,PENTECOSTE,CE,Nordeste,-3.793,-39.269
2302602,CAMOCIM,CE,Nordeste,-2.901,-40.854
2303956,CHOROZINHO,CE,Nordeste,-4.289,-38.499
2309201,NOVA OLINDA,CE,Nordeste,-7.084,-39.671
2303931,CHORÓ,CE,Nordeste,-4.839,-39.134
2303501,CASCAVEL,CE,Nordeste,-4.13,-38.241
2302206,BEBERIBE,CE,Nordeste,-4.177,-38.127
2305308,IBIAPINA,CE,Nordeste,-3.924,-40.891
2305332,IBICUITINGA,CE,Nordeste,-4.97,-38.636
2306603,ITATIRA,CE,Nordeste,-4.526,-39.62
2311207,POTENGI,CE,Nordeste,-7.092,-40.023
2301802,BAIXIO,CE,Nordeste,-6.719,-38.713
2300507,ALCÂNTARAS,CE,Nordeste,-3.585,-40.548
2301851,BANABUIÚ,CE,Nordeste,-5.305,-38.913
2311264,QUITERIANÓPOLIS,CE,Nordeste,-5.843,-40.7
2305357,ICAPUÍ,CE,Nordeste,-4.712,-37.353
2311231,POTIRETAMA,CE,Nordeste,-5.713,-38.158
2304004,COREAÚ,CE,Nordeste,-3.542,-40.659
2307908,MARTINÓPOLE,CE,Nordeste,-3.225,-40.69
2309706,PACATUBA,CE,Nordeste,-3.978,-38.618
2310803,PEREIRO,CE,Nordeste,-6.036,-38.462
2313807,URUBURETAMA,CE,Nordeste,-3.623,-39.511
2304905,GROAÍRAS,CE,Nordeste,-3.918,-40.385
2312502,SÃO JOÃO DO JAGUARIBE,CE,Nordeste,-5.275,-38.269
2308401,MISSÃO VELHA,CE,Nordeste,-7.235,-39.143
2301000,AQUIRAZ,CE,Nordeste,-3.899,-38.39
2310852,PINDORETAMA,CE,Nordeste,-4.016,-38.306
2304954,GUAIÚBA,CE,Nordeste,-4.041,-38.64
2303600,CATARINA,CE,Nordeste,-6.123,-39.874
2302305,BELA CRUZ,CE,Nordeste,-3.05,-40.167
2307106,JARDIM,CE,Nordeste,-7.576,-39.283
2306702,JAGUARETAMA,CE,Nordeste,-5.605,-38.764
2311306,QUIXADÁ,CE,Nordeste,-4.966,-39.016
2301901,BARBALHA,CE,Nordeste,-7.298,-39.302
2300606,ALTANEIRA,CE,Nordeste,-6.998,-39.736
2310001,PALHANO,CE,Nordeste,-4.737,-37.965
2313005,SOLONÓPOLE,CE,Nordeste,-5.719,-39.011
2303659,CATUNDA,CE,Nordeste,-4.643,-40.2
2305407,ICÓ,CE,Nordeste,-6.396,-38.855
2301950,BARREIRA,CE,Nordeste,-4.289,-38.643
2304103,CRATEÚS,CE,Nordeste,-5.168,-40.654
2309805,PACOTI,CE,Nordeste,-4.225,-38.922
2313906,URUOCA,CE,Nordeste,-3.308,-40.563
2307205,JATI,CE,Nordeste,-7.68,-39.003
2304608,GENERAL SAMPAIO,CE,Nordeste,-4.044,-39.454
2312601,SÃO LUÍS DO CURU,CE,Nordeste,-3.67,-39.239
2313955,VARJOTA,CE,Nordeste,-4.194,-40.474
2308500,MOMBAÇA,CE,Nordeste,-5.738,-39.63
2311801,RUSSAS,CE,Nordeste,-4.927,-37.972
2303709,CAUCAIA,CE,Nordeste,-3.728,-38.662
2304657,GRAÇA,CE,Nordeste,-4.044,-40.749
2310506,PEDRA BRANCA,CE,Nordeste,-5.453,-39.708
2312205,SANTA QUITÉRIA,CE,Nordeste,-4.326,-40.152
2307254,JIJOCA DE JERICOACOARA,CE,Nordeste,-2.793,-40.513
2313559,TURURU,CE,Nordeste,-3.584,-39.43
2309003,MUCAMBO,CE,Nordeste,-3.903,-40.745
2314003,VÁRZEA ALEGRE,CE,Nordeste,-6.783,-39.294
2303303,CARIÚS,CE,Nordeste,-6.524,-39.492
2302008,BARRO,CE,Nordeste,-7.172,-38.774
2305100,GUARAMIRANGA,CE,Nordeste,-4.262,-38.932
2306405,ITAPIPOCA,CE,Nordeste,-3.499,-39.584
2302057,BARROQUINHA,CE,Nordeste,-3.021,-41.136
2311009,PORANGA,CE,Nordeste,-4.747,-40.92
2301604,ASSARÉ,CE,Nordeste,-6.867,-39.869
2302909,CAPISTRANO,CE,Nordeste,-4.456,-38.905
2307700,MARANGUAPE,CE,Nordeste,-3.891,-38.683
2309508,ORÓS,CE,Nordeste,-6.252,-38.905
2311900,SABOEIRO,CE,Nordeste,-6.535,-39.902
2310605,PENAFORTE,CE,Nordeste,-7.822,-39.071
2313609,UBAJARA,CE,Nordeste,-3.854,-40.92
2304707,GRANJA,CE,Nordeste,-3.128,-40.837
2312304,SÃO BENEDITO,CE,Nordeste,-4.047,-40.86
2308203,MERUOCA,CE,Nordeste,-3.54,-40.453
2311959,SALITRE,CE,Nordeste,-7.284,-40.45
2303402,CARNAUBAL,CE,Nordeste,-4.16,-40.941
2302107,BATURITÉ,CE,Nordeste,-4.326,-38.881
2314102,VIÇOSA DO CEARÁ,CE,Nordeste,-3.567,-41.092
2306504,ITAPIÚNA,CE,Nordeste,-4.555,-38.928
2311108,PORTEIRAS,CE,Nordeste,-7.523,-39.114
2301703,AURORA,CE,Nordeste,-6.933,-38.974
2300408,AIUABA,CE,Nordeste,-6.571,-40.118
2306553,ITAREMA,CE,Nordeste,-2.925,-39.917
2305209,HIDROLÂNDIA,CE,Nordeste,-4.41,-40.406
2305266,IBARETAMA,CE,Nordeste,-4.804,-38.75
2307809,MARCO,CE,Nordeste,-3.128,-40.158
2305233,HORIZONTE,CE,Nordeste,-4.121,-38.471
2304806,GRANJEIRO,CE,Nordeste,-6.881,-39.214
2309607,PACAJUS,CE,Nordeste,-4.171,-38.465
2313708,UMARI,CE,Nordeste,-6.639,-38.701
2307007,JAGUARUANA,CE,Nordeste,-4.832,-37.781
2312403,SÃO GONÇALO DO AMARANTE,CE,Nordeste,-3.605,-38.973
2305704,IPAUMIRIM,CE,Nordeste,-6.783,-38.718
2313757,UMIRIM,CE,Nordeste,-3.677,-39.346
2304400,FORTALEZA,CE,Nordeste,-3.717,-38.542
2308302,MILAGRES,CE,Nordeste,-7.297,-38.938
2308377,MIRAÍMA,CE,Nordeste,-3.569,-39.966
2311603,REDENÇÃO,CE,Nordeste,-4.216,-38.728
2308351,MILHÃ,CE,Nordeste,-5.673,-39.188
2304459,FORTIM,CE,Nordeste,-4.451,-37.798
2310308,PARAMBU,CE,Nordeste,-6.208,-40.691
2300903,APUIARÉS,CE,Nordeste,-3.945,-39.436
2313302,TAUÁ,CE,Nordeste,-5.986,-40.297
2313351,TEJUÇUOCA,CE,Nordeste,-3.988,-39.58
2312007,SANTANA DO ACARAÚ,CE,Nordeste,-3.461,-40.212
2303105,CARIRÉ,CE,Nordeste,-3.949,-40.476
2312908,SOBRAL,CE,Nordeste,-3.689,-40.348
2306207,ITAIÇABA,CE,Nordeste,-4.671,-37.833
2308807,MORAÚJO,CE,Nordeste,-3.463,-40.678
2301406,ARATUBA,CE,Nordeste,-4.412,-39.047
2306256,ITAITINGA,CE,Nordeste,-3.966,-38.53
2302701,CAMPOS SALES,CE,Nordeste,-7.068,-40.369
2307502,LAVRAS DA MANGABEIRA,CE,Nordeste,-6.745,-38.971
2309300,NOVA RUSSAS,CE,Nordeste,-4.706,-40.562
2311702,RERIUTABA,CE,Nordeste,-4.142,-40.576
2310407,PARAMOTI,CE,Nordeste,-4.088,-39.242
2313401,TIANGUÁ,CE,Nordeste,-3.73,-40.992
2305803,IPU,CE,Nordeste,-4.317,-40.706
2304509,FRECHEIRINHA,CE,Nordeste,-3.756,-40.818
2312106,SANTANA DO CARIRI,CE,Nordeste,-7.176,-39.73
2308005,MASSAPÊ,CE,Nordeste,-3.524,-40.342
2303204,CARIRIAÇU,CE,Nordeste,-7.028,-39.283
2306306,ITAPAJÉ,CE,Nordeste,-3.683,-39.586
2301505,ARNEIROZ,CE,Nordeste,-6.316,-40.165
2300200,ACARAÚ,CE,Nordeste,-2.888,-40.118
2311355,QUIXELÔ,CE,Nordeste,-6.246,-39.201
2305001,GUARACIABA DO NORTE,CE,Nordeste,-4.158,-40.748
2307601,LIMOEIRO DO NORTE,CE,Nordeste,-5.144,-38.085
2308906,MORRINHOS,CE,Nordeste,-3.234,-40.123
2307635,MADALENA,CE,Nordeste,-4.846,-39.572
2301109,ARACATI,CE,Nordeste,-4.558,-37.768
2310902,PIQUET CARNEIRO,CE,Nordeste,-5.8,-39.417
2302800,CANINDÉ,CE,Nordeste,-4.352,-39.316
2305902,IPUEIRAS,CE,Nordeste,-4.538,-40.712
2307650,MARACANAÚ,CE,Nordeste,-3.867,-38.626
2309409,NOVO ORIENTE,CE,Nordeste,-5.526,-40.771
2309458,OCARA,CE,Nordeste,-4.485,-38.593
2310951,PIRES FERREIRA,CE,Nordeste,-4.239,-40.644
2302404,BOA VIAGEM,CE,Nordeste,-5.113,-39.734
2313500,TRAIRI,CE,Nordeste,-3.269,-39.268
2305506,IGUATU,CE,Nordeste,-6.363,-39.289
2304202,CRATO,CE,Nordeste,-7.215,-39.41
2308104,MAURITI,CE,Nordeste,-7.386,-38.771
2311405,QUIXERAMOBIM,CE,Nordeste,-5.191,-39.289
2304251,CRUZ,CE,Nordeste,-2.918,-40.176
2300705,ALTO SANTO,CE,Nordeste,-5.509,-38.274
2310100,PALMÁCIA,CE,Nordeste,-4.138,-38.845
2313104,TABULEIRO DO NORTE,CE,Nordeste,-5.244,-38.128
2304236,CROATÁ,CE,Nordeste,-4.405,-40.902
2304285,EUSÉBIO,CE,Nordeste,-3.893,-38.456
2304269,DEPUTADO IRAPUAN PINHEIRO,CE,Nordeste,-5.915,-39.257
2304277,ERERÊ,CE,Nordeste,-6.028,-38.346
2306801,JAGUARIBARA,CE,Nordeste,-5.678,-38.536
2309904,PACUJÁ,CE,Nordeste,-3.983,-40.699
2300754,AMONTADA,CE,Nordeste,-3.36,-39.829
2306009,IRACEMA,CE,Nordeste,-5.812,-38.292
2312700,SENADOR POMPEU,CE,Nordeste,-5.582,-39.37
2308609,MONSENHOR TABOSA,CE,Nordeste,-4.791,-40.065
2301208,ARACOIABA,CE,Nordeste,-4.369,-38.812
2301257,ARARENDÁ,CE,Nordeste,-4.746,-40.831
2303808,CEDRO,CE,Nordeste,-6.6,-39.061
2302503,BREJO SANTO,CE,Nordeste,-7.485,-38.98
2307304,JUAZEIRO DO NORTE,CE,Nordeste,-7.196,-39.308
2309102,MULUNGU,CE,Nordeste,-4.303,-38.995
2311504,QUIXERÉ,CE,Nordeste,-5.071,-37.98
2310209,PARACURU,CE,Nordeste,-3.414,-39.03
2300804,ANTONINA DO NORTE,CE,Nordeste,-6.769,-39.987
2313203,TAMBORIL,CE,Nordeste,-4.831,-40.32
2305605,INDEPENDÊNCIA,CE,Nordeste,-5.388,-40.309
2304301,FARIAS BRITO,CE,Nordeste,-6.921,-39.565
2305654,IPAPORANGA,CE,Nordeste,-4.898,-40.754
2306900,JAGUARIBE,CE,Nordeste,-5.902,-38.623
2310258,PARAIPABA,CE,Nordeste,-3.438,-39.148
2304350,FORQUILHA,CE,Nordeste,-3.799,-40.263
2303006,CARIDADE,CE,Nordeste,-4.225,-39.191
2313252,TARRAFAS,CE,Nordeste,-6.678,-39.753
2306108,IRAUÇUBA,CE,Nordeste,-3.747,-39.784
2301307,ARARIPE,CE,Nordeste,-7.213,-40.136
2412609,SÃO PAULO DO POTENGI,RN,Nordeste,-5.899,-35.764
2404309,GOVERNADOR DIX-SEPT ROSADO,RN,Nordeste,-5.449,-37.518
2403004,CRUZETA,RN,Nordeste,-6.409,-36.778
2406700,LAJES,RN,Nordeste,-5.693,-36.247
2413508,SERRINHA,RN,Nordeste,-6.282,-35.5
2405405,JAPI,RN,Nordeste,-6.465,-35.935
2400802,ANGICOS,RN,Nordeste,-5.658,-36.609
2412203,SÃO JOSÉ DE MIPIBU,RN,Nordeste,-6.077,-35.242
2413557,SERRINHA DOS PINTOS,RN,Nordeste,-6.111,-37.955
2403905,FRANCISCO DANTAS,RN,Nordeste,-6.072,-38.121
2408508,OURO BRANCO,RN,Nordeste,-6.696,-36.943
2407203,MACAU,RN,Nordeste,-5.108,-36.632
2409803,PEDRO VELHO,RN,Nordeste,-6.436,-35.219
2407252,MAJOR SALES,RN,Nordeste,-6.399,-38.324
2414001,TANGARÁ,RN,Nordeste,-6.196,-35.799
2404804,IPUEIRA,RN,Nordeste,-6.806,-37.205
2403509,ES,RN,Nordeste,-6.336,-35.305
2404853,ITAJÁ,RN,Nordeste,-5.639,-36.871
2411809,SÃO FERNANDO,RN,Nordeste,-6.38,-37.186
2405900,JOÃO DIAS,RN,Nordeste,-6.272,-37.788
2407708,MONTANHAS,RN,Nordeste,-6.485,-35.284
2402204,CANGUARETAMA,RN,Nordeste,-6.372,-35.128
2410504,RAFAEL FERNANDES,RN,Nordeste,-6.19,-38.221
2404002,FRUTUOSO GOMES,RN,Nordeste,-6.157,-37.837
2412302,SÃO JOSÉ DO CAMPESTRE,RN,Nordeste,-6.311,-35.707
2413607,SEVERIANO MELO,RN,Nordeste,-5.777,-37.957
2401800,BREJINHO,RN,Nordeste,-6.186,-35.359
2411007,RODOLFO FERNANDES,RN,Nordeste,-5.784,-38.058
2406403,LAGOA DE VELHOS,RN,Nordeste,-6.012,-35.873
2414902,VIÇOSA,RN,Nordeste,-5.983,-37.946
2405108,JANDAÍRA,RN,Nordeste,-5.352,-36.128
2408201,NÍSIA FLORESTA,RN,Nordeste,-6.093,-35.199
2400505,ALEXANDRIA,RN,Nordeste,-6.405,-38.014
2401859,CAIÇARA DO NORTE,RN,Nordeste,-5.071,-36.072
2411056,TIBAU,RN,Nordeste,-4.837,-37.255
2414100,TENENTE ANANIAS,RN,Nordeste,-6.458,-38.182
2404903,ITAÚ,RN,Nordeste,-5.836,-37.991
2403608,EXTREMOZ,RN,Nordeste,-5.701,-35.305
2414159,TENENTE LAURENTINO CRUZ,RN,Nordeste,-6.138,-36.714
2409506,PEDRA GRANDE,RN,Nordeste,-5.15,-35.876
2402303,CARAÚBAS,RN,Nordeste,-5.784,-37.559
2410603,RAFAEL GODEIRO,RN,Nordeste,-6.072,-37.716
2401008,APODI,RN,Nordeste,-5.653,-37.795
2411908,SÃO FRANCISCO DO OESTE,RN,Nordeste,-5.975,-38.152
2413706,SÍTIO NOVO,RN,Nordeste,-6.111,-35.909
2407807,MONTE ALEGRE,RN,Nordeste,-6.071,-35.325
2404101,GALINHOS,RN,Nordeste,-5.091,-36.275
2406502,LAGOA NOVA,RN,Nordeste,-6.093,-36.47
2413300,SERRA DE SÃO BENTO,RN,Nordeste,-6.418,-35.703
2405207,JANDUÍS,RN,Nordeste,-6.015,-37.405
2400604,ALMINO AFONSO,RN,Nordeste,-6.147,-37.764
2410256,PORTO DO MANGUE,RN,Nordeste,-5.054,-36.789
2412005,SÃO GONÇALO DO AMARANTE,RN,Nordeste,-5.791,-35.326
2413359,SERRA DO MEL,RN,Nordeste,-5.177,-37.024
2401909,CAIÇARA DO RIO DO VENTO,RN,Nordeste,-5.765,-35.994
2414605,UPANEMA,RN,Nordeste,-5.638,-37.264
2408300,NOVA CRUZ,RN,Nordeste,-6.475,-35.429
2407005,LUÍS GOMES,RN,Nordeste,-6.406,-38.39
2400208,AÇU,RN,Nordeste,-5.584,-36.914
2409605,PEDRA PRETA,RN,Nordeste,-5.574,-36.108
2412906,SÃO TOMÉ,RN,Nordeste,-5.964,-36.08
2401503,BARCELONA,RN,Nordeste,-5.943,-35.925
2404606,IELMO MARINHO,RN,Nordeste,-5.824,-35.55
2403301,ENCANTO,RN,Nordeste,-6.107,-38.303
2411601,SÃO BENTO DO NORTE,RN,Nordeste,-5.093,-35.959
2405702,JARDIM DO SERIDÓ,RN,Nordeste,-6.58,-36.774
2408805,PARAZINHO,RN,Nordeste,-5.223,-35.84
2407500,MAXARANGUAPE,RN,Nordeste,-5.522,-35.263
2410306,SERRA CAIADA,RN,Nordeste,-6.105,-35.711
2402006,CAICÓ,RN,Nordeste,-6.454,-37.107
2402907,CORONEL JOÃO PESSOA,RN,Nordeste,-6.25,-38.444
2412104,SÃO JOÃO DO SABUGI,RN,Nordeste,-6.714,-37.203
2413409,SERRA NEGRA DO NORTE,RN,Nordeste,-6.66,-37.4
2401602,BENTO FERNANDES,RN,Nordeste,-5.699,-35.813
2406205,LAGOA D'ANTA,RN,Nordeste,-6.395,-35.595
2414704,VÁRZEA,RN,Nordeste,-6.346,-35.373
2408003,MOSSORÓ,RN,Nordeste,-5.184,-37.347
2414753,VENHA-VER,RN,Nordeste,-6.32,-38.49
2400307,AFONSO BEZERRA,RN,Nordeste,-5.492,-36.508
2401651,BODÓ,RN,Nordeste,-5.98,-36.417
2404705,IPANGUAÇU,RN,Nordeste,-5.49,-36.85
2403400,EQUADOR,RN,Nordeste,-6.938,-36.717
2405801,JOÃO CÂMARA,RN,Nordeste,-5.541,-35.812
2409332,SANTA MARIA,RN,Nordeste,-5.838,-35.691
2409308,PATU,RN,Nordeste,-6.107,-37.636
2410405,PUREZA,RN,Nordeste,-5.464,-35.555
2402105,CAMPO REDONDO,RN,Nordeste,-6.238,-36.189
2411700,SÃO BENTO DO TRAIRÍ,RN,Nordeste,-6.338,-36.086
2408904,PARELHAS,RN,Nordeste,-6.685,-36.657
2408953,RIO DO FOGO,RN,Nordeste,-5.277,-35.379
2407609,MESSIAS TARGINO,RN,Nordeste,-6.072,-37.516
2410009,PILÕES,RN,Nordeste,-6.264,-38.046
2414407,TOUROS,RN,Nordeste,-5.202,-35.462
2406304,LAGOA DE PEDRAS,RN,Nordeste,-6.151,-35.43
2414803,VERA CRUZ,RN,Nordeste,-6.044,-35.428
2413102,SENADOR ELÓI DE SOUZA,RN,Nordeste,-6.033,-35.698
2405009,JAÇANÃ,RN,Nordeste,-6.419,-36.203
2400406,ÁGUA NOVA,RN,Nordeste,-6.204,-38.294
2402600,CEARÁ-MIRIM,RN,Nordeste,-5.643,-35.425
2401701,BOM JESUS,RN,Nordeste,-5.986,-35.579
2414456,TRIUNFO POTIGUAR,RN,Nordeste,-5.854,-37.179
2408102,NATAL,RN,Nordeste,-5.794,-35.199
2409407,PAU DOS FERROS,RN,Nordeste,-6.105,-38.208
2410900,RIACHUELO,RN,Nordeste,-5.822,-35.822
2412708,SÃO PEDRO,RN,Nordeste,-5.906,-35.632
2401305,AUGUSTO SEVERO,RN,Nordeste,-5.862,-37.313
2404408,GROSSOS,RN,Nordeste,-4.981,-37.162
2403103,CURRAIS NOVOS,RN,Nordeste,-6.255,-36.515
2411403,SANTANA DO MATOS,RN,Nordeste,-5.946,-36.658
2406809,LAJES PINTADAS,RN,Nordeste,-6.149,-36.117
2405504,JARDIM DE ANGICOS,RN,Nordeste,-5.65,-35.971
2408607,PR,RN,Nordeste,-6.476,-38.306
2407302,MARCELINO VIEIRA,RN,Nordeste,-6.285,-38.164
2410108,POÇO BRANCO,RN,Nordeste,-5.622,-35.663
2400901,ANTÔNIO MARTINS,RN,Nordeste,-6.214,-37.883
2411429,SANTANA DO SERIDÓ,RN,Nordeste,-6.766,-36.731
2402709,CERRO CORÁ,RN,Nordeste,-6.035,-36.35
2414506,UMARIZAL,RN,Nordeste,-5.982,-37.818
2413201,SENADOR GEORGINO AVELINO,RN,Nordeste,-6.158,-35.13
2409902,PENDÊNCIAS,RN,Nordeste,-5.256,-36.709
2401404,BAÍA FORMOSA,RN,Nordeste,-6.372,-35.003
2406007,JOSÉ DA PENHA,RN,Nordeste,-6.311,-38.282
2400109,ACARI,RN,Nordeste,-6.428,-36.635
2401453,BARAÚNA,RN,Nordeste,-5.07,-37.613
2409100,PASSA E FICA,RN,Nordeste,-6.43,-35.644
2412807,SÃO RAFAEL,RN,Nordeste,-5.798,-36.878
2404507,GUAMARÉ,RN,Nordeste,-5.106,-36.322
2403202,DOUTOR SEVERIANO,RN,Nordeste,-6.081,-38.379
2406908,LUCRÉCIA,RN,Nordeste,-6.105,-37.813
2415008,VILA FLOR,RN,Nordeste,-6.313,-35.067
2405603,JARDIM DE PIRANHAS,RN,Nordeste,-6.377,-37.35
2410207,PORTALEGRE,RN,Nordeste,-6.021,-37.986
2403251,PARNAMIRIM,RN,Nordeste,-5.911,-35.271
2412401,SÃO JOSÉ DO SERIDÓ,RN,Nordeste,-6.44,-36.875
2411502,SANTO ANTÔNIO,RN,Nordeste,-6.312,-35.474
2408706,PARAÚ,RN,Nordeste,-5.769,-37.103
2407401,MARTINS,RN,Nordeste,-6.083,-37.908
2402808,CORONEL EZEQUIEL,RN,Nordeste,-6.375,-36.222
2411106,RUY BARBOSA,RN,Nordeste,-5.887,-35.933
2414209,TIBAU DO SUL,RN,Nordeste,-6.192,-35.087
2406106,JUCURUTU,RN,Nordeste,-6.031,-37.009
2403707,FELIPE GUERRA,RN,Nordeste,-5.593,-37.688
2403756,FERNANDO PEDROZA,RN,Nordeste,-5.691,-36.528
2406155,JUNDIÁ,RN,Nordeste,-6.269,-35.349
2409209,PASSAGEM,RN,Nordeste,-6.273,-35.37
2407906,MONTE DAS GAMELEIRAS,RN,Nordeste,-6.437,-35.783
2410702,RIACHO DA CRUZ,RN,Nordeste,-5.927,-37.949
2402402,CARNAÚBA DOS DANTAS,RN,Nordeste,-6.55,-36.587
2401107,AREIA BRANCA,RN,Nordeste,-4.953,-37.125
2404200,GOIANINHA,RN,Nordeste,-6.265,-35.194
2412500,SÃO MIGUEL,RN,Nordeste,-6.203,-38.495
2413805,TABOLEIRO GRANDE,RN,Nordeste,-5.919,-38.037
2412559,SÃO MIGUEL DO GOSTOSO,RN,Nordeste,-5.123,-35.635
2411205,SANTA CRUZ,RN,Nordeste,-6.225,-36.019
2406601,LAGOA SALGADA,RN,Nordeste,-6.123,-35.472
2405306,JANUÁRIO CICCO,RN,Nordeste,-6.166,-35.622
2408409,OLHO-D'ÁGUA DO BORGES,RN,Nordeste,-5.949,-37.705
2407104,MACAÍBA,RN,Nordeste,-5.852,-35.355
2400703,ALTO DO RODRIGUES,RN,Nordeste,-5.282,-36.75
2414308,TIMBAÚBA DOS BATISTAS,RN,Nordeste,-6.458,-37.275
2403806,FLORÂNIA,RN,Nordeste,-6.123,-36.823
2413003,SÃO VICENTE,RN,Nordeste,-6.219,-36.683
2409704,PEDRO AVELINO,RN,Nordeste,-5.516,-36.387
2410801,RIACHO DE SANTANA,RN,Nordeste,-6.251,-38.312
2402501,CARNAUBAIS,RN,Nordeste,-5.342,-36.834
2401206,ARÊS,RN,Nordeste,-6.188,-35.161
2413904,TAIPU,RN,Nordeste,-5.631,-35.592
2504108,CARRAPATEIRA,PB,Nordeste,-7.034,-38.34
2509800,MULUNGU,PB,Nordeste,-7.025,-35.46
2511509,PILAR,PB,Nordeste,-7.264,-35.252
2504157,CASSERENGUE,PB,Nordeste,-6.78,-35.818
2501500,BANANEIRAS,PB,Nordeste,-6.748,-35.625
2501534,BARAÚNA,PB,Nordeste,-6.635,-36.26
2508505,LIVRAMENTO,PB,Nordeste,-7.371,-36.949
2501575,BARRA DE SANTANA,PB,Nordeste,-7.518,-35.991
2510204,NOVA OLINDA,PB,Nordeste,-7.472,-38.038
2512002,POCINHOS,PB,Nordeste,-7.067,-36.067
2500205,AGUIAR,PB,Nordeste,-7.092,-38.168
2502003,BELÉM DO BREJO DO CRUZ,PB,Nordeste,-6.185,-37.535
2515906,SERRARIA,PB,Nordeste,-6.816,-35.628
2517209,VIEIRÓPOLIS,PB,Nordeste,-6.507,-38.257
2505907,EMAS,PB,Nordeste,-7.1,-37.716
2507200,ITATUBA,PB,Nordeste,-7.381,-35.638
2508554,LOGRADOURO,PB,Nordeste,-6.612,-35.438
2515930,SERTÃOZINHO,PB,Nordeste,-6.751,-35.437
2508109,LAGOA,PB,Nordeste,-6.586,-37.913
2502052,BERNARDINO BATISTA,PB,Nordeste,-6.446,-38.552
2512036,POÇO DANTAS,PB,Nordeste,-6.399,-38.491
2513307,SANTA HELENA,PB,Nordeste,-6.718,-38.643
2515971,SOBRADO,PB,Nordeste,-7.144,-35.236
2503308,CACHOEIRA DOS ÍNDIOS,PB,Nordeste,-6.914,-38.676
2512077,POÇO DE JOSÉ DE MOURA,PB,Nordeste,-6.564,-38.511
2514602,SÃO JOSÉ DO BONFIM,PB,Nordeste,-7.161,-37.304
2504603,CONDE,PB,Nordeste,-7.257,-34.9
2516409,TACIMA,PB,Nordeste,-6.488,-35.637
2506400,GURINHÉM,PB,Nordeste,-7.123,-35.422
2511608,PILÕES,PB,Nordeste,-6.868,-35.613
2514651,SÃO JOSÉ DO BREJO DO CRUZ,PB,Nordeste,-6.211,-37.36
2501609,BARRA DE SANTA ROSA,PB,Nordeste,-6.718,-36.067
2515104,SÃO SEBASTIÃO DE LAGOA DE ROÇA,PB,Nordeste,-7.11,-35.868
2513356,SANTA INÊS,PB,Nordeste,-7.621,-38.554
2505105,CUITÉ,PB,Nordeste,-6.476,-36.151
2512903,RIO TINTO,PB,Nordeste,-6.804,-35.078
2502904,BREJO DOS SANTOS,PB,Nordeste,-6.371,-37.825
2507705,JUAZEIRINHO,PB,Nordeste,-7.061,-36.579
2510303,NOVA PALMEIRA,PB,Nordeste,-6.671,-36.422
2500304,ALAGOA GRANDE,PB,Nordeste,-7.039,-35.621
2509503,MONTADAS,PB,Nordeste,-7.088,-35.959
2512101,POMBAL,PB,Nordeste,-6.766,-37.8
2502102,BOA VENTURA,PB,Nordeste,-7.41,-38.211
2514701,SÃO JOSÉ DO SABUGI,PB,Nordeste,-6.763,-36.797
2504702,CONGO,PB,Nordeste,-7.791,-36.658
2508208,LAGOA DE DENTRO,PB,Nordeste,-6.672,-35.371
2502151,BOA VISTA,PB,Nordeste,-7.264,-36.236
2513406,SANTA LUZIA,PB,Nordeste,-6.861,-36.918
2515203,SÃO SEBASTIÃO DO UMBUZEIRO,PB,Nordeste,-8.153,-37.014
2503407,CACIMBA DE AREIA,PB,Nordeste,-7.121,-37.156
2505204,CUITEGI,PB,Nordeste,-6.891,-35.522
2516508,TAPEROÁ,PB,Nordeste,-7.206,-36.825
2506509,GURJÃO,PB,Nordeste,-7.248,-36.492
2505238,CUITÉ DE MAMANGUAPE,PB,Nordeste,-6.913,-35.25
2511707,PILÕEZINHOS,PB,Nordeste,-6.843,-35.531
2505279,CURRAL DE CIMA,PB,Nordeste,-6.723,-35.264
2512606,QUIXABA,PB,Nordeste,-7.022,-37.146
2502607,IGARACY,PB,Nordeste,-7.172,-38.148
2507804,JUNCO DO SERIDÓ,PB,Nordeste,-6.993,-36.717
2509602,MONTE HOREBE,PB,Nordeste,-7.204,-38.584
2511301,PIANCÓ,PB,Nordeste,-7.193,-37.929
2501302,AROEIRAS,PB,Nordeste,-7.545,-35.707
2501351,ASSUNÇÃO,PB,Nordeste,-7.072,-36.725
2503902,CAMALAÚ,PB,Nordeste,-7.885,-36.824
2513943,SÃO DOMINGOS DO CARIRI,PB,Nordeste,-7.633,-36.437
2508307,LAGOA SECA,PB,Nordeste,-7.155,-35.849
2513927,SÃO BENTINHO,PB,Nordeste,-6.886,-37.724
2510006,NAZAREZINHO,PB,Nordeste,-6.911,-38.322
2510907,PAULISTA,PB,Nordeste,-6.591,-37.618
2513984,SÃO FRANCISCO,PB,Nordeste,-6.608,-38.097
2515708,SERRA GRANDE,PB,Nordeste,-7.21,-38.365
2517001,UMBUZEIRO,PB,Nordeste,-7.692,-35.658
2505709,DONA INÊS,PB,Nordeste,-6.616,-35.62
2513968,SÃO DOMINGOS,PB,Nordeste,-6.803,-37.949
2509206,MASSARANDUBA,PB,Nordeste,-7.19,-35.785
2513109,SALGADO DE SÃO FÉLIX,PB,Nordeste,-7.353,-35.431
2503100,CABACEIRAS,PB,Nordeste,-7.489,-36.287
2500908,ARARA,PB,Nordeste,-6.828,-35.755
2514404,SÃO JOSÉ DE ESPINHARAS,PB,Nordeste,-6.84,-37.321
2504405,CONCEIÇÃO,PB,Nordeste,-7.551,-38.501
2516201,SOUSA,PB,Nordeste,-6.751,-38.231
2506202,FREI MARTINHO,PB,Nordeste,-6.398,-36.453
2511400,PICUÍ,PB,Nordeste,-6.508,-36.35
2514453,SÃO JOSÉ DOS RAMOS,PB,Nordeste,-7.252,-35.373
2506251,GADO BRAVO,PB,Nordeste,-7.583,-35.79
2501401,BAÍA DA TRAIÇÃO,PB,Nordeste,-6.692,-34.938
2512721,PEDRO RÉGIS,PB,Nordeste,-6.633,-35.297
2513158,SANTA CECÍLIA,PB,Nordeste,-7.739,-35.876
2512705,REMÍGIO,PB,Nordeste,-6.95,-35.801
2502706,BORBOREMA,PB,Nordeste,-6.802,-35.619
2507507,JOÃO PESSOA,PB,Nordeste,-7.115,-34.864
2512762,RIACHÃO DO POÇO,PB,Nordeste,-7.142,-35.291
2512747,RIACHÃO,PB,Nordeste,-6.543,-35.661
2508802,MALTA,PB,Nordeste,-6.897,-37.522
2512754,RIACHÃO DO BACAMARTE,PB,Nordeste,-7.253,-35.669
2510105,NOVA FLORESTA,PB,Nordeste,-6.451,-36.206
2500106,ÁGUA BRANCA,PB,Nordeste,-7.511,-37.636
2512788,RIACHO DE SANTO ANTÔNIO,PB,Nordeste,-7.68,-36.157
2515807,SERRA REDONDA,PB,Nordeste,-7.186,-35.684
2505808,DUAS ESTRADAS,PB,Nordeste,-6.685,-35.418
2508000,JURU,PB,Nordeste,-7.53,-37.815
2514503,SÃO JOSÉ DE PIRANHAS,PB,Nordeste,-7.119,-38.502
2504504,CONDADO,PB,Nordeste,-6.898,-37.606
2509305,MATARACA,PB,Nordeste,-6.597,-35.053
2509370,MATO GROSSO,PB,Nordeste,-6.54,-37.728
2509339,MATINHAS,PB,Nordeste,-7.125,-35.767
2514552,SÃO JOSÉ DE PRINCESA,PB,Nordeste,-7.736,-38.089
2513208,SANTA CRUZ,PB,Nordeste,-6.524,-38.062
2503209,CABEDELO,PB,Nordeste,-6.987,-34.828
2515005,SÃO MIGUEL DE TAIPU,PB,Nordeste,-7.248,-35.202
2505006,CUBATI,PB,Nordeste,-6.867,-36.362
2512804,RIACHO DOS CAVALOS,PB,Nordeste,-6.441,-37.648
2509396,MATURÉIA,PB,Nordeste,-7.262,-37.351
2516300,SUMÉ,PB,Nordeste,-7.662,-36.884
2506301,GUARABIRA,PB,Nordeste,-6.851,-35.485
2510659,PARARI,PB,Nordeste,-7.31,-36.652
2508901,MAMANGUAPE,PB,Nordeste,-6.834,-35.121
2500601,ALHANDRA,PB,Nordeste,-7.43,-34.906
2502409,BONITO DE SANTA FÉ,PB,Nordeste,-7.313,-38.513
2512408,PUXINANÃ,PB,Nordeste,-7.155,-35.954
2507606,JUAREZ TÁVORA,PB,Nordeste,-7.171,-35.569
2501104,AREIA,PB,Nordeste,-6.964,-35.698
2511103,PEDRA LAVRADA,PB,Nordeste,-6.75,-36.476
2501153,AREIA DE BARAÚNAS,PB,Nordeste,-7.117,-36.94
2503704,CAJAZEIRAS,PB,Nordeste,-6.88,-38.558
2513703,SANTA RITA,PB,Nordeste,-7.117,-34.975
2509404,MOGEIRO,PB,Nordeste,-7.285,-35.483
2506806,INGÁ,PB,Nordeste,-7.281,-35.605
2516805,TRIUNFO,PB,Nordeste,-6.571,-38.599
2510709,PASSAGEM,PB,Nordeste,-7.135,-37.043
2505501,VISTA SERRANA,PB,Nordeste,-6.73,-37.57
2515500,SERRA BRANCA,PB,Nordeste,-7.48,-36.666
2503753,CAJAZEIRINHAS,PB,Nordeste,-6.96,-37.801
2509008,MANAÍRA,PB,Nordeste,-7.703,-38.152
2509057,MARCAÇÃO,PB,Nordeste,-6.765,-35.009
2500700,SÃO JOÃO DO RIO DO PEIXE,PB,Nordeste,-6.722,-38.447
2504207,CATINGUEIRA,PB,Nordeste,-7.12,-37.606
2514206,SÃO JOSÉ DA LAGOA TAPADA,PB,Nordeste,-6.936,-38.162
2506004,ESPERANÇA,PB,Nordeste,-7.023,-35.86
2516003,SOLÂNEA,PB,Nordeste,-6.752,-35.664
2509909,NATUBA,PB,Nordeste,-7.635,-35.559
2501203,AREIAL,PB,Nordeste,-7.048,-35.931
2511202,PEDRAS DE FOGO,PB,Nordeste,-7.391,-35.106
2500734,AMPARO,PB,Nordeste,-7.555,-37.063
2502508,BOQUEIRÃO,PB,Nordeste,-7.487,-36.131
2512507,QUEIMADAS,PB,Nordeste,-7.35,-35.903
2507309,JACARAÚ,PB,Nordeste,-6.615,-35.289
2500775,APARECIDA,PB,Nordeste,-6.785,-38.08
2508604,LUCENA,PB,Nordeste,-6.903,-34.875
2503803,CALDAS BRANDÃO,PB,Nordeste,-7.103,-35.327
2513802,SANTA TERESINHA,PB,Nordeste,-7.08,-37.444
2515609,SERRA DA RAIZ,PB,Nordeste,-6.685,-35.438
2505600,DIAMANTE,PB,Nordeste,-7.417,-38.261
2513851,SANTO ANDRÉ,PB,Nordeste,-7.22,-36.621
2506905,ITABAIANA,PB,Nordeste,-7.332,-35.332
2516904,UIRAÚNA,PB,Nordeste,-6.515,-38.413
2510808,PATOS,PB,Nordeste,-7.017,-37.275
2504306,CATOLÉ DO ROCHA,PB,Nordeste,-6.341,-37.747
2514305,SÃO JOSÉ DE CAIANA,PB,Nordeste,-7.246,-38.299
2509107,MARI,PB,Nordeste,-7.059,-35.318
2509156,MARIZÓPOLIS,PB,Nordeste,-6.827,-38.353
2503001,CAAPORÃ,PB,Nordeste,-7.514,-34.906
2513000,SALGADINHO,PB,Nordeste,-7.101,-36.846
2504355,CATURITÉ,PB,Nordeste,-7.417,-36.031
2501708,BARRA DE SÃO MIGUEL,PB,Nordeste,-7.746,-36.321
2500809,ARAÇAGI,PB,Nordeste,-6.844,-35.374
2510402,OLHO D'ÁGUA,PB,Nordeste,-7.221,-37.741
2506103,FAGUNDES,PB,Nordeste,-7.345,-35.793
2516102,SOLEDADE,PB,Nordeste,-7.058,-36.367
2508703,MÃE D'ÁGUA,PB,Nordeste,-7.252,-37.432
2516151,SOSSÊGO,PB,Nordeste,-6.771,-36.254
2500403,ALAGOA NOVA,PB,Nordeste,-7.054,-35.759
2513901,SÃO BENTO,PB,Nordeste,-6.485,-37.449
2512200,PRATA,PB,Nordeste,-7.688,-37.08
2502201,BOM JESUS,PB,Nordeste,-6.816,-38.645
2507408,JERICÓ,PB,Nordeste,-6.546,-37.804
2513505,SANTANA DE MANGUEIRA,PB,Nordeste,-7.547,-38.324
2503506,CACIMBA DE DENTRO,PB,Nordeste,-6.639,-35.778
2507002,ITAPORANGA,PB,Nordeste,-7.302,-38.15
2514800,SÃO JOSÉ DOS CORDEIROS,PB,Nordeste,-7.388,-36.809
2504801,COREMAS,PB,Nordeste,-7.007,-37.935
2516607,TAVARES,PB,Nordeste,-7.627,-37.871
2506608,IBIARA,PB,Nordeste,-7.48,-38.406
2511806,PIRPIRITUBA,PB,Nordeste,-6.779,-35.491
2501807,BAYEUX,PB,Nordeste,-7.124,-34.929
2504850,COXIXOLA,PB,Nordeste,-7.624,-36.606
2510501,OLIVEDOS,PB,Nordeste,-6.984,-36.241
2515302,SAPÉ,PB,Nordeste,-7.094,-35.228
2505303,CURRAL VELHO,PB,Nordeste,-7.531,-38.196
2503555,CACIMBAS,PB,Nordeste,-7.207,-37.06
2505352,DAMIÃO,PB,Nordeste,-6.632,-35.91
2507903,JURIPIRANGA,PB,Nordeste,-7.362,-35.232
2500502,ALAGOINHA,PB,Nordeste,-6.947,-35.533
2504033,CAPIM,PB,Nordeste,-6.916,-35.167
2514008,SÃO JOÃO DO CARIRI,PB,Nordeste,-7.382,-36.535
2504009,CAMPINA GRANDE,PB,Nordeste,-7.222,-35.873
2504074,CARAÚBAS,PB,Nordeste,-7.72,-36.492
2509701,MONTEIRO,PB,Nordeste,-7.884,-37.118
2511004,PEDRA BRANCA,PB,Nordeste,-7.422,-38.069
2501005,ARARUNA,PB,Nordeste,-6.548,-35.75
2500536,ALCANTIL,PB,Nordeste,-7.737,-36.051
2512309,PRINCESA ISABEL,PB,Nordeste,-7.732,-37.989
2502300,BOM SUCESSO,PB,Nordeste,-6.442,-37.923
2517100,VÁRZEA,PB,Nordeste,-6.762,-36.991
2507101,ITAPOROROCA,PB,Nordeste,-6.824,-35.241
2514909,SÃO MAMEDE,PB,Nordeste,-6.924,-37.095
2500577,ALGODÃO DE JANDAÍRA,PB,Nordeste,-6.893,-36.013
2504900,CRUZ DO ES,PB,Nordeste,-7.139,-35.086
2508406,LASTRO,PB,Nordeste,-6.506,-38.174
2513604,SANTANA DOS GARROTES,PB,Nordeste,-7.382,-37.982
2503605,CAIÇARA,PB,Nordeste,-6.621,-35.458
2515401,SÃO VICENTE DO SERIDÓ,PB,Nordeste,-6.854,-36.412
2513653,JOCA CLAUDINO,PB,Nordeste,-6.484,-38.476
2505402,DESTERRO,PB,Nordeste,-7.287,-37.093
2516706,TEIXEIRA,PB,Nordeste,-7.221,-37.252
2506707,IMACULADA,PB,Nordeste,-7.389,-37.508
2511905,PITIMBU,PB,Nordeste,-7.466,-34.815
2501906,BELÉM,PB,Nordeste,-6.743,-35.517
2510600,OURO VELHO,PB,Nordeste,-7.616,-37.152
2516755,TENÓRIO,PB,Nordeste,-6.939,-36.627
2514107,SÃO JOÃO DO TIGRE,PB,Nordeste,-8.077,-36.855
2502805,BREJO DO CRUZ,PB,Nordeste,-6.342,-37.494
2611903,RIO FORMOSO,PE,Nordeste,-8.659,-35.153
2602100,BOM CONSELHO,PE,Nordeste,-9.169,-36.686
2610202,PANELAS,PE,Nordeste,-8.661,-36.013
2612802,SANTA TEREZINHA,PE,Nordeste,-7.377,-37.479
2611507,QUIPAPÁ,PE,Nordeste,-8.812,-36.014
2605202,ESCADA,PE,Nordeste,-8.357,-35.224
2607802,ITAQUITINGA,PE,Nordeste,-7.664,-35.1
2611533,QUIXABA,PE,Nordeste,-7.707,-37.845
2603926,CARNAUBEIRA DA PENHA,PE,Nordeste,-8.318,-38.751
2614600,TABIRA,PE,Nordeste,-7.584,-37.538
2606507,IATI,PE,Nordeste,-9.046,-36.85
2615201,TERRA NOVA,PE,Nordeste,-8.222,-39.383
2613305,SÃO JOAQUIM DO MONTE,PE,Nordeste,-8.432,-35.803
2603900,CARNAÍBA,PE,Nordeste,-7.793,-37.795
2600203,AFRÂNIO,PE,Nordeste,-8.511,-41.01
2612000,SAIRÉ,PE,Nordeste,-8.329,-35.697
2602605,BREJO DA MADRE DE DEUS,PE,Nordeste,-8.149,-36.374
2601300,BARRA DE GUABIRABA,PE,Nordeste,-8.421,-35.658
2606101,GLÓRIA DO GOITÁ,PE,Nordeste,-8.006,-35.29
2609204,MARAIAL,PE,Nordeste,-8.791,-35.827
2610301,PARANATAMA,PE,Nordeste,-8.919,-36.655
2616183,VERTENTE DO LÉRIO,PE,Nordeste,-7.771,-35.849
2604403,CHÃ DE ALEGRIA,PE,Nordeste,-8.007,-35.204
2603108,CACHOEIRINHA,PE,Nordeste,-8.487,-36.24
2605707,FLORESTA,PE,Nordeste,-8.603,-38.569
2615706,TRIUNFO,PE,Nordeste,-7.833,-38.098
2612901,SÃO BENEDITO DO SUL,PE,Nordeste,-8.817,-35.945
2611606,RECIFE,PE,Nordeste,-8.047,-34.877
2614709,TACAIMBÓ,PE,Nordeste,-8.309,-36.3
2613404,SÃO JOSÉ DA COROA GRANDE,PE,Nordeste,-8.889,-35.151
2608800,LAJEDO,PE,Nordeste,-8.658,-36.329
2600302,AGRESTINA,PE,Nordeste,-8.46,-35.945
2606200,GOIANA,PE,Nordeste,-7.561,-34.996
2616209,VERTENTES,PE,Nordeste,-7.902,-35.968
2607505,ITAÍBA,PE,Nordeste,-8.946,-37.417
2609303,MIRANDIBA,PE,Nordeste,-8.121,-38.739
2612109,SALGADINHO,PE,Nordeste,-7.927,-35.65
2602704,BUENOS AIRES,PE,Nordeste,-7.724,-35.318
2601409,BARREIROS,PE,Nordeste,-8.816,-35.183
2604502,CHÃ GRANDE,PE,Nordeste,-8.238,-35.457
2603207,CAETÉS,PE,Nordeste,-8.78,-36.627
2608008,JATAÚBA,PE,Nordeste,-7.977,-36.494
2608057,JATOBÁ,PE,Nordeste,-9.175,-38.261
2613909,SERRA TALHADA,PE,Nordeste,-7.982,-38.289
2605806,FREI MIGUELINHO,PE,Nordeste,-7.939,-35.911
2615805,TUPANATINGA,PE,Nordeste,-8.748,-37.344
2608909,LIMOEIRO,PE,Nordeste,-7.873,-35.44
2600807,ALTINHO,PE,Nordeste,-8.485,-36.064
2610004,PALMARES,PE,Nordeste,-8.684,-35.589
2612604,SANTA MARIA DA BOA VISTA,PE,Nordeste,-8.798,-39.824
2604155,CASINHAS,PE,Nordeste,-7.741,-35.721
2611309,POMBOS,PE,Nordeste,-8.14,-35.397
2601904,BEZERROS,PE,Nordeste,-8.233,-35.796
2607604,ILHA DE ITAMARACÁ,PE,Nordeste,-7.748,-34.83
2610905,PESQUEIRA,PE,Nordeste,-8.358,-36.698
2607653,ITAMBÉ,PE,Nordeste,-7.414,-35.096
2606309,GRANITO,PE,Nordeste,-7.707,-39.615
2616308,VICÊNCIA,PE,Nordeste,-7.657,-35.314
2614402,SOLIDÃO,PE,Nordeste,-7.595,-37.645
2615003,TAQUARITINGA DO NORTE,PE,Nordeste,-7.894,-36.042
2613107,SÃO CAITANO,PE,Nordeste,-8.338,-36.287
2603702,CANHOTINHO,PE,Nordeste,-8.877,-36.198
2607208,IPOJUCA,PE,Nordeste,-8.393,-35.061
2600054,ABREU E LIMA,PE,Nordeste,-7.901,-34.898
2602407,BREJÃO,PE,Nordeste,-9.029,-36.566
2601102,ARARIPINA,PE,Nordeste,-7.571,-40.494
2609006,MACAPARANA,PE,Nordeste,-7.556,-35.443
2600906,AMARAJI,PE,Nordeste,-8.377,-35.45
2610103,PALMEIRINA,PE,Nordeste,-9.011,-36.324
2604205,CATENDE,PE,Nordeste,-8.675,-35.702
2606804,IGARASSU,PE,Nordeste,-7.829,-34.901
2615508,TRACUNHAÉM,PE,Nordeste,-7.802,-35.231
2605509,FERREIROS,PE,Nordeste,-7.447,-35.237
2609907,OURICURI,PE,Nordeste,-7.879,-40.08
2612703,SANTA MARIA DO CAMBUCÁ,PE,Nordeste,-7.837,-35.894
2611408,PRIMAVERA,PE,Nordeste,-8.33,-35.354
2614501,SURUBIM,PE,Nordeste,-7.847,-35.748
2613206,SÃO JOÃO,PE,Nordeste,-8.876,-36.365
2603801,CAPOEIRAS,PE,Nordeste,-8.734,-36.631
2608602,LAGOA DO OURO,PE,Nordeste,-9.126,-36.458
2600104,AFOGADOS DA INGAZEIRA,PE,Nordeste,-7.743,-37.631
2616001,VENTUROSA,PE,Nordeste,-8.579,-36.874
2606002,GARANHUNS,PE,Nordeste,-8.882,-36.497
2607307,IPUBI,PE,Nordeste,-7.645,-40.148
2609105,MACHADOS,PE,Nordeste,-7.688,-35.511
2610608,PAUDALHO,PE,Nordeste,-7.903,-35.172
2602506,BREJINHO,PE,Nordeste,-7.347,-37.286
2601201,ARCOVERDE,PE,Nordeste,-8.415,-37.058
2609154,MANARI,PE,Nordeste,-8.965,-37.631
2604304,CEDRO,PE,Nordeste,-7.712,-39.237
2603009,CABROBÓ,PE,Nordeste,-8.505,-39.309
2606903,IGUARACY,PE,Nordeste,-7.832,-37.508
2615607,TRINDADE,PE,Nordeste,-7.759,-40.265
2613701,SÃO LOURENÇO DA MATA,PE,Nordeste,-8.007,-35.012
2605608,FLORES,PE,Nordeste,-7.858,-37.971
2608701,LAGOA DOS GATOS,PE,Nordeste,-8.66,-35.904
2600609,ALAGOINHA,PE,Nordeste,-8.466,-36.779
2608750,LAGOA GRANDE,PE,Nordeste,-8.995,-40.277
2612406,SANHARÓ,PE,Nordeste,-8.361,-36.57
2611101,PETROLINA,PE,Nordeste,-9.389,-40.503
2601706,BELO JARDIM,PE,Nordeste,-8.331,-36.426
2608305,JUPI,PE,Nordeste,-8.709,-36.413
2607406,ITACURUBA,PE,Nordeste,-8.822,-38.697
2609600,OLINDA,PE,Nordeste,-8.01,-34.855
2612471,SANTA CRUZ DA BAIXA VERDE,PE,Nordeste,-7.813,-38.148
2610707,PAULISTA,PE,Nordeste,-7.934,-34.868
2616100,VERDEJANTE,PE,Nordeste,-7.922,-38.97
2604809,CORTÊS,PE,Nordeste,-8.474,-35.547
2612455,SANTA CRUZ,PE,Nordeste,-8.242,-40.343
2614204,SIRINHAÉM,PE,Nordeste,-8.588,-35.113
2603504,CAMOCIM DE SÃO FÉLIX,PE,Nordeste,-8.359,-35.765
2607000,INAJÁ,PE,Nordeste,-8.902,-37.835
2602209,BOM JARDIM,PE,Nordeste,-7.797,-35.578
2613800,SÃO VICENTE FERRER,PE,Nordeste,-7.59,-35.481
2607901,JABOATÃO DOS GUARARAPES,PE,Nordeste,-8.113,-35.015
2600708,ALIANÇA,PE,Nordeste,-7.604,-35.223
2604007,CARPINA,PE,Nordeste,-7.846,-35.251
2607950,JAQUEIRA,PE,Nordeste,-8.726,-35.794
2615300,TIMBAÚBA,PE,Nordeste,-7.505,-35.312
2606606,IBIMIRIM,PE,Nordeste,-8.54,-37.703
2605301,EXU,PE,Nordeste,-7.504,-39.724
2609709,OROBÓ,PE,Nordeste,-7.746,-35.596
2612505,SANTA CRUZ DO CAPIBARIBE,PE,Nordeste,-7.948,-36.206
2611200,POÇÃO,PE,Nordeste,-8.187,-36.711
2601805,BETÂNIA,PE,Nordeste,-8.268,-38.035
2604908,CUMARU,PE,Nordeste,-8.008,-35.696
2612554,SANTA FILOMENA,PE,Nordeste,-8.167,-40.608
2614303,MOREILÂNDIA,PE,Nordeste,-7.619,-39.546
2613008,SÃO BENTO DO UNA,PE,Nordeste,-8.526,-36.447
2603603,CAMUTANGA,PE,Nordeste,-7.405,-35.266
2608404,JUREMA,PE,Nordeste,-8.707,-36.135
2608453,LAGOA DO CARRO,PE,Nordeste,-7.844,-35.311
2610806,PEDRA,PE,Nordeste,-8.496,-36.94
2607109,INGAZEIRA,PE,Nordeste,-7.669,-37.458
2610400,PARNAMIRIM,PE,Nordeste,-8.087,-39.58
2602308,BONITO,PE,Nordeste,-8.472,-35.729
2601003,ANGELIM,PE,Nordeste,-8.884,-36.29
2604106,CARUARU,PE,Nordeste,-8.285,-35.97
2611705,RIACHO DAS ALMAS,PE,Nordeste,-8.137,-35.865
2601052,ARAÇOIABA,PE,Nordeste,-7.784,-35.081
2614808,TACARATU,PE,Nordeste,-9.098,-38.15
2605004,CUPIRA,PE,Nordeste,-8.624,-35.952
2615409,TORITAMA,PE,Nordeste,-8.01,-36.064
2606705,IBIRAJUBA,PE,Nordeste,-8.576,-36.181
2613503,SÃO JOSÉ DO BELMONTE,PE,Nordeste,-7.857,-38.758
2614857,TAMANDARÉ,PE,Nordeste,-8.757,-35.103
2605400,FEIRA NOVA,PE,Nordeste,-7.947,-35.38
2608503,LAGOA DE ITAENGA,PE,Nordeste,-7.93,-35.287
2600401,ÁGUA PRETA,PE,Nordeste,-8.706,-35.526
2609808,OROCÓ,PE,Nordeste,-8.61,-39.603
2612208,SALGUEIRO,PE,Nordeste,-8.074,-39.125
2602803,BUÍQUE,PE,Nordeste,-8.62,-37.161
2605459,FERNANDO DE NORONHA,PE,Nordeste,-3.84,-32.411
2601508,BELÉM DE MARIA,PE,Nordeste,-8.625,-35.834
2608107,JOÃO ALFREDO,PE,Nordeste,-7.866,-35.579
2609402,MORENO,PE,Nordeste,-8.109,-35.084
2610509,PASSIRA,PE,Nordeste,-7.997,-35.581
2614006,SERRITA,PE,Nordeste,-7.94,-39.295
2604601,CONDADO,PE,Nordeste,-7.588,-35.1
2603306,CALÇADO,PE,Nordeste,-8.731,-36.337
2615904,TUPARETAMA,PE,Nordeste,-7.6,-37.316
2605905,GAMELEIRA,PE,Nordeste,-8.58,-35.385
2602001,BODOCÓ,PE,Nordeste,-7.778,-39.934
2611804,RIBEIRÃO,PE,Nordeste,-8.51,-35.37
2605103,CUSTÓDIA,PE,Nordeste,-8.085,-37.644
2613602,SÃO JOSÉ DO EGITO,PE,Nordeste,-7.469,-37.274
2605152,DORMENTES,PE,Nordeste,-8.441,-40.766
2600500,ÁGUAS BELAS,PE,Nordeste,-9.111,-37.123
2606408,GRAVATÁ,PE,Nordeste,-8.211,-35.568
2615102,TEREZINHA,PE,Nordeste,-9.056,-36.627
2607703,ITAPETIM,PE,Nordeste,-7.372,-37.186
2609501,NAZARÉ DA MATA,PE,Nordeste,-7.741,-35.219
2612307,SALOÁ,PE,Nordeste,-8.972,-36.691
2602902,CABO DE SANTO AGOSTINHO,PE,Nordeste,-8.282,-35.025
2611002,PETROLÂNDIA,PE,Nordeste,-9.069,-38.303
2601607,BELÉM DO SÃO FRANCISCO,PE,Nordeste,-8.75,-38.962
2614105,SERTÂNIA,PE,Nordeste,-8.068,-37.268
2604700,CORRENTES,PE,Nordeste,-9.121,-36.324
2607752,ITAPISSUMA,PE,Nordeste,-7.768,-34.897
2603405,CALUMBI,PE,Nordeste,-7.936,-38.148
2608206,JOAQUIM NABUCO,PE,Nordeste,-8.623,-35.529
2608255,JUCATI,PE,Nordeste,-8.702,-36.487
2603454,CAMARAGIBE,PE,Nordeste,-8.024,-34.978
2708600,SÃO MIGUEL DOS CAMPOS,AL,Nordeste,-9.783,-36.097
2701407,CAMPO ALEGRE,AL,Nordeste,-9.785,-36.352
2700102,ÁGUA BRANCA,AL,Nordeste,-9.262,-37.938
2703205,IGREJA NOVA,AL,Nordeste,-10.123,-36.66
2709103,TAQUARANA,AL,Nordeste,-9.645,-36.493
2709152,TEOTÔNIO VILELA,AL,Nordeste,-9.917,-36.349
2701902,CHÃ PRETA,AL,Nordeste,-9.256,-36.298
2705804,OLHO D'ÁGUA DO CASADO,AL,Nordeste,-9.504,-37.83
2704500,MARAGOGI,AL,Nordeste,-9.007,-35.227
2707602,QUEBRANGULO,AL,Nordeste,-9.32,-36.469
2700607,BARRA DE SÃO MIGUEL,AL,Nordeste,-9.838,-35.906
2704104,LAGOA DA CANOA,AL,Nordeste,-9.833,-36.741
2707206,POÇO DAS TRINCHEIRAS,AL,Nordeste,-9.307,-37.289
2701100,BRANQUINHA,AL,Nordeste,-9.233,-36.016
2702405,DELMIRO GOUVEIA,AL,Nordeste,-9.385,-37.999
2708303,SÃO JOSÉ DA LAJE,AL,Nordeste,-9.013,-36.051
2703700,JARAMATAIA,AL,Nordeste,-9.662,-37.005
2703759,JEQUIÁ DA PRAIA,AL,Nordeste,-10.013,-36.014
2706802,PIAÇABUÇU,AL,Nordeste,-10.406,-36.434
2705507,MURICI,AL,Nordeste,-9.307,-35.943
2704203,LIMOEIRO DE ANADIA,AL,Nordeste,-9.741,-36.512
2706000,OLIVENÇA,AL,Nordeste,-9.52,-37.195
2700706,BATALHA,AL,Nordeste,-9.674,-37.133
2702504,DOIS RIACHOS,AL,Nordeste,-9.385,-37.096
2707305,PORTO CALVO,AL,Nordeste,-9.052,-35.399
2708402,SÃO JOSÉ DA TAPERA,AL,Nordeste,-9.558,-37.383
2702553,ESTRELA DE ALAGOAS,AL,Nordeste,-9.391,-36.764
2701209,CACIMBINHAS,AL,Nordeste,-9.401,-36.991
2703809,JOAQUIM GOMES,AL,Nordeste,-9.133,-35.747
2706901,PILAR,AL,Nordeste,-9.601,-35.954
2703007,IBATEGUARA,AL,Nordeste,-8.978,-35.937
2701704,CAPELA,AL,Nordeste,-9.415,-36.083
2705606,NOVO LINO,AL,Nordeste,-8.942,-35.664
2704302,MACEIÓ,AL,Nordeste,-9.666,-35.735
2700409,ATALAIA,AL,Nordeste,-9.512,-36.009
2705200,MESSIAS,AL,Nordeste,-9.394,-35.839
2707008,PINDOBA,AL,Nordeste,-9.474,-36.292
2708956,SENADOR RUI PALMEIRA,AL,Nordeste,-9.47,-37.458
2703502,JACUÍPE,AL,Nordeste,-8.84,-35.459
2702207,COQUEIRO SECO,AL,Nordeste,-9.637,-35.799
2709400,VIÇOSA,AL,Nordeste,-9.368,-36.243
2704807,MARIBONDO,AL,Nordeste,-9.584,-36.304
2708105,SANTANA DO MUNDAÚ,AL,Nordeste,-9.171,-36.218
2707909,SANTA LUZIA DO NORTE,AL,Nordeste,-9.604,-35.823
2706604,PAULO JACINTO,AL,Nordeste,-9.368,-36.367
2701803,CARNEIROS,AL,Nordeste,-9.485,-37.377
2705309,MINADOR DO NEGRÃO,AL,Nordeste,-9.312,-36.87
2704005,JUNQUEIRO,AL,Nordeste,-9.907,-36.48
2700508,BARRA DE SANTO ANTÔNIO,AL,Nordeste,-9.402,-35.51
2703601,JAPARATINGA,AL,Nordeste,-9.087,-35.263
2702306,CORURIPE,AL,Nordeste,-10.128,-36.172
2707107,PIRANHAS,AL,Nordeste,-9.624,-37.757
2708204,SÃO BRÁS,AL,Nordeste,-10.114,-36.852
2702355,CRAÍBAS,AL,Nordeste,-9.618,-36.77
2704906,MAR VERMELHO,AL,Nordeste,-9.447,-36.388
2706703,PENEDO,AL,Nordeste,-10.287,-36.582
2701001,BOCA DA MATA,AL,Nordeste,-9.643,-36.212
2706307,PALMEIRA DOS ÍNDIOS,AL,Nordeste,-9.406,-36.633
2701506,CAMPO GRANDE,AL,Nordeste,-9.955,-36.793
2705408,MONTEIRÓPOLIS,AL,Nordeste,-9.604,-37.251
2702801,FLEXEIRAS,AL,Nordeste,-9.273,-35.714
2708709,SÃO MIGUEL DOS MILAGRES,AL,Nordeste,-9.265,-35.376
2700201,ANADIA,AL,Nordeste,-9.685,-36.308
2705002,MATA GRANDE,AL,Nordeste,-9.118,-37.732
2703304,INHAPI,AL,Nordeste,-9.226,-37.751
2702009,COITÉ DO NÓIA,AL,Nordeste,-9.633,-36.584
2705903,OLHO D'ÁGUA GRANDE,AL,Nordeste,-10.057,-36.81
2709202,TRAIPU,AL,Nordeste,-9.963,-37.007
2704609,MARAVILHA,AL,Nordeste,-9.23,-37.352
2706422,PARICONHA,AL,Nordeste,-9.256,-37.999
2702900,GIRAU DO PONCIANO,AL,Nordeste,-9.884,-36.832
2707701,RIO LARGO,AL,Nordeste,-9.478,-35.839
2706406,PÃO DE AÇÚCAR,AL,Nordeste,-9.74,-37.44
2708808,SÃO SEBASTIÃO,AL,Nordeste,-9.93,-36.559
2701605,CANAPI,AL,Nordeste,-9.119,-37.597
2706448,PARIPUEIRA,AL,Nordeste,-9.463,-35.552
2705101,MATRIZ DE CAMARAGIBE,AL,Nordeste,-9.154,-35.524
2700300,ARAPIRACA,AL,Nordeste,-9.755,-36.661
2703403,JACARÉ DOS HOMENS,AL,Nordeste,-9.635,-37.208
2702108,COLÔNIA LEOPOLDINA,AL,Nordeste,-8.918,-35.721
2709301,UNIÃO DOS PALMARES,AL,Nordeste,-9.159,-36.022
2708006,SANTANA DO IPANEMA,AL,Nordeste,-9.37,-37.248
2704708,MARECHAL DEODORO,AL,Nordeste,-9.71,-35.897
2707800,ROTEIRO,AL,Nordeste,-9.835,-35.978
2706505,PASSO DE CAMARAGIBE,AL,Nordeste,-9.245,-35.474
2700805,BELÉM,AL,Nordeste,-9.57,-36.49
2707404,PORTO DE PEDRAS,AL,Nordeste,-9.16,-35.305
2706109,OURO BRANCO,AL,Nordeste,-9.159,-37.356
2708907,SATUBA,AL,Nordeste,-9.569,-35.823
2701308,CAJUEIRO,AL,Nordeste,-9.399,-36.156
2702603,FEIRA GRANDE,AL,Nordeste,-9.899,-36.681
2708501,SÃO LUÍS DO QUITUNDE,AL,Nordeste,-9.318,-35.561
2701357,CAMPESTRE,AL,Nordeste,-8.847,-35.569
2703908,JUNDIÁ,AL,Nordeste,-8.933,-35.567
2703106,IGACI,AL,Nordeste,-9.538,-36.637
2709004,TANQUE D'ARCA,AL,Nordeste,-9.534,-36.437
2705705,OLHO D'ÁGUA DAS FLORES,AL,Nordeste,-9.537,-37.297
2704401,MAJOR ISIDORO,AL,Nordeste,-9.53,-36.992
2700904,BELO MONTE,AL,Nordeste,-9.823,-37.277
2702702,FELIZ DESERTO,AL,Nordeste,-10.293,-36.303
2707503,PORTO REAL DO COLÉGIO,AL,Nordeste,-10.185,-36.838
2706208,PALESTINA,AL,Nordeste,-9.675,-37.339
2802700,ILHA DAS FLORES,SE,Nordeste,-10.443,-36.548
2806206,SALGADO,SE,Nordeste,-11.029,-37.48
2805802,RIACHÃO DO DANTAS,SE,Nordeste,-11.073,-37.731
2804508,NOSSA SENHORA DA GLÓRIA,SE,Nordeste,-10.216,-37.421
2805406,POÇO REDONDO,SE,Nordeste,-9.806,-37.683
2800605,BARRA DOS COQUEIROS,SE,Nordeste,-10.9,-37.032
2804102,MOITA BONITA,SE,Nordeste,-10.577,-37.351
2801900,CUMBE,SE,Nordeste,-10.352,-37.185
2800670,BOQUIM,SE,Nordeste,-11.14,-37.62
2801108,CANHOBA,SE,Nordeste,-10.136,-36.981
2803708,MACAMBIRA,SE,Nordeste,-10.662,-37.541
2807204,SIRIRI,SE,Nordeste,-10.597,-37.113
2802403,GARARU,SE,Nordeste,-9.972,-37.087
2804201,MONTE ALEGRE DE SERGIPE,SE,Nordeste,-10.026,-37.562
2805505,POÇO VERDE,SE,Nordeste,-10.715,-38.181
2800704,BREJO GRANDE,SE,Nordeste,-10.43,-36.461
2806800,SÃO DOMINGOS,SE,Nordeste,-10.792,-37.569
2801207,CANINDÉ DE SÃO FRANCISCO,SE,Nordeste,-9.649,-37.792
2807303,TELHA,SE,Nordeste,-10.206,-36.882
2802502,GENERAL MAYNARD,SE,Nordeste,-10.684,-36.984
2806008,RIBEIRÓPOLIS,SE,Nordeste,-10.536,-37.438
2803807,MALHADA DOS BOIS,SE,Nordeste,-10.342,-36.925
2805604,PORTO DA FOLHA,SE,Nordeste,-9.916,-37.284
2806909,SÃO FRANCISCO,SE,Nordeste,-10.344,-36.887
2805208,PINHÃO,SE,Nordeste,-10.568,-37.724
2800407,ARAUÁ,SE,Nordeste,-11.261,-37.62
2801702,CRISTINÁPOLIS,SE,Nordeste,-11.467,-37.758
2806503,SANTA ROSA DE LIMA,SE,Nordeste,-10.643,-37.193
2804805,NOSSA SENHORA DO SOCORRO,SE,Nordeste,-10.847,-37.123
2803500,LAGARTO,SE,Nordeste,-10.914,-37.669
2807006,SÃO MIGUEL DO ALEIXO,SE,Nordeste,-10.385,-37.384
2802205,FEIRA NOVA,SE,Nordeste,-10.262,-37.315
2804003,MARUIM,SE,Nordeste,-10.731,-37.086
2805307,PIRAMBU,SE,Nordeste,-10.722,-36.854
2800506,AREIA BRANCA,SE,Nordeste,-10.758,-37.325
2806602,SANTO AMARO DAS BROTAS,SE,Nordeste,-10.789,-37.056
2801009,CAMPO DO BRITO,SE,Nordeste,-10.739,-37.495
2804904,PACATUBA,SE,Nordeste,-10.454,-36.653
2807105,SIMÃO DIAS,SE,Nordeste,-10.739,-37.81
2802304,FREI PAULO,SE,Nordeste,-10.551,-37.528
2803609,LARANJEIRAS,SE,Nordeste,-10.798,-37.173
2803203,ITAPORANGA D'AJUDA,SE,Nordeste,-10.99,-37.308
2806701,SÃO CRISTÓVÃO,SE,Nordeste,-11.008,-37.204
2805000,PEDRA MOLE,SE,Nordeste,-10.613,-37.692
2800209,AQUIDABÃ,SE,Nordeste,-10.278,-37.015
2801504,CARMÓPOLIS,SE,Nordeste,-10.645,-36.989
2806305,SANTA LUZIA DO ITANHY,SE,Nordeste,-11.354,-37.459
2807600,UMBAÚBA,SE,Nordeste,-11.381,-37.662
2802809,INDIAROBA,SE,Nordeste,-11.516,-37.515
2804607,NOSSA SENHORA DAS DORES,SE,Nordeste,-10.485,-37.196
2805901,RIACHUELO,SE,Nordeste,-10.735,-37.197
2803302,JAPARATUBA,SE,Nordeste,-10.585,-36.942
2802007,DIVINA PASTORA,SE,Nordeste,-10.678,-37.151
2801603,CEDRO DE SÃO JOÃO,SE,Nordeste,-10.253,-36.886
2805109,PEDRINHAS,SE,Nordeste,-11.19,-37.678
2800308,ARACAJU,SE,Nordeste,-10.909,-37.068
2802908,ITABAIANA,SE,Nordeste,-10.683,-37.427
2806404,SANTANA DO SÃO FRANCISCO,SE,Nordeste,-10.292,-36.611
2804706,NOSSA SENHORA DE LOURDES,SE,Nordeste,-10.077,-37.062
2802106,ESTÂNCIA,SE,Nordeste,-11.266,-37.448
2804300,MURIBECA,SE,Nordeste,-10.427,-36.959
2803401,JAPOATÃ,SE,Nordeste,-10.348,-36.804
2803005,ITABAIANINHA,SE,Nordeste,-11.269,-37.788
2801306,CAPELA,SE,Nordeste,-10.507,-37.063
2806107,ROSÁRIO DO CATETE,SE,Nordeste,-10.69,-37.036
2803906,MALHADOR,SE,Nordeste,-10.665,-37.3
2807402,TOBIAS BARRETO,SE,Nordeste,-11.18,-37.999
2802601,GRACHO CARDOSO,SE,Nordeste,-10.225,-37.201
2804409,NEÓPOLIS,SE,Nordeste,-10.322,-36.585
2805703,PROPRIÁ,SE,Nordeste,-10.214,-36.844
2804458,NOSSA SENHORA APARECIDA,SE,Nordeste,-10.394,-37.452
2803104,ITABI,SE,Nordeste,-10.125,-37.106
2801405,CARIRA,SE,Nordeste,-10.352,-37.7
2807501,TOMAR DO GERU,SE,Nordeste,-11.369,-37.843
2800100,AMPARO DE SÃO FRANCISCO,SE,Nordeste,-10.135,-36.935
2906899,CARAÍBAS,BA,Nordeste,-14.718,-41.26
2928802,SANTO ESTÊVÃO,BA,Nordeste,-12.428,-39.251
2919058,LAJEDO DO TABOCAL,BA,Nordeste,-13.466,-40.22
2906873,CAPIM GROSSO,BA,Nordeste,-11.38,-40.009
2922755,NOVA IBIÁ,BA,Nordeste,-13.812,-39.618
2911402,GLÓRIA,BA,Nordeste,-9.344,-38.254
2921401,MIRANGABA,BA,Nordeste,-10.961,-40.574
2918001,JEQUIÉ,BA,Nordeste,-13.851,-40.088
2931905,TUCANO,BA,Nordeste,-10.958,-38.789
2910107,DOM BASÍLIO,BA,Nordeste,-13.757,-41.768
2920106,MAIRI,BA,Nordeste,-11.711,-40.144
2900900,ALMADINA,BA,Nordeste,-14.709,-39.642
2907301,CASTRO ALVES,BA,Nordeste,-12.758,-39.425
2905503,CALDEIRÃO GRANDE,BA,Nordeste,-11.021,-40.296
2904209,BOTUPORÃ,BA,Nordeste,-13.377,-42.516
2908606,CONDE,BA,Nordeste,-11.818,-37.613
2928000,SANTALUZ,BA,Nordeste,-11.251,-39.375
2921450,MIRANTE,BA,Nordeste,-14.239,-40.772
2923209,OLIVEIRA DOS BREJINHOS,BA,Nordeste,-12.313,-42.897
2902708,BARRA,BA,Nordeste,-11.086,-43.146
2930600,SERROLÂNDIA,BA,Nordeste,-11.409,-40.298
2919926,MADRE DE DEUS,BA,Nordeste,-12.745,-38.615
2915809,ITAMBÉ,BA,Nordeste,-15.243,-40.63
2925808,QUEIMADAS,BA,Nordeste,-10.974,-39.629
2932408,UIBAÍ,BA,Nordeste,-11.339,-42.135
2906006,CAMPO FORMOSO,BA,Nordeste,-10.511,-40.32
2914505,IRARÁ,BA,Nordeste,-12.05,-38.763
2924504,PINDAÍ,BA,Nordeste,-14.492,-42.686
2929305,SÃO GONÇALO DOS CAMPOS,BA,Nordeste,-12.433,-38.966
2909901,CURAÇÁ,BA,Nordeste,-8.985,-39.9
2919900,MACURURÉ,BA,Nordeste,-9.162,-39.052
2918605,JUSSIAPE,BA,Nordeste,-13.515,-41.588
2919959,MAETINGA,BA,Nordeste,-14.662,-41.492
2929370,SÃO JOSÉ DO JACUÍPE,BA,Nordeste,-11.414,-39.867
2916708,ITAQUARA,BA,Nordeste,-13.446,-39.938
2901403,ANGICAL,BA,Nordeste,-12.006,-44.7
2921054,MATINA,BA,Nordeste,-13.911,-42.844
2900108,ABAÍRA,BA,Nordeste,-13.249,-41.662
2929354,SÃO JOSÉ DA VITÓRIA,BA,Nordeste,-15.079,-39.344
2932457,UMBURANAS,BA,Nordeste,-10.734,-41.323
2921906,MUCUGÊ,BA,Nordeste,-13.005,-41.37
2902302,ARATUÍPE,BA,Nordeste,-13.072,-39.004
2928059,SANTA LUZIA,BA,Nordeste,-15.434,-39.329
2915403,ITAJU DO COLÔNIA,BA,Nordeste,-15.137,-39.728
2924108,PEDRÃO,BA,Nordeste,-12.149,-38.649
2914109,IPUPIARA,BA,Nordeste,-11.822,-42.618
2901007,AMARGOSA,BA,Nordeste,-13.021,-39.602
2928901,SÃO DESIDÉRIO,BA,Nordeste,-12.357,-44.977
2931103,TANQUINHO,BA,Nordeste,-11.968,-39.103
2911907,IAÇU,BA,Nordeste,-12.767,-40.206
2904753,BURITIRAMA,BA,Nordeste,-10.717,-43.63
2920601,MARAGOGIPE,BA,Nordeste,-12.776,-38.917
2927200,RUY BARBOSA,BA,Nordeste,-12.282,-40.493
2923704,PARATINGA,BA,Nordeste,-12.687,-43.18
2910602,ESPLANADA,BA,Nordeste,-11.794,-37.943
2917201,ITUAÇU,BA,Nordeste,-13.811,-41.3
2913705,INHAMBUPE,BA,Nordeste,-11.781,-38.355
2922409,MUTUÍPE,BA,Nordeste,-13.228,-39.504
2912400,IBIPEBA,BA,Nordeste,-11.644,-42.02
2909109,CORIBE,BA,Nordeste,-13.823,-44.459
2919108,LAMARÃO,BA,Nordeste,-11.773,-38.887
2907806,CÍCERO DANTAS,BA,Nordeste,-10.59,-38.379
2906501,CANDEIAS,BA,Nordeste,-12.672,-38.547
2929800,SAÚDE,BA,Nordeste,-10.943,-40.416
2928505,SANTA TERESINHA,BA,Nordeste,-12.77,-39.522
2919157,LAPÃO,BA,Nordeste,-11.385,-41.829
2930709,SIMÕES FILHO,BA,Nordeste,-12.787,-38.403
2905206,CAETITÉ,BA,Nordeste,-14.068,-42.486
2908309,CONCEIÇÃO DO ALMEIDA,BA,Nordeste,-12.784,-39.172
2926806,RIO DO ANTÔNIO,BA,Nordeste,-14.407,-42.072
2916807,ITARANTIM,BA,Nordeste,-15.653,-40.065
2901908,APORÁ,BA,Nordeste,-11.658,-38.081
2930758,SÍTIO DO MATO,BA,Nordeste,-13.08,-43.469
2921104,MEDEIROS NETO,BA,Nordeste,-17.371,-40.224
2911105,FORMOSA DO RIO PRETO,BA,Nordeste,-11.033,-45.193
2900603,AIQUARA,BA,Nordeste,-14.127,-39.894
2901957,APUAREMA,BA,Nordeste,-13.854,-39.75
2903706,BOA NOVA,BA,Nordeste,-14.36,-40.206
2907004,CARDEAL DA SILVA,BA,Nordeste,-11.947,-37.947
2902401,AURELINO LEAL,BA,Nordeste,-14.321,-39.329
2916856,ITATIM,BA,Nordeste,-12.71,-39.695
2932507,UNA,BA,Nordeste,-15.279,-39.077
2930766,SÍTIO DO QUINTO,BA,Nordeste,-10.354,-38.221
2929008,SÃO FÉLIX,BA,Nordeste,-12.61,-38.973
2919603,MACAJUBA,BA,Nordeste,-12.133,-40.357
2930774,SOBRADINHO,BA,Nordeste,-9.45,-40.815
2909604,CRISÓPOLIS,BA,Nordeste,-11.506,-38.151
2918308,JITAÚNA,BA,Nordeste,-14.013,-39.897
2929057,SÃO FÉLIX DO CORIBE,BA,Nordeste,-13.402,-44.184
2931202,TAPEROÁ,BA,Nordeste,-13.532,-39.101
2920700,MARAÚ,BA,Nordeste,-14.104,-39.014
2918357,JOÃO DOURADO,BA,Nordeste,-11.349,-41.655
2925501,PRADO,BA,Nordeste,-17.336,-39.223
2910701,EUCLIDES DA CUNHA,BA,Nordeste,-10.508,-39.015
2917300,ITUBERÁ,BA,Nordeste,-13.725,-39.148
2915502,ITAJUÍPE,BA,Nordeste,-14.679,-39.37
2924207,PEDRO ALEXANDRE,BA,Nordeste,-10.012,-37.893
2927309,SALINAS DA MARGARIDA,BA,Nordeste,-12.873,-38.756
2914208,IRAJUBA,BA,Nordeste,-13.256,-40.085
2926004,REMANSO,BA,Nordeste,-9.619,-42.085
2904803,CAATIBA,BA,Nordeste,-14.97,-40.409
2907905,CIPÓ,BA,Nordeste,-11.103,-38.518
2916005,ITANHÉM,BA,Nordeste,-17.164,-40.332
2906600,CANDIBA,BA,Nordeste,-14.41,-42.867
2901106,AMÉLIA RODRIGUES,BA,Nordeste,-12.391,-38.756
2917334,IUIÚ,BA,Nordeste,-14.405,-43.559
2910750,FÁTIMA,BA,Nordeste,-10.616,-38.224
2901155,AMÉRICA DOURADA,BA,Nordeste,-11.443,-41.439
2910727,EUNÁPOLIS,BA,Nordeste,-16.372,-39.582
2933000,VALENTE,BA,Nordeste,-11.406,-39.457
2904852,CABACEIRAS DO PARAGUAÇU,BA,Nordeste,-12.532,-39.19
2923803,PARIPIRANGA,BA,Nordeste,-10.686,-37.863
2913804,IPECAETÁ,BA,Nordeste,-12.303,-39.307
2922508,NAZARÉ,BA,Nordeste,-13.024,-39.011
2912509,IBIPITANGA,BA,Nordeste,-12.88,-42.486
2917359,JABORANDI,BA,Nordeste,-13.607,-44.425
2910776,FEIRA DA MATA,BA,Nordeste,-14.204,-44.274
2904001,BONINAL,BA,Nordeste,-12.707,-41.829
2929909,SEABRA,BA,Nordeste,-12.417,-41.772
2928604,SANTO AMARO,BA,Nordeste,-12.547,-38.714
2921203,MIGUEL CALMON,BA,Nordeste,-11.43,-40.603
2911204,GANDU,BA,Nordeste,-13.744,-39.475
2931707,TERRA NOVA,BA,Nordeste,-12.389,-38.624
2900702,ALAGOINHAS,BA,Nordeste,-12.133,-38.421
2907103,CARINHANHA,BA,Nordeste,-14.299,-43.772
2905305,CAFARNAUM,BA,Nordeste,-11.691,-41.469
2912103,IBICARAÍ,BA,Nordeste,-14.858,-39.591
2913457,IGRAPIÚNA,BA,Nordeste,-13.829,-39.136
2908408,CONCEIÇÃO DO COITÉ,BA,Nordeste,-11.56,-39.281
2926905,RIO DO PIRES,BA,Nordeste,-13.118,-42.29
2904050,BONITO,BA,Nordeste,-11.967,-41.265
2916906,ITIRUÇU,BA,Nordeste,-13.529,-40.147
2903805,BOA VISTA DO TUPIM,BA,Nordeste,-12.65,-40.606
2902500,BAIANÓPOLIS,BA,Nordeste,-12.302,-44.539
2930402,SERRA PRETA,BA,Nordeste,-12.156,-39.331
2925600,PRESIDENTE DUTRA,BA,Nordeste,-11.292,-41.984
2932200,UBAITABA,BA,Nordeste,-14.303,-39.322
2915601,ITAMARAJU,BA,Nordeste,-17.038,-39.539
2924306,PIATÃ,BA,Nordeste,-13.146,-41.77
2929107,SÃO FELIPE,BA,Nordeste,-12.839,-39.089
2919702,MACARANI,BA,Nordeste,-15.565,-40.421
2904902,CACHOEIRA,BA,Nordeste,-12.599,-38.959
2926509,RIBEIRA DO AMPARO,BA,Nordeste,-11.042,-38.424
2909703,CRISTÓPOLIS,BA,Nordeste,-12.225,-44.421
2917805,JAGUARIPE,BA,Nordeste,-13.111,-38.894
2918407,JUAZEIRO,BA,Nordeste,-9.416,-40.503
2916500,ITAPICURU,BA,Nordeste,-11.309,-38.226
2901205,ANAGÉ,BA,Nordeste,-14.615,-41.136
2903409,BELMONTE,BA,Nordeste,-15.861,-38.876
2902104,ARACI,BA,Nordeste,-11.325,-38.958
2925204,POJUCA,BA,Nordeste,-12.43,-38.337
2918456,JUCURUÇU,BA,Nordeste,-16.849,-40.164
2915205,ITAGIBÁ,BA,Nordeste,-14.278,-39.845
2904506,BROTAS DE MACAÚBAS,BA,Nordeste,-11.992,-42.633
2925253,PONTO NOVO,BA,Nordeste,-10.865,-40.131
2921708,MORRO DO CHAPÉU,BA,Nordeste,-11.549,-41.157
2911709,GUANAMBI,BA,Nordeste,-14.223,-42.78
2931806,TREMEDAL,BA,Nordeste,-14.974,-41.414
2920403,MANOEL VITORINO,BA,Nordeste,-14.148,-40.24
2927002,RIO REAL,BA,Nordeste,-11.481,-37.933
2923506,PALMEIRAS,BA,Nordeste,-12.506,-41.581
2922201,MUNIZ FERREIRA,BA,Nordeste,-13.009,-39.109
2910404,ENCRUZILHADA,BA,Nordeste,-15.53,-40.912
2917003,ITIÚBA,BA,Nordeste,-10.695,-39.845
2913507,IGUAÍ,BA,Nordeste,-14.753,-40.089
2912202,IBICOARA,BA,Nordeste,-13.406,-41.284
2907608,CENTRAL,BA,Nordeste,-11.138,-42.112
2906303,CANAVIEIRAS,BA,Nordeste,-15.672,-38.954
2929602,SAPEAÇU,BA,Nordeste,-12.721,-39.182
2922250,MUQUÉM DE SÃO FRANCISCO,BA,Nordeste,-12.065,-43.55
2920452,MANSIDÃO,BA,Nordeste,-10.723,-44.043
2918902,LAJEDÃO,BA,Nordeste,-17.606,-40.338
2908903,CORAÇÃO DE MARIA,BA,Nordeste,-12.233,-38.749
2905008,CACULÉ,BA,Nordeste,-14.5,-42.223
2930501,SERRINHA,BA,Nordeste,-11.658,-39.01
2924801,PIRITIBA,BA,Nordeste,-11.73,-40.559
2927903,SANTA INÊS,BA,Nordeste,-13.279,-39.814
2914802,ITABUNA,BA,Nordeste,-14.788,-39.278
2926608,RIBEIRA DO POMBAL,BA,Nordeste,-10.837,-38.538
2917904,JANDAÍRA,BA,Nordeste,-11.562,-37.785
2916609,ITAPITANGA,BA,Nordeste,-14.414,-39.566
2901700,ANTÔNIO CARDOSO,BA,Nordeste,-12.434,-39.118
2908101,COCOS,BA,Nordeste,-14.181,-44.535
2900405,ÁGUA FRIA,BA,Nordeste,-11.862,-38.764
2903508,BELO CAMPO,BA,Nordeste,-15.033,-41.265
2926657,RIBEIRÃO DO LARGO,BA,Nordeste,-15.451,-40.744
2902203,ARAMARI,BA,Nordeste,-12.088,-38.497
2932309,UBATÃ,BA,Nordeste,-14.206,-39.521
2919405,LICÍNIO DE ALMEIDA,BA,Nordeste,-14.684,-42.51
2909406,COTEGIPE,BA,Nordeste,-12.023,-44.257
2902252,ARATACA,BA,Nordeste,-15.265,-39.419
2914000,IPIRÁ,BA,Nordeste,-12.156,-39.736
2921807,MORTUGABA,BA,Nordeste,-15.023,-42.373
2931004,TANHAÇU,BA,Nordeste,-14.02,-41.247
2911808,GUARATINGA,BA,Nordeste,-16.583,-39.785
2920502,MARACÁS,BA,Nordeste,-13.435,-40.432
2927101,RODELAS,BA,Nordeste,-8.85,-38.78
2925303,PORTO SEGURO,BA,Nordeste,-16.444,-39.064
2910503,ENTRE RIOS,BA,Nordeste,-11.939,-38.087
2917102,ITORORÓ,BA,Nordeste,-15.11,-40.068
2915304,ITAGIMIRIM,BA,Nordeste,-16.082,-39.613
2924009,PAULO AFONSO,BA,Nordeste,-9.398,-38.222
2905909,CAMPO ALEGRE DE LOURDES,BA,Nordeste,-9.522,-43.013
2904605,BRUMADO,BA,Nordeste,-14.202,-41.67
2907707,CHORROCHÓ,BA,Nordeste,-8.97,-39.098
2906402,CANDEAL,BA,Nordeste,-11.805,-39.12
2915353,ITAGUAÇU DA BAHIA,BA,Nordeste,-11.015,-42.4
2924058,PÉ DE SERRA,BA,Nordeste,-11.831,-39.611
2931053,TANQUE NOVO,BA,Nordeste,-13.549,-42.493
2923605,PARAMIRIM,BA,Nordeste,-13.439,-42.239
2922300,MURITIBA,BA,Nordeste,-12.633,-38.992
2911857,HELIÓPOLIS,BA,Nordeste,-10.682,-38.291
2913606,ILHÉUS,BA,Nordeste,-14.793,-39.046
2912301,IBICUÍ,BA,Nordeste,-14.845,-39.988
2924900,PLANALTINO,BA,Nordeste,-13.262,-40.37
2932804,UTINGA,BA,Nordeste,-12.078,-41.095
2929701,SÁTIRO DIAS,BA,Nordeste,-11.593,-38.594
2928406,SANTA RITA DE CÁSSIA,BA,Nordeste,-11.006,-44.526
2914901,ITACARÉ,BA,Nordeste,-14.278,-38.996
2921005,MATA DE SÃO JOÃO,BA,Nordeste,-12.531,-38.301
2901809,ANTÔNIO GONÇALVES,BA,Nordeste,-10.577,-40.279
2911006,FLORESTA AZUL,BA,Nordeste,-14.863,-39.658
2929750,SAUBARA,BA,Nordeste,-12.739,-38.763
2908200,CONCEIÇÃO DA FEIRA,BA,Nordeste,-12.508,-38.998
2931509,TEOFILÂNDIA,BA,Nordeste,-11.483,-38.991
2913200,IBOTIRAMA,BA,Nordeste,-12.178,-43.217
2900504,ÉRICO CARDOSO,BA,Nordeste,-13.421,-42.135
2905107,CAÉM,BA,Nordeste,-11.068,-40.432
2905156,CAETANOS,BA,Nordeste,-14.335,-40.917
2926707,RIO DE CONTAS,BA,Nordeste,-13.585,-41.805
2903607,BIRITINGA,BA,Nordeste,-11.607,-38.805
2925402,POTIRAGUÁ,BA,Nordeste,-15.594,-39.864
2930204,SENTO SÉ,BA,Nordeste,-9.741,-41.879
2932002,UAUÁ,BA,Nordeste,-9.833,-39.479
2922805,NOVA ITARANA,BA,Nordeste,-13.024,-40.065
2912806,IBIRAPUÃ,BA,Nordeste,-17.683,-40.113
2919504,LIVRAMENTO DE NOSSA SENHORA,BA,Nordeste,-13.637,-41.843
2927606,SANTA BRÍGIDA,BA,Nordeste,-9.732,-38.121
2917607,JAGUAQUARA,BA,Nordeste,-13.525,-39.964
2926301,RIACHÃO DO JACUÍPE,BA,Nordeste,-11.807,-39.382
2904704,BUERAREMA,BA,Nordeste,-14.96,-39.303
2909505,CRAVOLÂNDIA,BA,Nordeste,-13.353,-39.803
2916302,ITAPEBI,BA,Nordeste,-15.955,-39.533
2906907,CARAVELAS,BA,Nordeste,-17.727,-39.26
2919553,LUÍS EDUARDO MAGALHÃES,BA,Nordeste,-12.096,-45.787
2922854,NOVA REDENÇÃO,BA,Nordeste,-12.815,-41.075
2903201,BARREIRAS,BA,Nordeste,-12.144,-44.997
2925006,PLANALTO,BA,Nordeste,-14.665,-40.472
2915007,ITAETÉ,BA,Nordeste,-12.983,-40.968
2905602,CAMACAN,BA,Nordeste,-15.414,-39.492
2903235,BARRO ALTO,BA,Nordeste,-11.761,-41.905
2928950,SÃO DOMINGOS,BA,Nordeste,-11.465,-39.527
2908705,CONDEÚBA,BA,Nordeste,-14.902,-41.972
2903276,BARROCAS,BA,Nordeste,-11.527,-39.078
2921500,MONTE SANTO,BA,Nordeste,-10.437,-39.332
2911501,GONGOGI,BA,Nordeste,-14.319,-39.469
2918100,JEREMOABO,BA,Nordeste,-10.069,-38.347
2920205,MALHADA,BA,Nordeste,-14.337,-43.769
2923308,OURIÇANGAS,BA,Nordeste,-12.018,-38.617
2931608,TEOLÂNDIA,BA,Nordeste,-13.59,-39.484
2910206,DOM MACEDO COSTA,BA,Nordeste,-12.902,-39.192
2913309,ICHU,BA,Nordeste,-11.743,-39.191
2922003,MUCURI,BA,Nordeste,-18.075,-39.556
2907400,CATOLÂNDIA,BA,Nordeste,-12.31,-44.865
2912004,IBIASSUCÊ,BA,Nordeste,-14.271,-42.257
2902807,BARRA DA ESTIVA,BA,Nordeste,-13.624,-41.335
2932903,VALENÇA,BA,Nordeste,-13.367,-39.073
2929404,SÃO MIGUEL DAS MATAS,BA,Nordeste,-13.043,-39.458
2922052,MULUNGU DO MORRO,BA,Nordeste,-11.965,-41.637
2928109,SANTA MARIA DA VITÓRIA,BA,Nordeste,-13.386,-44.201
2918704,LAFAIETE COUTINHO,BA,Nordeste,-13.654,-40.212
2923357,OUROLÂNDIA,BA,Nordeste,-10.958,-41.076
2930303,SERRA DOURADA,BA,Nordeste,-12.759,-43.95
2918753,LAGOA REAL,BA,Nordeste,-14.033,-42.133
2925907,QUIJINGUE,BA,Nordeste,-10.751,-39.214
2915908,ITANAGRA,BA,Nordeste,-12.261,-38.044
2906105,CANÁPOLIS,BA,Nordeste,-13.072,-44.201
2924603,PINDOBAÇU,BA,Nordeste,-10.743,-40.367
2925956,RAFAEL JAMBEIRO,BA,Nordeste,-12.405,-39.501
2927705,SANTA CRUZ CABRÁLIA,BA,Nordeste,-16.282,-39.029
2914604,IRECÊ,BA,Nordeste,-11.303,-41.853
2917706,JAGUARARI,BA,Nordeste,-10.257,-40.2
2926400,RIACHO DE SANTANA,BA,Nordeste,-13.606,-42.94
2916401,ITAPETINGA,BA,Nordeste,-15.248,-40.248
2925931,QUIXABEIRA,BA,Nordeste,-11.403,-40.12
2924678,PIRAÍ DO NORTE,BA,Nordeste,-13.759,-39.384
2901502,ANGUERA,BA,Nordeste,-12.146,-39.246
2924652,PINTADAS,BA,Nordeste,-11.812,-39.901
2900207,ABARÉ,BA,Nordeste,-8.721,-39.116
2903300,BARRO PRETO,BA,Nordeste,-14.795,-39.476
2914653,ITABELA,BA,Nordeste,-16.573,-39.559
2902005,ARACATU,BA,Nordeste,-14.428,-41.465
2932101,UBAÍRA,BA,Nordeste,-13.271,-39.666
2922904,NOVA SOURE,BA,Nordeste,-11.233,-38.487
2912905,IBIRATAIA,BA,Nordeste,-14.064,-39.646
2919207,LAURO DE FREITAS,BA,Nordeste,-12.898,-38.321
2909208,CORONEL JOÃO SÁ,BA,Nordeste,-10.285,-37.92
2902054,ARAÇAS,BA,Nordeste,-12.22,-38.203
2921609,MORPARÁ,BA,Nordeste,-11.557,-43.277
2911600,GOVERNADOR MANGABEIRA,BA,Nordeste,-12.599,-39.041
2920304,MALHADA DE PEDRAS,BA,Nordeste,-14.385,-41.884
2925105,POÇÕES,BA,Nordeste,-14.523,-40.363
2910305,ELÍSIO MEDRADO,BA,Nordeste,-12.942,-39.519
2915106,ITAGI,BA,Nordeste,-14.162,-40.013
2905701,CAMAÇARI,BA,Nordeste,-12.7,-38.326
2933059,VÁRZEA DA ROÇA,BA,Nordeste,-11.601,-40.133
2904407,BREJOLÂNDIA,BA,Nordeste,-12.482,-43.968
2907509,CATU,BA,Nordeste,-12.351,-38.379
2918209,JIQUIRIÇÁ,BA,Nordeste,-13.262,-39.574
2908804,CONTENDAS DO SINCORÁ,BA,Nordeste,-13.754,-41.048
2923407,PALMAS DE MONTE ALTO,BA,Nordeste,-14.268,-43.161
2911659,GUAJERU,BA,Nordeste,-14.547,-41.938
2913408,IGAPORÃ,BA,Nordeste,-13.774,-42.715
2922102,MUNDO NOVO,BA,Nordeste,-11.854,-40.471
2930808,SOUTO SOARES,BA,Nordeste,-12.088,-41.643
2902906,BARRA DO CHOÇA,BA,Nordeste,-14.865,-40.579
2907558,CATURAMA,BA,Nordeste,-13.324,-42.29
2906204,CANARANA,BA,Nordeste,-11.686,-41.768
2924702,PIRIPÁ,BA,Nordeste,-14.944,-41.717
2932606,URANDI,BA,Nordeste,-14.768,-42.65
2929503,SÃO SEBASTIÃO DO PASSÉ,BA,Nordeste,-12.512,-38.49
2914703,ITABERABA,BA,Nordeste,-12.524,-40.306
2928208,SANTANA,BA,Nordeste,-12.979,-44.051
2918803,LAJE,BA,Nordeste,-13.167,-39.421
2908002,COARACI,BA,Nordeste,-14.637,-39.556
2901601,ANTAS,BA,Nordeste,-10.386,-38.34
2911253,GAVIÃO,BA,Nordeste,-11.469,-39.776
2913002,IBITIARA,BA,Nordeste,-12.65,-42.218
2923001,NOVA VIÇOSA,BA,Nordeste,-17.893,-39.374
2900306,ACAJUTIBA,BA,Nordeste,-11.658,-38.02
2931301,TAPIRAMUTÁ,BA,Nordeste,-11.848,-40.793
2931350,TEIXEIRA DE FREITAS,BA,Nordeste,-17.54,-39.74
2923035,NOVO HORIZONTE,BA,Nordeste,-12.808,-42.168
2923050,NOVO TRIUNFO,BA,Nordeste,-10.318,-38.401
2927804,SANTA CRUZ DA VITÓRIA,BA,Nordeste,-14.964,-39.812
2914307,IRAMAIA,BA,Nordeste,-13.29,-40.959
2900355,ADUSTINA,BA,Nordeste,-10.544,-38.111
2920809,MARCIONÍLIO SOUZA,BA,Nordeste,-13.006,-40.529
2930006,SEBASTIÃO LARANJEIRAS,BA,Nordeste,-14.571,-42.943
2933109,VÁRZEA DO POÇO,BA,Nordeste,-11.527,-40.315
2910800,FEIRA DE SANTANA,BA,Nordeste,-12.266,-38.966
2905800,CAMAMU,BA,Nordeste,-13.94,-39.107
2913903,IPIAÚ,BA,Nordeste,-14.123,-39.735
2923902,PAU BRASIL,BA,Nordeste,-15.457,-39.646
2912608,IBIQUERA,BA,Nordeste,-12.644,-40.934
2922607,NILO PEÇANHA,BA,Nordeste,-13.604,-39.109
2919306,LENÇÓIS,BA,Nordeste,-12.562,-41.393
2909307,CORRENTINA,BA,Nordeste,-13.348,-44.633
2917409,JACARACI,BA,Nordeste,-14.854,-42.433
2927408,SALVADOR,BA,Nordeste,-12.972,-38.501
2916104,ITAPARICA,BA,Nordeste,-12.893,-38.68
2926103,RETIROLÂNDIA,BA,Nordeste,-11.483,-39.423
2906709,CÂNDIDO SALES,BA,Nordeste,-15.499,-41.241
2910859,FILADÉLFIA,BA,Nordeste,-10.741,-40.144
2928703,SANTO ANTÔNIO DE JESUS,BA,Nordeste,-12.961,-39.258
2903003,BARRA DO MENDES,BA,Nordeste,-11.81,-42.059
2922656,NORDESTINA,BA,Nordeste,-10.819,-39.43
2933174,VARZEDO,BA,Nordeste,-12.967,-39.392
2905404,CAIRU,BA,Nordeste,-13.49,-39.047
2933158,VÁRZEA NOVA,BA,Nordeste,-11.256,-40.943
2930907,TABOCAS DO BREJO VELHO,BA,Nordeste,-12.703,-44.008
2904100,BOQUIRA,BA,Nordeste,-12.82,-42.732
2908507,CONCEIÇÃO DO JACUÍPE,BA,Nordeste,-12.327,-38.768
2911303,GENTIO DO OURO,BA,Nordeste,-11.434,-42.508
2921302,MILAGRES,BA,Nordeste,-12.865,-39.861
2910008,DÁRIO MEIRA,BA,Nordeste,-14.423,-39.903
2920007,MAIQUINIQUE,BA,Nordeste,-15.624,-40.259
2913101,IBITITÁ,BA,Nordeste,-11.541,-41.975
2923100,OLINDINA,BA,Nordeste,-11.35,-38.338
2900801,ALCOBAÇA,BA,Nordeste,-17.52,-39.204
2907202,CASA NOVA,BA,Nordeste,-9.164,-40.974
2931400,TEODORO SAMPAIO,BA,Nordeste,-12.295,-38.635
2903904,BOM JESUS DA LAPA,BA,Nordeste,-13.251,-43.411
2902609,BAIXA GRANDE,BA,Nordeste,-11.952,-40.169
2932705,URUÇUCA,BA,Nordeste,-14.596,-39.285
2929206,SÃO FRANCISCO DO CONDE,BA,Nordeste,-12.618,-38.679
2910057,DIAS D'ÁVILA,BA,Nordeste,-12.619,-38.293
2909802,CRUZ DAS ALMAS,BA,Nordeste,-12.668,-39.101
2919801,MACAÚBAS,BA,Nordeste,-13.019,-42.694
2918506,JUSSARA,BA,Nordeste,-11.043,-41.97
2902658,BANZAÊ,BA,Nordeste,-10.579,-38.621
2929255,SÃO GABRIEL,BA,Nordeste,-11.217,-41.884
2903953,BOM JESUS DA SERRA,BA,Nordeste,-14.366,-40.513
2910909,FIRMINO ALVES,BA,Nordeste,-14.982,-39.927
2920908,MASCOTE,BA,Nordeste,-15.554,-39.302
2930105,SENHOR DO BONFIM,BA,Nordeste,-10.459,-40.187
2918555,JUSSARI,BA,Nordeste,-15.192,-39.491
2915700,ITAMARI,BA,Nordeste,-13.778,-39.683
2925709,PRESIDENTE JÂNIO QUADROS,BA,Nordeste,-14.688,-41.68
2914406,IRAQUARA,BA,Nordeste,-12.243,-41.615
2924405,PILÃO ARCADO,BA,Nordeste,-10.005,-42.494
2925758,PRESIDENTE TANCREDO NEVES,BA,Nordeste,-13.447,-39.42
2917508,JACOBINA,BA,Nordeste,-11.181,-40.512
2927507,SANTA BÁRBARA,BA,Nordeste,-11.951,-38.968
2916203,ITAPÉ,BA,Nordeste,-14.888,-39.424
2926202,RIACHÃO DAS NEVES,BA,Nordeste,-11.751,-44.914
2906808,CANSANÇÃO,BA,Nordeste,-10.665,-39.494
2930154,SERRA DO RAMALHO,BA,Nordeste,-13.566,-43.593
2901304,ANDARAÍ,BA,Nordeste,-12.805,-41.33
2901353,ANDORINHA,BA,Nordeste,-10.348,-39.839
2903102,BARRA DO ROCHA,BA,Nordeste,-14.2,-39.599
2906857,CAPELA DO ALTO ALEGRE,BA,Nordeste,-11.666,-39.835
2933208,VERA CRUZ,BA,Nordeste,-12.957,-38.615
2922730,NOVA FÁTIMA,BA,Nordeste,-11.603,-39.63
2933257,VEREDA,BA,Nordeste,-17.218,-40.097
2909000,CORDEIROS,BA,Nordeste,-15.036,-41.931
2906824,CANUDOS,BA,Nordeste,-9.9,-39.147
2912707,IBIRAPITANGA,BA,Nordeste,-14.165,-39.379
2922706,NOVA CANAÃ,BA,Nordeste,-14.791,-40.146
2919009,LAJEDINHO,BA,Nordeste,-12.353,-40.905
2928307,SANTANÓPOLIS,BA,Nordeste,-12.031,-38.869
2904308,BREJÕES,BA,Nordeste,-13.104,-39.799
3104106,ARCEBURGO,MG,Sudeste,-21.359,-46.94
3112802,CAPITÓLIO,MG,Sudeste,-20.616,-46.049
3120870,CURRAL DE DENTRO,MG,Sudeste,-15.933,-41.856
3117207,CONCEIÇÃO DAS PEDRAS,MG,Sudeste,-22.158,-45.456
3156403,ROMARIA,MG,Sudeste,-18.884,-47.578
3107802,BOM JESUS DO GALHO,MG,Sudeste,-19.836,-42.316
3139250,MAMONAS,MG,Sudeste,-15.048,-42.947
3106507,BERILO,MG,Sudeste,-16.957,-42.461
3128303,GUARANÉSIA,MG,Sudeste,-21.301,-46.796
3114600,CARRANCAS,MG,Sudeste,-21.49,-44.645
3144672,NOVA BELÉM,MG,Sudeste,-18.492,-41.111
3148806,PEDRA DO ANTA,MG,Sudeste,-20.597,-42.712
3119401,CORONEL FABRICIANO,MG,Sudeste,-19.518,-42.628
3158201,SANTA MARIA DO SUAÇUÍ,MG,Sudeste,-18.19,-42.414
3168200,TAPIRAÍ,MG,Sudeste,-19.894,-46.022
3138807,LUZ,MG,Sudeste,-19.791,-45.679
3121308,DESCOBERTO,MG,Sudeste,-21.46,-42.962
3118106,CONGONHAS DO NORTE,MG,Sudeste,-18.802,-43.677
3151602,PLANURA,MG,Sudeste,-20.138,-48.7
3161601,SÃO GERALDO DA PIEDADE,MG,Sudeste,-18.841,-42.287
3142007,MIRABELA,MG,Sudeste,-16.256,-44.16
3161650,SÃO GERALDO DO BAIXIO,MG,Sudeste,-18.91,-41.363
3150307,PIEDADE DO RIO GRANDE,MG,Sudeste,-21.469,-44.194
3160306,SANTO ANTÔNIO DO JACINTO,MG,Sudeste,-16.533,-40.182
3100203,ABAETÉ,MG,Sudeste,-19.155,-45.444
3153400,PRESIDENTE OLEGÁRIO,MG,Sudeste,-18.41,-46.416
3163409,SÃO JOSÉ DO GOIABAL,MG,Sudeste,-19.921,-42.703
3122603,DOM JOAQUIM,MG,Sudeste,-18.961,-43.254
3152105,PONTE NOVA,MG,Sudeste,-20.411,-42.898
3162104,SÃO GOTARDO,MG,Sudeste,-19.309,-46.047
3113305,CARANGOLA,MG,Sudeste,-20.734,-42.031
3130903,INHAPIM,MG,Sudeste,-19.548,-42.115
3156452,ROSÁRIO DA LIMEIRA,MG,Sudeste,-20.981,-42.511
3105004,BALDIM,MG,Sudeste,-19.283,-43.961
3142908,MONTE AZUL,MG,Sudeste,-15.151,-42.872
3147501,PASSABÉM,MG,Sudeste,-19.351,-43.138
3124401,ES DO DOURADO,MG,Sudeste,-22.045,-45.955
3137502,LAGOA FORMOSA,MG,Sudeste,-18.771,-46.401
3129608,IBIAÍ,MG,Sudeste,-16.859,-44.905
3115904,CHÁCARA,MG,Sudeste,-21.673,-43.215
3169505,TUMIRITINGA,MG,Sudeste,-18.984,-41.653
3106101,BELMIRO BRAGA,MG,Sudeste,-21.944,-43.408
3159308,SANTA RITA DE JACUTINGA,MG,Sudeste,-22.147,-44.098
3129657,IBIRACATU,MG,Sudeste,-15.661,-44.167
3137536,LAGOA GRANDE,MG,Sudeste,-17.832,-46.517
3123106,DORES DE GUANHÃES,MG,Sudeste,-19.052,-42.925
3101508,ALÉM PARAÍBA,MG,Sudeste,-21.88,-42.718
3152131,PONTO CHIQUE,MG,Sudeste,-16.628,-45.059
3125705,FELIXLÂNDIA,MG,Sudeste,-18.751,-44.9
3170404,UNAÍ,MG,Sudeste,-16.359,-46.902
3132701,ITAMBACURI,MG,Sudeste,-18.035,-41.683
3102803,ANDRELÂNDIA,MG,Sudeste,-21.741,-44.312
3112000,CANDEIAS,MG,Sudeste,-20.769,-45.276
3146206,OURO VERDE DE MINAS,MG,Sudeste,-18.072,-41.273
3136207,JOÃO MONLEVADE,MG,Sudeste,-19.813,-43.173
3154705,RIBEIRÃO VERMELHO,MG,Sudeste,-21.188,-45.064
3164704,SÃO SEBASTIÃO DO PARAÍSO,MG,Sudeste,-20.917,-46.984
3129202,HELIODORA,MG,Sudeste,-22.064,-45.545
3157807,SANTA LUZIA,MG,Sudeste,-19.755,-43.85
3167806,SOLEDADE DE MINAS,MG,Sudeste,-22.055,-45.046
3104601,ASTOLFO DUTRA,MG,Sudeste,-21.318,-42.857
3152170,PONTO DOS VOLANTES,MG,Sudeste,-16.747,-41.502
3166501,SERRA AZUL DE MINAS,MG,Sudeste,-18.36,-43.167
3109204,BUENÓPOLIS,MG,Sudeste,-17.874,-44.178
3148004,PATOS DE MINAS,MG,Sudeste,-18.57,-46.501
3117702,CONCEIÇÃO DO RIO VERDE,MG,Sudeste,-21.878,-45.087
3138005,LARANJAL,MG,Sudeste,-21.372,-42.473
3109253,BUGRE,MG,Sudeste,-19.423,-42.255
3128808,GUIDOVAL,MG,Sudeste,-21.155,-42.789
3159357,SANTA RITA DE MINAS,MG,Sudeste,-19.876,-42.136
3171709,VIRGÍNIA,MG,Sudeste,-22.326,-45.096
3141603,MERCÊS,MG,Sudeste,-21.198,-43.334
3131406,IPIAÇU,MG,Sudeste,-18.693,-49.944
3112059,CANTAGALO,MG,Sudeste,-18.525,-42.622
3140308,MARLIÉRIA,MG,Sudeste,-19.71,-42.733
3143401,MONTE SIÃO,MG,Sudeste,-22.433,-46.573
3102852,ANGELÂNDIA,MG,Sudeste,-17.728,-42.264
3133204,ITANHOMI,MG,Sudeste,-19.174,-41.863
3103306,ARACITABA,MG,Sudeste,-21.345,-43.374
3170438,UNIÃO DE MINAS,MG,Sudeste,-19.53,-50.338
3146255,PADRE CARVALHO,MG,Sudeste,-16.365,-42.509
3120904,CURVELO,MG,Sudeste,-18.753,-44.43
3110301,CALDAS,MG,Sudeste,-21.918,-46.384
3144706,NOVA ERA,MG,Sudeste,-19.758,-43.033
3105707,BARRA LONGA,MG,Sudeste,-20.287,-43.04
3127503,GONZAGA,MG,Sudeste,-18.82,-42.477
3115102,CÁSSIA,MG,Sudeste,-20.583,-46.92
3134509,ITUTINGA,MG,Sudeste,-21.3,-44.657
3149309,PEDRO LEOPOLDO,MG,Sudeste,-19.631,-44.038
3112901,CAPUTIRA,MG,Sudeste,-20.17,-42.268
3170479,URUANA DE MINAS,MG,Sudeste,-16.063,-46.244
3156502,RUBELITA,MG,Sudeste,-16.405,-42.261
3139300,MANGA,MG,Sudeste,-14.753,-43.939
3116407,CLARAVAL,MG,Sudeste,-20.397,-47.277
3119500,CORONEL MURTA,MG,Sudeste,-16.615,-42.184
3118205,CONQUISTA,MG,Sudeste,-19.931,-47.549
3120102,COUTO DE MAGALHÃES DE MINAS,MG,Sudeste,-18.073,-43.465
3108800,BRAÚNAS,MG,Sudeste,-19.056,-42.71
3151701,POÇO FUNDO,MG,Sudeste,-21.78,-45.966
3161700,SÃO GONÇALO DO ABAETÉ,MG,Sudeste,-18.331,-45.827
3142106,MIRADOURO,MG,Sudeste,-20.89,-42.346
3111606,CAMPOS GERAIS,MG,Sudeste,-21.237,-45.757
3143450,MONTEZUMA,MG,Sudeste,-15.17,-42.494
3150406,PIEDADE DOS GERAIS,MG,Sudeste,-20.471,-44.224
3160405,SANTO ANTÔNIO DO MONTE,MG,Sudeste,-20.085,-45.295
3155207,RIO ESPERA,MG,Sudeste,-20.855,-43.472
3165206,SÃO THOMÉ DAS LETRAS,MG,Sudeste,-21.722,-44.985
3145802,ONÇA DE PITANGUI,MG,Sudeste,-19.728,-44.806
3122702,DOM SILVÉRIO,MG,Sudeste,-20.163,-42.963
3102001,ALTEROSA,MG,Sudeste,-21.249,-46.139
3113404,CARATINGA,MG,Sudeste,-19.787,-42.129
3135803,JEQUITINHONHA,MG,Sudeste,-16.438,-41.012
3105103,BAMBUÍ,MG,Sudeste,-20.017,-45.975
3157005,SALINAS,MG,Sudeste,-16.175,-42.296
3167004,SERRANOS,MG,Sudeste,-21.886,-44.513
3145851,ORATÓRIOS,MG,Sudeste,-20.43,-42.798
3126208,FORMOSO,MG,Sudeste,-14.945,-46.237
3147600,PASSA QUATRO,MG,Sudeste,-22.387,-44.971
3137601,LAGOA SANTA,MG,Sudeste,-19.64,-43.893
3120151,CRISÓLITA,MG,Sudeste,-17.238,-40.918
3114709,CARVALHÓPOLIS,MG,Sudeste,-21.773,-45.842
3128006,GUANHÃES,MG,Sudeste,-18.771,-42.931
3168309,TAQUARAÇU DE MINAS,MG,Sudeste,-19.665,-43.692
3160454,SANTO ANTÔNIO DO RETIRO,MG,Sudeste,-15.339,-42.617
3148905,PEDRA DO INDAIÁ,MG,Sudeste,-20.256,-45.211
3158300,SANTANA DA VARGEM,MG,Sudeste,-21.245,-45.501
3138906,MACHACALIS,MG,Sudeste,-17.072,-40.724
3102050,ALTO CAPARAÓ,MG,Sudeste,-20.431,-41.874
3121407,DESTERRO DE ENTRE RIOS,MG,Sudeste,-20.665,-44.333
3123205,DORES DO INDAIÁ,MG,Sudeste,-19.463,-45.593
3145877,ORIZÂNIA,MG,Sudeste,-20.514,-42.199
3100302,ABRE CAMPO,MG,Sudeste,-20.3,-42.474
3153509,ALTO JEQUITIBÁ,MG,Sudeste,-20.421,-41.967
3163508,SÃO JOSÉ DO JACURI,MG,Sudeste,-18.281,-42.673
3162203,SÃO JOÃO BATISTA DO GLÓRIA,MG,Sudeste,-20.635,-46.508
3112109,CAPARAÓ,MG,Sudeste,-20.529,-41.906
3102902,ANTÔNIO CARLOS,MG,Sudeste,-21.321,-43.745
3124500,ESTIVA,MG,Sudeste,-22.458,-46.019
3170909,VARZELÂNDIA,MG,Sudeste,-15.699,-44.028
3146305,PADRE PARAÍSO,MG,Sudeste,-17.076,-41.482
3119906,CÓRREGO DO BOM JESUS,MG,Sudeste,-22.627,-46.024
3107505,BOM JARDIM DE MINAS,MG,Sudeste,-21.948,-44.188
3136306,JOÃO PINHEIRO,MG,Sudeste,-17.74,-46.172
3154804,RIO ACIMA,MG,Sudeste,-20.088,-43.788
3129301,IAPU,MG,Sudeste,-19.439,-42.215
3164803,SÃO SEBASTIÃO DO RIO PRETO,MG,Sudeste,-19.296,-43.176
3169604,TUPACIGUARA,MG,Sudeste,-18.587,-48.699
3106200,BELO HORIZONTE,MG,Sudeste,-19.91,-43.927
3159407,SANTA RITA DE IBITIPOCA,MG,Sudeste,-21.566,-43.916
3109303,BURITIS,MG,Sudeste,-15.622,-46.422
3117801,CONCEIÇÃO DOS OUROS,MG,Sudeste,-22.408,-45.8
3108008,BOM SUCESSO,MG,Sudeste,-21.033,-44.754
3141702,MESQUITA,MG,Sudeste,-19.224,-42.608
3131505,IPUIÚNA,MG,Sudeste,-22.101,-46.191
3101607,ALFENAS,MG,Sudeste,-21.426,-45.948
3130002,IBITURUNA,MG,Sudeste,-21.154,-44.748
3117836,CÔNEGO MARINHO,MG,Sudeste,-15.289,-44.418
3140407,MARMELÓPOLIS,MG,Sudeste,-22.447,-45.164
3163102,SÃO JOSÉ DA VARGINHA,MG,Sudeste,-19.701,-44.556
3153103,PRESIDENTE BERNARDES,MG,Sudeste,-20.766,-43.19
3103405,ARAÇUAÍ,MG,Sudeste,-16.852,-42.064
3145000,NOVA PONTE,MG,Sudeste,-19.146,-47.678
3133709,ITATIAIUÇU,MG,Sudeste,-20.198,-44.421
3135001,JAGUARAÇU,MG,Sudeste,-19.647,-42.75
3125804,FERNANDES TOURINHO,MG,Sudeste,-19.154,-42.08
3145059,NOVA PORTEIRINHA,MG,Sudeste,-15.799,-43.294
3133758,ITAÚ DE MINAS,MG,Sudeste,-20.738,-46.752
3135050,JAÍBA,MG,Sudeste,-15.343,-43.669
3132800,ITAMBÉ DO MATO DENTRO,MG,Sudeste,-19.416,-43.318
3101631,ALFREDO VASCONCELOS,MG,Sudeste,-21.154,-43.772
3144805,NOVA LIMA,MG,Sudeste,-19.976,-43.851
3127602,GOUVEIA,MG,Sudeste,-18.452,-43.742
3167905,TABULEIRO,MG,Sudeste,-21.363,-43.238
3154408,RESSAQUINHA,MG,Sudeste,-21.064,-43.76
3117876,CONFINS,MG,Sudeste,-19.628,-43.993
3104700,ATALÉIA,MG,Sudeste,-18.044,-41.115
3148103,PATROCÍNIO,MG,Sudeste,-18.938,-46.993
3119955,CÓRREGO FUNDO,MG,Sudeste,-20.447,-45.562
3130051,ICARAÍ DE MINAS,MG,Sudeste,-16.214,-44.903
3138104,LASSANCE,MG,Sudeste,-17.887,-44.574
3128907,GUIMARÂNIA,MG,Sudeste,-18.843,-46.79
3116506,CLARO DOS POÇÕES,MG,Sudeste,-17.082,-44.206
3131109,INIMUTABA,MG,Sudeste,-18.727,-44.358
3158805,SANTANA DO JACARÉ,MG,Sudeste,-20.901,-45.129
3140001,MARIANA,MG,Sudeste,-20.377,-43.414
3171402,VIEIRAS,MG,Sudeste,-20.867,-42.24
3135076,JAMPRUCA,MG,Sudeste,-18.461,-41.809
3154457,RIACHINHO,MG,Sudeste,-16.226,-45.989
3170107,UBERABA,MG,Sudeste,-19.747,-47.938
3132404,ITAJUBÁ,MG,Sudeste,-22.422,-45.46
3160900,SÃO BRÁS DO SUAÇUÍ,MG,Sudeste,-20.624,-43.952
3110004,CAETÉ,MG,Sudeste,-19.883,-43.67
3145901,OURO BRANCO,MG,Sudeste,-20.526,-43.696
3100807,AGUANIL,MG,Sudeste,-20.944,-45.392
3102100,ALTO RIO DOCE,MG,Sudeste,-21.028,-43.407
3150901,PIRANGUÇU,MG,Sudeste,-22.525,-45.495
3164431,SÃO SEBASTIÃO DA VARGEM ALEGRE,MG,Sudeste,-19.748,-43.368
3144409,NATÉRCIA,MG,Sudeste,-22.116,-45.512
3162708,SÃO JOÃO DO PARAÍSO,MG,Sudeste,-15.317,-42.021
3115201,CONCEIÇÃO DA BARRA DE MINAS,MG,Sudeste,-21.132,-44.473
3152709,PRADOS,MG,Sudeste,-21.06,-44.078
3149408,PEDRO TEIXEIRA,MG,Sudeste,-21.708,-43.743
3113909,CARMO DA CACHOEIRA,MG,Sudeste,-21.463,-45.22
3134202,ITUIUTABA,MG,Sudeste,-18.977,-49.464
3167509,SIMÃO PEREIRA,MG,Sudeste,-21.964,-43.309
3126307,FORTALEZA DE MINAS,MG,Sudeste,-20.851,-46.712
3139409,MANHUAÇU,MG,Sudeste,-20.257,-42.028
3166204,SENHORA DOS REMÉDIOS,MG,Sudeste,-21.035,-43.581
3157500,SANTA EFIGÊNIA DE MINAS,MG,Sudeste,-18.823,-42.439
3119609,CORONEL PACHECO,MG,Sudeste,-21.59,-43.256
3159902,SANTO ANTÔNIO DO AMPARO,MG,Sudeste,-20.943,-44.918
3164472,SÃO SEBASTIÃO DO ANTA,MG,Sudeste,-19.506,-41.985
3160959,SÃO DOMINGOS DAS DORES,MG,Sudeste,-19.525,-42.011
3168804,TIRADENTES,MG,Sudeste,-21.11,-44.174
3108909,BRAZÓPOLIS,MG,Sudeste,-22.474,-45.617
3143104,MONTE CARMELO,MG,Sudeste,-18.73,-47.491
3131158,IPABA,MG,Sudeste,-19.416,-42.414
3123700,ENGENHEIRO CALDAS,MG,Sudeste,-19.206,-42.05
3143153,MONTE FORMOSO,MG,Sudeste,-16.869,-41.247
3125002,EWBANK DA CÂMARA,MG,Sudeste,-21.55,-43.507
3111309,CAMPO DO MEIO,MG,Sudeste,-21.113,-45.827
3135506,JEQUERI,MG,Sudeste,-20.454,-42.665
3145505,OLÍMPIO NORONHA,MG,Sudeste,-22.069,-45.266
3105202,BANDEIRA,MG,Sudeste,-15.878,-40.562
3116159,CHAPADA GAÚCHA,MG,Sudeste,-15.301,-45.612
3112604,CAPINÓPOLIS,MG,Sudeste,-18.686,-49.571
3139003,MACHADO,MG,Sudeste,-21.678,-45.922
3107604,BOM JESUS DA PENHA,MG,Sudeste,-21.015,-46.517
3156205,ROCHEDO DE MINAS,MG,Sudeste,-21.628,-43.017
3106309,BELO ORIENTE,MG,Sudeste,-19.22,-42.483
3136801,JURAMENTO,MG,Sudeste,-16.847,-43.587
3114402,CARMO DO RIO CLARO,MG,Sudeste,-20.974,-46.115
3168002,TAIOBEIRAS,MG,Sudeste,-15.811,-42.226
3138609,LIMA DUARTE,MG,Sudeste,-21.839,-43.793
3148608,PEÇANHA,MG,Sudeste,-18.544,-42.558
3119203,COROACI,MG,Sudeste,-18.616,-42.279
3158003,SANTA MARIA DE ITABIRA,MG,Sudeste,-19.443,-43.106
3121100,DELFIM MOREIRA,MG,Sudeste,-22.504,-45.279
3161403,SÃO FRANCISCO DO GLÓRIA,MG,Sudeste,-20.792,-42.267
3108503,BOTUMIRIM,MG,Sudeste,-16.866,-43.009
3151404,PITANGUI,MG,Sudeste,-19.674,-44.896
3160108,SANTO ANTÔNIO DO GRAMA,MG,Sudeste,-20.319,-42.605
3163201,SÃO JOSÉ DO ALEGRE,MG,Sudeste,-22.324,-45.526
3122405,DIVISA NOVA,MG,Sudeste,-21.509,-46.19
3140902,MATIPÓ,MG,Sudeste,-20.287,-42.34
3150109,PIAU,MG,Sudeste,-21.51,-43.313
3153202,PRESIDENTE JUSCELINO,MG,Sudeste,-18.64,-44.06
3112653,CAPITÃO ANDRADE,MG,Sudeste,-19.075,-41.861
3130705,INDIANÓPOLIS,MG,Sudeste,-19.034,-47.916
3133808,ITAÚNA,MG,Sudeste,-20.082,-44.58
3142700,MONTALVÂNIA,MG,Sudeste,-14.42,-44.372
3103900,ARAÚJOS,MG,Sudeste,-19.941,-45.167
3113107,CARANAÍBA,MG,Sudeste,-20.871,-43.742
3168051,TAPARUBA,MG,Sudeste,-19.762,-41.608
3124203,ESPERA FELIZ,MG,Sudeste,-20.651,-41.912
3129004,GUIRICEMA,MG,Sudeste,-21.01,-42.721
3137304,LAGOA DOS PATOS,MG,Sudeste,-16.978,-44.575
3147303,PARAISÓPOLIS,MG,Sudeste,-22.554,-45.78
3138658,LONTRA,MG,Sudeste,-15.901,-44.306
3110905,CAMPANHA,MG,Sudeste,-21.836,-45.4
3108552,BRASILÂNDIA DE MINAS,MG,Sudeste,-17.0,-46.008
3129400,IBERTIOGA,MG,Sudeste,-21.433,-43.964
3115706,CENTRAL DE MINAS,MG,Sudeste,-18.761,-41.314
3122470,DOM BOSCO,MG,Sudeste,-16.652,-46.26
3138625,LIMEIRA DO OESTE,MG,Sudeste,-19.551,-50.581
3169307,TRÊS CORAÇÕES,MG,Sudeste,-21.692,-45.251
3107208,BOCAINA DE MINAS,MG,Sudeste,-22.17,-44.397
3150158,PIEDADE DE CARATINGA,MG,Sudeste,-19.759,-42.076
3139904,MARIA DA FÉ,MG,Sudeste,-22.304,-45.377
3149903,PERDÕES,MG,Sudeste,-21.093,-45.09
3159100,SANTANA DOS MONTES,MG,Sudeste,-20.787,-43.695
3138682,LUISLÂNDIA,MG,Sudeste,-16.11,-44.589
3122454,DIVISÓPOLIS,MG,Sudeste,-15.725,-41.0
3130101,IGARAPÉ,MG,Sudeste,-20.071,-44.299
3171501,MATHIAS LOBATO,MG,Sudeste,-18.59,-41.917
3101300,ALAGOA,MG,Sudeste,-22.171,-44.641
3120706,CRUZEIRO DA FORTALEZA,MG,Sudeste,-18.944,-46.667
3118809,CORAÇÃO DE JESUS,MG,Sudeste,-16.684,-44.364
3125507,SÃO GONÇALO DO RIO PRETO,MG,Sudeste,-18.003,-43.385
3138674,LUISBURGO,MG,Sudeste,-20.447,-42.098
3170206,UBERLÂNDIA,MG,Sudeste,-18.914,-48.275
3132503,ITAMARANDIBA,MG,Sudeste,-17.855,-42.856
3102605,ANDRADAS,MG,Sudeste,-22.07,-46.572
3165800,SENADOR JOSÉ BENTO,MG,Sudeste,-22.163,-46.179
3155801,RIO POMBA,MG,Sudeste,-21.271,-43.17
3136009,JOAÍMA,MG,Sudeste,-16.652,-41.023
3146008,OURO FINO,MG,Sudeste,-22.278,-46.372
3164506,SÃO SEBASTIÃO DO MARANHÃO,MG,Sudeste,-18.087,-42.566
3167608,SIMONÉSIA,MG,Sudeste,-20.134,-42.009
3126802,FREI GASPAR,MG,Sudeste,-18.071,-41.432
3154507,RIACHO DOS MACHADOS,MG,Sudeste,-16.009,-43.049
3104403,ARGIRITA,MG,Sudeste,-21.608,-42.829
3157609,SANTA FÉ DE MINAS,MG,Sudeste,-16.686,-45.41
3166303,SERICITA,MG,Sudeste,-20.475,-42.483
3109006,BRUMADINHO,MG,Sudeste,-20.151,-44.201
3169356,TRÊS MARIAS,MG,Sudeste,-18.205,-45.247
3117504,CONCEIÇÃO DO MATO DENTRO,MG,Sudeste,-19.034,-43.422
3128600,GUARDA-MOR,MG,Sudeste,-17.767,-47.1
3141405,MEDINA,MG,Sudeste,-16.224,-41.473
3149952,PERIQUITO,MG,Sudeste,-19.157,-42.233
3131208,IPANEMA,MG,Sudeste,-19.799,-41.716
3158904,SANTANA DO MANHUAÇU,MG,Sudeste,-20.103,-41.928
3140100,MARILAC,MG,Sudeste,-18.508,-42.082
3143203,MONTE SANTO DE MINAS,MG,Sudeste,-21.187,-46.975
3133006,ITAMONTE,MG,Sudeste,-22.286,-44.868
3103108,ANTÔNIO PRADO DE MINAS,MG,Sudeste,-21.019,-42.111
3123809,ENGENHEIRO NAVARRO,MG,Sudeste,-17.283,-43.947
3104452,ARICANDUVA,MG,Sudeste,-17.867,-42.553
3172004,VISCONDE DO RIO BRANCO,MG,Sudeste,-21.013,-42.836
3110103,CAIANA,MG,Sudeste,-20.696,-41.929
3100906,ÁGUAS FORMOSAS,MG,Sudeste,-17.08,-40.938
3127305,GALILÉIA,MG,Sudeste,-19.0,-41.539
3144508,NAZARENO,MG,Sudeste,-21.217,-44.614
3162807,SÃO JOÃO EVANGELISTA,MG,Sudeste,-18.548,-42.766
3105509,BARÃO DE MONTE ALTO,MG,Sudeste,-21.244,-42.237
3152808,PRATA,MG,Sudeste,-19.309,-48.928
3127354,GLAUCILÂNDIA,MG,Sudeste,-16.848,-43.692
3134301,ITUMIRIM,MG,Sudeste,-21.317,-44.872
3140159,MÁRIO CAMPOS,MG,Sudeste,-20.058,-44.188
3129905,IBITIÚRA DE MINAS,MG,Sudeste,-22.06,-46.437
3112703,CAPITÃO ENÉAS,MG,Sudeste,-16.326,-43.708
3158953,SANTANA DO PARAÍSO,MG,Sudeste,-19.366,-42.545
3139102,MADRE DE DEUS DE MINAS,MG,Sudeste,-21.483,-44.329
3157658,SANTA HELENA DE MINAS,MG,Sudeste,-16.971,-40.673
3149101,PEDRALVA,MG,Sudeste,-22.239,-45.465
3156304,RODEIRO,MG,Sudeste,-21.203,-42.859
3127339,GAMELEIRAS,MG,Sudeste,-15.083,-43.125
3136900,JURUAIA,MG,Sudeste,-21.249,-46.574
3146909,PAPAGAIOS,MG,Sudeste,-19.442,-44.747
3116209,CHIADOR,MG,Sudeste,-22.0,-43.062
3106804,BIAS FORTES,MG,Sudeste,-21.602,-43.757
3109907,CAETANÓPOLIS,MG,Sudeste,-19.297,-44.419
3168903,TIROS,MG,Sudeste,-19.004,-45.963
3119302,COROMANDEL,MG,Sudeste,-18.473,-47.193
3118007,CONGONHAS,MG,Sudeste,-20.496,-43.851
3161502,SÃO GERALDO,MG,Sudeste,-20.925,-42.836
3108602,BRASÍLIA DE MINAS,MG,Sudeste,-16.21,-44.43
3151503,PIUMHI,MG,Sudeste,-20.476,-45.959
3127370,GOIABEIRA,MG,Sudeste,-18.981,-41.224
3160207,SANTO ANTÔNIO DO ITAMBÉ,MG,Sudeste,-18.461,-43.301
3123858,ENTRE FOLHAS,MG,Sudeste,-19.622,-42.231
3111408,CAMPO FLORIDO,MG,Sudeste,-19.763,-48.572
3165008,SÃO TIAGO,MG,Sudeste,-20.907,-44.51
3122504,DOM CAVATI,MG,Sudeste,-19.373,-42.112
3150208,PIEDADE DE PONTE NOVA,MG,Sudeste,-20.244,-42.738
3155009,RIO DOCE,MG,Sudeste,-20.241,-42.9
3130804,INGAÍ,MG,Sudeste,-21.402,-44.915
3135605,JEQUITAÍ,MG,Sudeste,-17.229,-44.438
3145604,OLIVEIRA,MG,Sudeste,-20.698,-44.829
3127388,GOIANÁ,MG,Sudeste,-21.536,-43.196
3136959,JUVENÍLIA,MG,Sudeste,-14.266,-44.16
3113206,CARANDAÍ,MG,Sudeste,-20.957,-43.811
3126000,FLORESTAL,MG,Sudeste,-19.888,-44.432
3129103,GURINHATÃ,MG,Sudeste,-19.214,-49.788
3137403,LAGOA DOURADA,MG,Sudeste,-20.914,-44.08
3147402,PARAOPEBA,MG,Sudeste,-19.273,-44.404
3149150,PEDRAS DE MARIA DA CRUZ,MG,Sudeste,-15.603,-44.391
3114501,CARMÓPOLIS DE MINAS,MG,Sudeste,-20.54,-44.634
3121209,DELFINÓPOLIS,MG,Sudeste,-20.347,-46.846
3168101,TAPIRA,MG,Sudeste,-19.917,-46.826
3138708,LUMINÁRIAS,MG,Sudeste,-21.515,-44.903
3148707,PEDRA AZUL,MG,Sudeste,-16.009,-41.291
3158102,SANTA MARIA DO SALTO,MG,Sudeste,-16.248,-40.151
3121258,DELTA,MG,Sudeste,-19.972,-47.784
3123007,DORES DE CAMPOS,MG,Sudeste,-21.114,-44.021
3100104,ABADIA DOS DOURADOS,MG,Sudeste,-18.483,-47.392
3163300,SÃO JOSÉ DO DIVINO,MG,Sudeste,-18.479,-41.391
3120805,CRUZÍLIA,MG,Sudeste,-21.84,-44.807
3133907,ITAVERAVA,MG,Sudeste,-20.677,-43.614
3142809,MONTE ALEGRE DE MINAS,MG,Sudeste,-18.869,-48.881
3170701,VARGINHA,MG,Sudeste,-21.556,-45.436
3124302,ESPINOSA,MG,Sudeste,-14.925,-42.809
3114550,CARNEIRINHO,MG,Sudeste,-19.699,-50.689
3102704,CACHOEIRA DE PAJEÚ,MG,Sudeste,-15.969,-41.495
3165909,SENADOR MODESTINO GONÇALVES,MG,Sudeste,-17.947,-43.217
3155900,RIO PRETO,MG,Sudeste,-22.086,-43.829
3148756,PEDRA BONITA,MG,Sudeste,-20.522,-42.33
3110608,CAMBUÍ,MG,Sudeste,-22.611,-46.057
3136108,JOANÉSIA,MG,Sudeste,-19.173,-42.678
3146107,OURO PRETO,MG,Sudeste,-20.38,-43.512
3164605,SÃO SEBASTIÃO DO OESTE,MG,Sudeste,-20.276,-45.006
3115805,CENTRALINA,MG,Sudeste,-18.585,-49.201
3169406,TRÊS PONTAS,MG,Sudeste,-21.369,-45.511
3126901,FREI INOCÊNCIO,MG,Sudeste,-18.556,-41.912
3107307,BOCAIÚVA,MG,Sudeste,-17.113,-43.81
3154606,RIBEIRÃO DAS NEVES,MG,Sudeste,-19.762,-44.084
3159209,SANTA RITA DE CALDAS,MG,Sudeste,-22.029,-46.339
3134806,JACUÍ,MG,Sudeste,-21.014,-46.736
3106002,BELA VISTA DE MINAS,MG,Sudeste,-19.83,-43.092
3109105,BUENO BRANDÃO,MG,Sudeste,-22.438,-46.349
3117603,CONCEIÇÃO DO PARÁ,MG,Sudeste,-19.746,-44.895
3156809,SABINÓPOLIS,MG,Sudeste,-18.665,-43.075
3170750,VARJÃO DE MINAS,MG,Sudeste,-18.374,-46.031
3141504,MENDES PIMENTEL,MG,Sudeste,-18.663,-41.405
3120839,CUPARAQUE,MG,Sudeste,-18.965,-41.099
3101409,ALBERTINA,MG,Sudeste,-22.202,-46.614
3140209,MARIPÁ DE MINAS,MG,Sudeste,-21.698,-42.955
3120409,CRISTIANO OTONI,MG,Sudeste,-20.832,-43.817
3118908,CORDISBURGO,MG,Sudeste,-19.122,-44.322
3103207,ARAÇAÍ,MG,Sudeste,-19.195,-44.249
3125606,FELISBURGO,MG,Sudeste,-16.635,-40.761
3133501,ITAPECERICA,MG,Sudeste,-20.47,-45.127
3142403,MOEMA,MG,Sudeste,-19.839,-45.413
3126950,FREI LAGONEGRO,MG,Sudeste,-18.175,-42.762
3127404,GONÇALVES,MG,Sudeste,-22.654,-45.856
3155504,RIO PARANAÍBA,MG,Sudeste,-19.186,-46.245
3164209,SÃO ROMÃO,MG,Sudeste,-16.364,-45.075
3104502,ARINOS,MG,Sudeste,-15.919,-46.104
3154200,RESENDE COSTA,MG,Sudeste,-20.917,-44.241
3165537,SARZEDO,MG,Sudeste,-20.037,-44.145
3128709,GUAXUPÉ,MG,Sudeste,-21.305,-46.708
3168606,TEÓFILO OTONI,MG,Sudeste,-17.86,-41.509
3116308,CIPOTÂNEA,MG,Sudeste,-20.903,-43.363
3141108,MATOZINHOS,MG,Sudeste,-19.554,-44.087
3106903,BICAS,MG,Sudeste,-21.723,-43.056
3158607,SANTANA DO DESERTO,MG,Sudeste,-21.951,-43.158
3171204,VESPASIANO,MG,Sudeste,-19.688,-43.924
3165578,SENADOR AMARAL,MG,Sudeste,-22.587,-46.176
3160702,SANTOS DUMONT,MG,Sudeste,-21.463,-43.55
3163805,SÃO MIGUEL DO ANTA,MG,Sudeste,-20.707,-42.717
3132206,ITAGUARA,MG,Sudeste,-20.395,-44.487
3162500,SÃO JOÃO DEL REI,MG,Sudeste,-21.131,-44.253
3150703,PIRAJUBA,MG,Sudeste,-19.909,-48.703
3100609,ÁGUA BOA,MG,Sudeste,-17.991,-42.381
3153806,QUELUZITO,MG,Sudeste,-20.742,-43.885
3152501,POUSO ALEGRE,MG,Sudeste,-22.227,-45.939
3126109,FORMIGA,MG,Sudeste,-20.462,-45.427
3165552,SETUBINHA,MG,Sudeste,-17.6,-42.159
3113701,CARLOS CHAGAS,MG,Sudeste,-17.697,-40.772
3105608,BARBACENA,MG,Sudeste,-21.221,-43.77
3167301,SILVEIRÂNIA,MG,Sudeste,-21.162,-43.213
3144201,NACIP RAYDAN,MG,Sudeste,-18.454,-42.248
3115003,CASCALHO RICO,MG,Sudeste,-18.577,-47.872
3124807,ESTRELA DO SUL,MG,Sudeste,-18.74,-47.696
3134004,ITINGA,MG,Sudeste,-16.61,-41.767
3165560,SEM-PEIXE,MG,Sudeste,-20.101,-42.848
3157302,SANTA BÁRBARA DO TUGÚRIO,MG,Sudeste,-21.243,-43.561
3147907,PASSOS,MG,Sudeste,-20.719,-46.609
3139201,MALACACHETA,MG,Sudeste,-17.846,-42.077
3149200,PEDRINÓPOLIS,MG,Sudeste,-19.224,-47.458
3137908,LAMIM,MG,Sudeste,-20.79,-43.471
3147956,PATIS,MG,Sudeste,-16.077,-44.079
3169901,UBÁ,MG,Sudeste,-21.12,-42.936
3159704,SANTA ROSA DA SERRA,MG,Sudeste,-19.519,-45.961
3123528,DURANDÉ,MG,Sudeste,-20.206,-41.798
3157336,SANTA CRUZ DE MINAS,MG,Sudeste,-21.124,-44.22
3162559,SÃO JOÃO DO MANHUAÇU,MG,Sudeste,-20.393,-42.153
3123502,DOURADOQUARA,MG,Sudeste,-18.434,-47.599
3108701,BRÁS PIRES,MG,Sudeste,-20.842,-43.241
3127073,FRUTA DE LEITE,MG,Sudeste,-16.122,-42.529
3101904,ALPINÓPOLIS,MG,Sudeste,-20.863,-46.388
3111101,CAMPINA VERDE,MG,Sudeste,-19.538,-49.486
3145307,NOVO CRUZEIRO,MG,Sudeste,-17.465,-41.883
3135308,JAPARAÍBA,MG,Sudeste,-20.144,-45.502
3170800,VÁRZEA DA PALMA,MG,Sudeste,-17.594,-44.723
3157377,SANTA CRUZ DE SALINAS,MG,Sudeste,-16.097,-41.742
3127057,FRONTEIRA DOS VALES,MG,Sudeste,-16.89,-40.923
3166006,SENHORA DE OLIVEIRA,MG,Sudeste,-20.797,-43.339
3112406,CAPETINGA,MG,Sudeste,-20.616,-47.057
3162575,SÃO JOÃO DO MANTENINHA,MG,Sudeste,-18.723,-41.163
3156007,RIO VERMELHO,MG,Sudeste,-18.292,-43.002
3107406,BOM DESPACHO,MG,Sudeste,-19.739,-45.262
3146602,PAIVA,MG,Sudeste,-21.291,-43.409
3136603,NOVA UNIÃO,MG,Sudeste,-19.688,-43.583
3114204,CARMO DO CAJURU,MG,Sudeste,-20.191,-44.766
3166907,SERRANIA,MG,Sudeste,-21.544,-46.042
3119005,CORDISLÂNDIA,MG,Sudeste,-21.789,-45.7
3156908,SACRAMENTO,MG,Sudeste,-19.862,-47.451
3161205,SÃO FRANCISCO DE PAULA,MG,Sudeste,-20.704,-44.984
3109600,CACHOEIRA DA PRATA,MG,Sudeste,-19.521,-44.454
3148400,PAULISTAS,MG,Sudeste,-18.428,-42.863
3138401,LEOPOLDINA,MG,Sudeste,-21.53,-42.642
3108305,BORDA DA MATA,MG,Sudeste,-22.271,-46.165
3151206,PIRAPORA,MG,Sudeste,-17.339,-44.934
3163003,SÃO JOSÉ DA SAFIRA,MG,Sudeste,-18.324,-42.143
3131802,ITABIRINHA,MG,Sudeste,-18.571,-41.234
3122207,DIVINOLÂNDIA DE MINAS,MG,Sudeste,-18.8,-42.61
3153004,PRATINHA,MG,Sudeste,-19.739,-46.376
3140704,MATEUS LEME,MG,Sudeste,-19.979,-44.432
3145372,NOVORIZONTE,MG,Sudeste,-16.016,-42.404
3143807,MUNHOZ,MG,Sudeste,-22.609,-46.362
3130507,ILICÍNEA,MG,Sudeste,-20.94,-45.831
3111150,CAMPO AZUL,MG,Sudeste,-16.503,-44.81
3133600,ITAPEVA,MG,Sudeste,-22.767,-46.224
3142502,MONJOLOS,MG,Sudeste,-18.325,-44.118
3166956,SERRANÓPOLIS DE MINAS,MG,Sudeste,-15.818,-42.873
3103702,ARAPONGA,MG,Sudeste,-20.669,-42.518
3124005,ERVÁLIA,MG,Sudeste,-20.84,-42.654
3136652,JUATUBA,MG,Sudeste,-19.945,-44.345
3145356,NOVO ORIENTE DE MINAS,MG,Sudeste,-17.409,-41.219
3147105,PARÁ DE MINAS,MG,Sudeste,-19.853,-44.611
3127909,GRUPIARA,MG,Sudeste,-18.5,-47.732
3110707,CAMBUQUIRA,MG,Sudeste,-21.854,-45.29
3135357,JAPONVAR,MG,Sudeste,-15.989,-44.276
3137106,LAGAMAR,MG,Sudeste,-18.176,-46.806
3103751,ARAPORÃ,MG,Sudeste,-18.436,-49.185
3169109,TOLEDO,MG,Sudeste,-22.742,-46.373
3115508,CAXAMBU,MG,Sudeste,-21.975,-44.932
3107000,BIQUINHAS,MG,Sudeste,-18.775,-45.497
3134905,JACUTINGA,MG,Sudeste,-22.286,-46.617
3149705,PERDIGÃO,MG,Sudeste,-19.941,-45.078
3139706,MARAVILHAS,MG,Sudeste,-19.508,-44.678
3130556,IMBÉ DE MINAS,MG,Sudeste,-19.602,-41.969
3116803,COLUNA,MG,Sudeste,-18.231,-42.835
3171303,VIÇOSA,MG,Sudeste,-20.756,-42.874
3120508,CRISTINA,MG,Sudeste,-22.208,-45.267
3101102,AIMORÉS,MG,Sudeste,-19.501,-41.075
3125309,FARIA LEMOS,MG,Sudeste,-20.81,-42.021
3118601,CONTAGEM,MG,Sudeste,-19.932,-44.054
3170008,UBAÍ,MG,Sudeste,-16.288,-44.778
3160801,SÃO BENTO ABADE,MG,Sudeste,-21.584,-45.07
3165602,SENADOR CORTES,MG,Sudeste,-21.799,-42.942
3132305,ITAIPÉ,MG,Sudeste,-17.401,-41.67
3150802,PIRANGA,MG,Sudeste,-20.683,-43.297
3102407,ALVORADA DE MINAS,MG,Sudeste,-18.733,-43.364
3155603,RIO PARDO DE MINAS,MG,Sudeste,-15.616,-42.541
3164308,SÃO ROQUE DE MINAS,MG,Sudeste,-20.249,-46.364
3113800,CARMÉSIA,MG,Sudeste,-19.088,-43.138
3167400,SILVIANÓPOLIS,MG,Sudeste,-22.027,-45.839
3126604,FRANCISCO DUMONT,MG,Sudeste,-17.311,-44.232
3154309,RESPLENDOR,MG,Sudeste,-19.319,-41.246
3144904,NOVA MÓDICA,MG,Sudeste,-18.442,-41.498
3104205,ARCOS,MG,Sudeste,-20.286,-45.537
3157401,SANTA CRUZ DO ESCALVADO,MG,Sudeste,-20.237,-42.817
3117306,CONCEIÇÃO DAS ALAGOAS,MG,Sudeste,-19.917,-48.384
3170057,UBAPORANGA,MG,Sudeste,-19.635,-42.106
3128402,GUARANI,MG,Sudeste,-21.356,-43.033
3107901,BOM REPOUSO,MG,Sudeste,-22.468,-46.144
3168705,TIMÓTEO,MG,Sudeste,-19.581,-42.647
3141207,MATUTINA,MG,Sudeste,-19.218,-45.966
3158706,SANTANA DO GARAMBÉU,MG,Sudeste,-21.598,-44.105
3121803,DIONÍSIO,MG,Sudeste,-19.843,-42.77
3131000,INHAÚMA,MG,Sudeste,-19.49,-44.393
3143005,MONTE BELO,MG,Sudeste,-21.327,-46.364
3123601,ELÓI MENDES,MG,Sudeste,-21.609,-45.569
3163904,SÃO PEDRO DA UNIÃO,MG,Sudeste,-21.131,-46.612
3162609,SÃO JOÃO DO ORIENTE,MG,Sudeste,-19.338,-42.157
3127107,FRUTAL,MG,Sudeste,-20.026,-48.935
3100708,ÁGUA COMPRIDA,MG,Sudeste,-20.058,-48.107
3153905,RAPOSOS,MG,Sudeste,-19.964,-43.808
3152600,POUSO ALTO,MG,Sudeste,-22.196,-44.975
3144300,NANUQUE,MG,Sudeste,-17.848,-40.353
3124906,EUGENÓPOLIS,MG,Sudeste,-21.1,-42.188
3134103,ITUETA,MG,Sudeste,-19.4,-41.175
3105301,BANDEIRA DO SUL,MG,Sudeste,-21.731,-46.383
3166105,SENHORA DO PORTO,MG,Sudeste,-18.891,-43.08
3129707,IBIRACI,MG,Sudeste,-20.461,-47.122
3112505,CAPIM BRANCO,MG,Sudeste,-19.547,-44.13
3156106,RITÁPOLIS,MG,Sudeste,-21.028,-44.32
3146701,PALMA,MG,Sudeste,-21.375,-42.312
3159803,SANTA VITÓRIA,MG,Sudeste,-18.841,-50.121
3136702,JUIZ DE FORA,MG,Sudeste,-21.759,-43.34
3116001,CHALÉ,MG,Sudeste,-20.045,-41.69
3106606,BERTÓPOLIS,MG,Sudeste,-17.059,-40.58
3144375,NATALÂNDIA,MG,Sudeste,-16.502,-46.487
3109709,CACHOEIRA DE MINAS,MG,Sudeste,-22.351,-45.781
3119104,CORINTO,MG,Sudeste,-18.369,-44.454
3161304,SÃO FRANCISCO DE SALES,MG,Sudeste,-19.861,-49.773
3162658,SÃO JOÃO DO PACUÍ,MG,Sudeste,-16.537,-44.513
3144359,NAQUE,MG,Sudeste,-19.229,-42.331
3108404,BOTELHOS,MG,Sudeste,-21.641,-46.391
3151305,PIRAÚBA,MG,Sudeste,-21.282,-43.017
3160009,SANTO ANTÔNIO DO AVENTUREIRO,MG,Sudeste,-21.761,-42.812
3131901,ITABIRITO,MG,Sudeste,-20.25,-43.804
3150000,PESCADOR,MG,Sudeste,-18.357,-41.601
3122306,DIVINÓPOLIS,MG,Sudeste,-20.145,-44.891
3111200,CAMPO BELO,MG,Sudeste,-20.893,-45.27
3140803,MATIAS BARBOSA,MG,Sudeste,-21.869,-43.313
3145406,OLARIA,MG,Sudeste,-21.86,-43.936
3152204,PORTEIRINHA,MG,Sudeste,-15.74,-43.028
3130606,INCONFIDENTES,MG,Sudeste,-22.314,-46.326
3113008,CARAÍ,MG,Sudeste,-17.186,-41.7
3135407,JECEABA,MG,Sudeste,-20.534,-43.989
3103801,ARAPUÁ,MG,Sudeste,-19.027,-46.148
3146750,PALMÓPOLIS,MG,Sudeste,-16.736,-40.43
3145455,OLHOS-D'ÁGUA,MG,Sudeste,-17.398,-43.572
3106655,BERIZAL,MG,Sudeste,-15.61,-41.743
3147204,PARAGUAÇU,MG,Sudeste,-21.547,-45.737
3110806,CAMPANÁRIO,MG,Sudeste,-18.243,-41.736
3135456,JENIPAPO DE MINAS,MG,Sudeste,-17.083,-42.259
3137205,LAGOA DA PRATA,MG,Sudeste,-20.024,-45.54
3114303,CARMO DO PARANAÍBA,MG,Sudeste,-18.991,-46.317
3148509,PAVÃO,MG,Sudeste,-17.427,-41.004
3140852,MATIAS CARDOSO,MG,Sudeste,-14.856,-43.915
3121001,DATAS,MG,Sudeste,-18.448,-43.659
3122355,DIVISA ALEGRE,MG,Sudeste,-15.722,-41.346
3130655,INDAIABIRA,MG,Sudeste,-15.491,-42.2
3162252,SÃO JOÃO DA LAGOA,MG,Sudeste,-16.846,-44.351
3138500,LIBERDADE,MG,Sudeste,-22.027,-44.321
3171808,VIRGINÓPOLIS,MG,Sudeste,-18.815,-42.702
3116902,COMENDADOR GOMES,MG,Sudeste,-19.697,-49.079
3170529,URUCUIA,MG,Sudeste,-16.124,-45.735
3120607,CRUCILÂNDIA,MG,Sudeste,-20.392,-44.333
3130200,IGARATINGA,MG,Sudeste,-19.948,-44.706
3143906,MURIAÉ,MG,Sudeste,-21.13,-42.369
3142601,MONSENHOR PAULO,MG,Sudeste,-21.758,-45.539
3165701,SENADOR FIRMINO,MG,Sudeste,-20.916,-43.09
3124104,ESMERALDAS,MG,Sudeste,-19.764,-44.306
3170503,URUCÂNIA,MG,Sudeste,-20.352,-42.737
3110400,CAMACHO,MG,Sudeste,-20.629,-45.159
3102506,AMPARO DO SERRA,MG,Sudeste,-20.505,-42.801
3155702,RIO PIRACICABA,MG,Sudeste,-19.928,-43.183
3164407,SÃO SEBASTIÃO DA BELA VISTA,MG,Sudeste,-22.158,-45.755
3169208,TOMBOS,MG,Sudeste,-20.909,-42.023
3154002,RAUL SOARES,MG,Sudeste,-20.106,-42.45
3115607,CEDRO DO ABAETÉ,MG,Sudeste,-19.146,-45.712
3126703,FRANCISCO SÁ,MG,Sudeste,-16.483,-43.49
3107109,BOA ESPERANÇA,MG,Sudeste,-21.093,-45.561
3157906,SANTA MARGARIDA,MG,Sudeste,-20.384,-42.252
3134608,JABOTICATUBAS,MG,Sudeste,-19.512,-43.737
3166600,SERRA DA SAUDADE,MG,Sudeste,-19.445,-45.795
3159001,SANTANA DO RIACHO,MG,Sudeste,-19.166,-43.722
3149804,PERDIZES,MG,Sudeste,-19.343,-47.296
3170578,VARGEM ALEGRE,MG,Sudeste,-19.599,-42.295
3139805,MAR DE ESPANHA,MG,Sudeste,-21.871,-43.006
3117405,CONCEIÇÃO DE IPANEMA,MG,Sudeste,-19.933,-41.691
3141306,MEDEIROS,MG,Sudeste,-19.986,-46.218
3121902,DIVINÉSIA,MG,Sudeste,-20.992,-43.0
3120201,CRISTAIS,MG,Sudeste,-20.873,-45.517
3101201,AIURUOCA,MG,Sudeste,-21.974,-44.604
3143500,MORADA NOVA DE MINAS,MG,Sudeste,-18.6,-45.358
3125408,FELÍCIO DOS SANTOS,MG,Sudeste,-18.076,-43.242
3118700,COQUEIRAL,MG,Sudeste,-21.186,-45.437
3103009,ANTÔNIO DIAS,MG,Sudeste,-19.649,-42.873
3133303,ITAOBIM,MG,Sudeste,-16.557,-41.502
3142205,MIRAÍ,MG,Sudeste,-21.202,-42.612
3111705,CANAÃ,MG,Sudeste,-20.687,-42.617
3126752,FRANCISCÓPOLIS,MG,Sudeste,-17.958,-42.009
3165305,SÃO VICENTE DE MINAS,MG,Sudeste,-21.704,-44.443
3155306,RIO MANSO,MG,Sudeste,-20.267,-44.307
3127206,FUNILÂNDIA,MG,Sudeste,-19.366,-44.061
3164001,SÃO PEDRO DOS FERROS,MG,Sudeste,-20.173,-42.525
3135902,JESUÂNIA,MG,Sudeste,-21.989,-45.291
3104304,AREADO,MG,Sudeste,-21.357,-46.142
3156601,RUBIM,MG,Sudeste,-16.378,-40.54
3128501,GUARARÁ,MG,Sudeste,-21.73,-43.033
3161809,SÃO GONÇALO DO PARÁ,MG,Sudeste,-19.982,-44.859
3168408,TARUMIRIM,MG,Sudeste,-19.284,-42.01
3114808,CARVALHOS,MG,Sudeste,-22.0,-44.463
3158409,SANTANA DE CATAGUASES,MG,Sudeste,-21.289,-42.552
3116100,CHAPADA DO NORTE,MG,Sudeste,-17.088,-42.539
3106705,BETIM,MG,Sudeste,-19.967,-44.201
3142254,MIRAVÂNIA,MG,Sudeste,-14.735,-44.409
3121506,DESTERRO DO MELO,MG,Sudeste,-21.143,-43.518
3118304,CONSELHEIRO LAFAIETE,MG,Sudeste,-20.663,-43.785
3171006,VAZANTE,MG,Sudeste,-17.983,-46.909
3151800,POÇOS DE CALDAS,MG,Sudeste,-21.78,-46.569
3150539,PINGO-D'ÁGUA,MG,Sudeste,-19.729,-42.41
3160504,SANTO ANTÔNIO DO RIO ABAIXO,MG,Sudeste,-19.237,-43.26
3163607,SÃO JOSÉ DO MANTIMENTO,MG,Sudeste,-20.006,-41.749
3150505,PIMENTA,MG,Sudeste,-20.483,-45.805
3153608,PRUDENTE DE MORAIS,MG,Sudeste,-19.474,-44.159
3132008,ITACAMBIRA,MG,Sudeste,-17.062,-43.307
3162302,SÃO JOÃO DA MATA,MG,Sudeste,-21.928,-45.93
3100401,ACAIACA,MG,Sudeste,-20.359,-43.144
3122801,DOM VIÇOSO,MG,Sudeste,-22.251,-45.164
3152303,PORTO FIRME,MG,Sudeste,-20.664,-43.083
3113503,CARBONITA,MG,Sudeste,-17.526,-43.014
3167103,SERRO,MG,Sudeste,-18.599,-43.374
3144003,MUTUM,MG,Sudeste,-19.812,-41.441
3171030,VERDELÂNDIA,MG,Sudeste,-15.585,-43.612
3157104,SALTO DA DIVISA,MG,Sudeste,-16.006,-39.939
3147709,PASSA TEMPO,MG,Sudeste,-20.654,-44.493
3105400,BARÃO DE COCAIS,MG,Sudeste,-19.939,-43.475
3124609,ESTRELA DALVA,MG,Sudeste,-21.741,-42.457
3132909,ITAMOGI,MG,Sudeste,-21.076,-47.046
3129806,IBIRITÉ,MG,Sudeste,-20.025,-44.057
3149002,PEDRA DOURADA,MG,Sudeste,-20.827,-42.151
3150570,PINTÓPOLIS,MG,Sudeste,-16.057,-45.14
3117009,COMERCINHO,MG,Sudeste,-16.296,-41.794
3137700,LAJINHA,MG,Sudeste,-20.154,-41.623
3169703,TURMALINA,MG,Sudeste,-17.283,-42.728
3159506,SANTA RITA DO ITUETO,MG,Sudeste,-19.358,-41.382
3128105,GUAPÉ,MG,Sudeste,-20.763,-45.915
3109808,CACHOEIRA DOURADA,MG,Sudeste,-18.516,-49.504
3171071,VEREDINHA,MG,Sudeste,-17.397,-42.731
3123304,DORES DO TURVO,MG,Sudeste,-20.979,-43.183
3101706,ALMENARA,MG,Sudeste,-16.178,-40.694
3145109,NOVA RESENDE,MG,Sudeste,-21.129,-46.416
3125903,FERROS,MG,Sudeste,-19.234,-43.019
3170602,VARGEM BONITA,MG,Sudeste,-20.333,-46.369
3135100,JANAÚBA,MG,Sudeste,-15.802,-43.313
3112208,CAPELA NOVA,MG,Sudeste,-20.918,-43.622
3146404,PAINEIRAS,MG,Sudeste,-18.899,-45.532
3164902,SÃO SEBASTIÃO DO RIO VERDE,MG,Sudeste,-22.218,-44.976
3154903,RIO CASCA,MG,Sudeste,-20.229,-42.646
3114006,CARMO DA MATA,MG,Sudeste,-20.558,-44.873
3136405,JOAQUIM FELÍCIO,MG,Sudeste,-17.758,-44.164
3166709,SERRA DOS AIMORÉS,MG,Sudeste,-17.787,-40.245
3104809,AUGUSTO DE LIMA,MG,Sudeste,-18.1,-44.266
3109402,BURITIZEIRO,MG,Sudeste,-17.366,-44.961
3148202,PATROCÍNIO DO MURIAÉ,MG,Sudeste,-21.154,-42.212
3117900,CONGONHAL,MG,Sudeste,-22.149,-46.043
3161007,SÃO DOMINGOS DO PRATA,MG,Sudeste,-19.868,-42.971
3109451,CABECEIRA GRANDE,MG,Sudeste,-16.034,-47.086
3108107,BONFIM,MG,Sudeste,-20.33,-44.237
3151008,PIRANGUINHO,MG,Sudeste,-22.395,-45.532
3138203,LAVRAS,MG,Sudeste,-21.248,-45.001
3171907,VIRGOLÂNDIA,MG,Sudeste,-18.474,-42.307
3170651,VARGEM GRANDE DO RIO PARDO,MG,Sudeste,-15.399,-42.309
3161056,SÃO FÉLIX DE MINAS,MG,Sudeste,-18.596,-41.489
3141801,MINAS NOVAS,MG,Sudeste,-17.216,-42.588
3140530,MARTINS SOARES,MG,Sudeste,-20.255,-41.879
3131604,IRAÍ DE MINAS,MG,Sudeste,-18.982,-47.461
3122009,DIVINO,MG,Sudeste,-20.613,-42.144
3140506,MARTINHO CAMPOS,MG,Sudeste,-19.331,-45.243
3143609,MORRO DA GARÇA,MG,Sudeste,-18.536,-44.601
3130309,IGUATAMA,MG,Sudeste,-20.178,-45.711
3133402,ITAPAGIPE,MG,Sudeste,-19.906,-49.378
3142304,MOEDA,MG,Sudeste,-20.34,-44.051
3103504,ARAGUARI,MG,Sudeste,-18.646,-48.193
3110509,CAMANDUCAIA,MG,Sudeste,-22.752,-46.149
3154101,RECREIO,MG,Sudeste,-21.529,-42.468
3125952,FERVEDOURO,MG,Sudeste,-20.726,-42.279
3105905,BARROSO,MG,Sudeste,-21.191,-43.972
3127701,GOVERNADOR VALADARES,MG,Sudeste,-18.855,-41.956
3115300,CATAGUASES,MG,Sudeste,-21.392,-42.69
3149507,PEQUERI,MG,Sudeste,-21.834,-43.114
3134707,JACINTO,MG,Sudeste,-16.143,-40.295
3140555,MATA VERDE,MG,Sudeste,-15.687,-40.737
3139508,MANHUMIRIM,MG,Sudeste,-20.359,-41.959
3156700,SABARÁ,MG,Sudeste,-19.884,-43.826
3116605,CLÁUDIO,MG,Sudeste,-20.444,-44.767
3119708,CORONEL XAVIER CHAVES,MG,Sudeste,-21.028,-44.221
3118403,CONSELHEIRO PENA,MG,Sudeste,-19.179,-41.474
3120300,CRISTÁLIA,MG,Sudeste,-16.716,-42.857
3171105,VERÍSSIMO,MG,Sudeste,-19.666,-48.312
3154150,REDUTO,MG,Sudeste,-20.24,-41.985
3160603,SANTO HIPÓLITO,MG,Sudeste,-18.297,-44.223
3111804,CANÁPOLIS,MG,Sudeste,-18.721,-49.203
3165404,SAPUCAÍ-MIRIM,MG,Sudeste,-22.741,-45.738
3150604,PIRACEMA,MG,Sudeste,-20.509,-44.478
3125101,EXTREMA,MG,Sudeste,-22.854,-46.318
3155405,RIO NOVO,MG,Sudeste,-21.465,-43.117
3132107,ITACARAMBI,MG,Sudeste,-15.089,-44.095
3102209,ALVARENGA,MG,Sudeste,-19.417,-41.732
3122900,DONA EUSÉBIA,MG,Sudeste,-21.319,-42.807
3113602,CAREAÇU,MG,Sudeste,-22.042,-45.696
3164100,SÃO PEDRO DO SUAÇUÍ,MG,Sudeste,-18.361,-42.598
3167202,SETE LAGOAS,MG,Sudeste,-19.457,-44.241
3157203,SANTA BÁRBARA,MG,Sudeste,-19.96,-43.41
3147808,PASSA-VINTE,MG,Sudeste,-22.21,-44.234
3126406,FORTUNA DE MINAS,MG,Sudeste,-19.558,-44.447
3104007,ARAXÁ,MG,Sudeste,-19.59,-46.944
3115359,CATAS ALTAS,MG,Sudeste,-20.073,-43.406
3137809,LAMBARI,MG,Sudeste,-21.967,-45.35
3161908,SÃO GONÇALO DO RIO ABAIXO,MG,Sudeste,-19.822,-43.366
3168507,TEIXEIRAS,MG,Sudeste,-20.656,-42.856
3114907,CASA GRANDE,MG,Sudeste,-20.793,-43.934
3128204,GUARACIABA,MG,Sudeste,-20.572,-43.009
3151909,POCRANE,MG,Sudeste,-19.621,-41.633
3158508,SANTANA DE PIRAPAMA,MG,Sudeste,-18.996,-44.041
3141009,MATO VERDE,MG,Sudeste,-15.394,-42.86
3121605,DIAMANTINA,MG,Sudeste,-18.241,-43.603
3123403,DORESÓPOLIS,MG,Sudeste,-20.287,-45.901
3171154,VERMELHO NOVO,MG,Sudeste,-20.041,-42.269
3163706,SÃO LOURENÇO,MG,Sudeste,-22.117,-45.051
3153707,QUARTEL GERAL,MG,Sudeste,-19.27,-45.557
3162401,SÃO JOÃO DA PONTE,MG,Sudeste,-15.927,-44.01
3100500,AÇUCENA,MG,Sudeste,-19.067,-42.542
3152402,POTÉ,MG,Sudeste,-17.808,-41.786
3128253,GUARACIAMA,MG,Sudeste,-17.014,-43.667
3157278,SANTA BÁRBARA DO MONTE VERDE,MG,Sudeste,-21.959,-43.703
3144102,MUZAMBINHO,MG,Sudeste,-21.369,-46.521
3112307,CAPELINHA,MG,Sudeste,-17.689,-42.515
3124708,ESTRELA DO INDAIÁ,MG,Sudeste,-19.517,-45.786
3129509,IBIÁ,MG,Sudeste,-19.475,-46.547
3157252,SANTA BÁRBARA DO LESTE,MG,Sudeste,-19.975,-42.146
3117108,CONCEIÇÃO DA APARECIDA,MG,Sudeste,-21.096,-46.205
3146503,PAINS,MG,Sudeste,-20.37,-45.663
3169802,TURVOLÂNDIA,MG,Sudeste,-21.873,-45.786
3107703,BOM JESUS DO AMPARO,MG,Sudeste,-19.705,-43.478
3159605,SANTA RITA DO SAPUCAÍ,MG,Sudeste,-22.246,-45.703
3106408,BELO VALE,MG,Sudeste,-20.408,-44.028
3136504,JORDÂNIA,MG,Sudeste,-15.901,-40.184
3109501,CABO VERDE,MG,Sudeste,-21.47,-46.392
3161106,SÃO FRANCISCO,MG,Sudeste,-15.951,-44.859
3162450,SÃO JOÃO DAS MISSÕES,MG,Sudeste,-14.886,-44.092
3108206,BONFINÓPOLIS DE MINAS,MG,Sudeste,-16.568,-45.984
3151107,PIRAPETINGA,MG,Sudeste,-21.655,-42.343
3141900,MINDURI,MG,Sudeste,-21.68,-44.605
3131703,ITABIRA,MG,Sudeste,-19.624,-43.231
3111002,CAMPESTRE,MG,Sudeste,-21.708,-46.238
3101805,ALPERCATA,MG,Sudeste,-18.974,-41.97
3153301,PRESIDENTE KUBITSCHEK,MG,Sudeste,-18.619,-43.563
3145208,NOVA SERRANA,MG,Sudeste,-19.871,-44.985
3122108,DIVINO DAS LARANJEIRAS,MG,Sudeste,-18.776,-41.478
3140605,MATERLÂNDIA,MG,Sudeste,-18.47,-43.058
3152006,POMPÉU,MG,Sudeste,-19.226,-45.014
3162005,SÃO GONÇALO DO SAPUCAÍ,MG,Sudeste,-21.893,-45.589
3130408,IJACI,MG,Sudeste,-21.174,-44.923
3146552,PAI PEDRO,MG,Sudeste,-15.527,-43.07
3135209,JANUÁRIA,MG,Sudeste,-15.48,-44.364
3103603,ARANTINA,MG,Sudeste,-21.91,-44.255
3147006,PARACATU,MG,Sudeste,-17.225,-46.871
3136553,JOSÉ RAYDAN,MG,Sudeste,-18.22,-42.495
3108255,BONITO DE MINAS,MG,Sudeste,-15.323,-44.754
3137007,LADAINHA,MG,Sudeste,-17.628,-41.749
3136520,JOSÉ GONÇALVES DE MINAS,MG,Sudeste,-16.905,-42.601
3127800,GRÃO MOGOL,MG,Sudeste,-16.566,-42.892
3114105,CARMO DE MINAS,MG,Sudeste,-22.12,-45.131
3166808,SERRA DO SALITRE,MG,Sudeste,-19.108,-46.696
3104908,BAEPENDI,MG,Sudeste,-21.957,-44.887
3148301,PAULA CÂNDIDO,MG,Sudeste,-20.875,-42.975
3116704,COIMBRA,MG,Sudeste,-20.854,-42.801
3138302,LEANDRO FERREIRA,MG,Sudeste,-19.719,-45.028
3131307,IPATINGA,MG,Sudeste,-19.47,-42.548
3136579,JOSENÓPOLIS,MG,Sudeste,-16.542,-42.515
3171600,VIRGEM DA LAPA,MG,Sudeste,-16.807,-42.343
3143708,MORRO DO PILAR,MG,Sudeste,-19.224,-43.38
3111903,CANA VERDE,MG,Sudeste,-21.023,-45.18
3165503,SARDOÁ,MG,Sudeste,-18.783,-42.363
3170305,UMBURATIBA,MG,Sudeste,-17.255,-40.578
3110202,CAJURI,MG,Sudeste,-20.79,-42.792
3132602,ITAMARATI DE MINAS,MG,Sudeste,-21.418,-42.813
3102308,ALVINÓPOLIS,MG,Sudeste,-20.11,-43.053
3115409,CATAS ALTAS DA NORUEGA,MG,Sudeste,-20.69,-43.494
3138351,LEME DO PRADO,MG,Sudeste,-17.079,-42.694
3144607,NEPOMUCENO,MG,Sudeste,-21.232,-45.235
3152907,PRATÁPOLIS,MG,Sudeste,-20.741,-46.862
3162906,SÃO JOÃO NEPOMUCENO,MG,Sudeste,-21.538,-43.007
3169000,TOCANTINS,MG,Sudeste,-21.177,-43.013
3149606,PEQUI,MG,Sudeste,-19.628,-44.66
3134400,ITURAMA,MG,Sudeste,-19.728,-50.197
3157708,SANTA JULIANA,MG,Sudeste,-19.311,-47.532
3167707,SOBRÁLIA,MG,Sudeste,-19.235,-42.1
3126505,FRANCISCO BADARÓ,MG,Sudeste,-16.988,-42.357
3115458,CATUJI,MG,Sudeste,-17.302,-41.528
3169059,TOCOS DO MOJI,MG,Sudeste,-22.37,-46.097
3166402,SERITINGA,MG,Sudeste,-21.913,-44.518
3139607,MANTENA,MG,Sudeste,-18.776,-40.987
3119807,CÓRREGO DANTA,MG,Sudeste,-19.82,-45.903
3162948,SÃO JOSÉ DA BARRA,MG,Sudeste,-20.718,-46.313
3121704,DIOGO DE VASCONCELOS,MG,Sudeste,-20.488,-43.195
3143302,MONTES CLAROS,MG,Sudeste,-16.728,-43.858
3144656,NINHEIRA,MG,Sudeste,-15.315,-41.756
3118502,CONSOLAÇÃO,MG,Sudeste,-22.549,-45.925
3120003,CÓRREGO NOVO,MG,Sudeste,-19.836,-42.399
3101003,ÁGUAS VERMELHAS,MG,Sudeste,-15.743,-41.457
3133105,ITANHANDU,MG,Sudeste,-22.294,-44.938
3162955,SÃO JOSÉ DA LAPA,MG,Sudeste,-19.697,-43.959
3111507,CAMPOS ALTOS,MG,Sudeste,-19.691,-46.172
3162922,SÃO JOAQUIM DE BICAS,MG,Sudeste,-20.048,-44.275
3123908,ENTRE RIOS DE MINAS,MG,Sudeste,-20.671,-44.065
3125200,FAMA,MG,Sudeste,-21.409,-45.829
3155108,RIO DO PRADO,MG,Sudeste,-16.606,-40.571
3165107,SÃO TOMÁS DE AQUINO,MG,Sudeste,-20.779,-47.096
3145703,OLIVEIRA FORTES,MG,Sudeste,-21.34,-43.45
3115474,CATUTI,MG,Sudeste,-15.362,-42.963
3127008,FRONTEIRA,MG,Sudeste,-20.275,-49.198
3135704,JEQUITIBÁ,MG,Sudeste,-19.235,-44.03
3200409,ANCHIETA,ES,Sudeste,-20.796,-40.642
3203502,MONTANHA,ES,Sudeste,-18.13,-40.367
3202207,FUNDÃO,ES,Sudeste,-19.937,-40.408
3202256,GOVERNADOR LINDENBERG,ES,Sudeste,-19.186,-40.447
3204807,SÃO JOSÉ DO CALÇADO,ES,Sudeste,-21.027,-41.664
3201803,DIVINO DE SÃO LOURENÇO,ES,Sudeste,-20.623,-41.694
3204005,PANCAS,ES,Sudeste,-19.223,-40.853
3205309,VITÓRIA,ES,Sudeste,-20.316,-40.313
3200508,APIACÁ,ES,Sudeste,-21.152,-41.569
3202306,GUAÇUÍ,ES,Sudeste,-20.767,-41.673
3204054,PEDRO CANÁRIO,ES,Sudeste,-18.3,-39.957
3203601,MUCURICI,ES,Sudeste,-18.096,-40.52
3201001,BOA ESPERANÇA,ES,Sudeste,-18.54,-40.303
3204906,SÃO MATEUS,ES,Sudeste,-18.721,-39.858
3204955,SÃO ROQUE DO CANAÃ,ES,Sudeste,-19.741,-40.653
3202801,ITAPEMIRIM,ES,Sudeste,-21.009,-40.831
3201506,COLATINA,ES,Sudeste,-19.549,-40.627
3205002,SERRA,ES,Sudeste,-20.121,-40.307
3205010,SOORETAMA,ES,Sudeste,-19.19,-40.097
3200201,ALEGRE,ES,Sudeste,-20.758,-41.538
3205036,VARGEM ALTA,ES,Sudeste,-20.669,-41.018
3203304,MANTENÓPOLIS,ES,Sudeste,-18.859,-41.124
3205069,VENDA NOVA DO IMIGRANTE,ES,Sudeste,-20.327,-41.136
3203346,MARECHAL FLORIANO,ES,Sudeste,-20.416,-40.67
3202009,DORES DO RIO PRETO,ES,Sudeste,-20.693,-41.84
3203353,MARILÂNDIA,ES,Sudeste,-19.411,-40.546
3203320,MARATAÍZES,ES,Sudeste,-21.04,-40.838
3204609,SANTA TERESA,ES,Sudeste,-19.936,-40.598
3202900,ITARANA,ES,Sudeste,-19.875,-40.875
3201605,CONCEIÇÃO DA BARRA,ES,Sudeste,-18.588,-39.736
3204658,SÃO DOMINGOS DO NORTE,ES,Sudeste,-19.145,-40.628
3205101,VIANA,ES,Sudeste,-20.383,-40.493
3205176,VILA VALÉRIO,ES,Sudeste,-18.996,-40.385
3200300,ALFREDO CHAVES,ES,Sudeste,-20.64,-40.754
3200359,ALTO RIO NOVO,ES,Sudeste,-19.062,-41.021
3202108,ECOPORANGA,ES,Sudeste,-18.37,-40.836
3205150,VILA PAVÃO,ES,Sudeste,-18.609,-40.609
3203403,MIMOSO DO SUL,ES,Sudeste,-21.063,-41.361
3204708,SÃO GABRIEL DA PALHA,ES,Sudeste,-19.018,-40.536
3203007,IÚNA,ES,Sudeste,-20.353,-41.533
3203056,JAGUARÉ,ES,Sudeste,-18.907,-40.076
3200805,BAIXO GUANDU,ES,Sudeste,-19.521,-41.011
3204351,RIO BANANAL,ES,Sudeste,-19.272,-40.337
3202603,ICONHA,ES,Sudeste,-20.791,-40.813
3201308,CARIACICA,ES,Sudeste,-20.263,-40.416
3202652,IRUPI,ES,Sudeste,-20.35,-41.644
3203908,NOVA VENÉCIA,ES,Sudeste,-18.715,-40.405
3203106,JERÔNIMO MONTEIRO,ES,Sudeste,-20.799,-41.395
3203130,JOÃO NEIVA,ES,Sudeste,-19.758,-40.386
3204401,RIO NOVO DO SUL,ES,Sudeste,-20.856,-40.939
3203163,LARANJA DA TERRA,ES,Sudeste,-19.899,-41.062
3200904,BARRA DE SÃO FRANCISCO,ES,Sudeste,-18.755,-40.897
3202702,ITAGUAÇU,ES,Sudeste,-19.802,-40.86
3201407,CASTELO,ES,Sudeste,-20.603,-41.203
3200102,AFONSO CLÁUDIO,ES,Sudeste,-20.078,-41.126
3200169,ÁGUA DOCE DO NORTE,ES,Sudeste,-18.548,-40.985
3200136,ÁGUIA BRANCA,ES,Sudeste,-18.985,-40.744
3203205,LINHARES,ES,Sudeste,-19.395,-40.064
3204500,SANTA LEOPOLDINA,ES,Sudeste,-20.1,-40.527
3201902,DOMINGOS MARTINS,ES,Sudeste,-20.36,-40.659
3204559,SANTA MARIA DE JETIBÁ,ES,Sudeste,-20.025,-40.744
3200607,ARACRUZ,ES,Sudeste,-19.82,-40.276
3204104,PINHEIROS,ES,Sudeste,-18.414,-40.217
3202405,GUARAPARI,ES,Sudeste,-20.677,-40.509
3201100,BOM JESUS DO NORTE,ES,Sudeste,-21.117,-41.673
3202454,IBATIBA,ES,Sudeste,-20.235,-41.509
3203700,MUNIZ FREIRE,ES,Sudeste,-20.465,-41.416
3201159,BREJETUBA,ES,Sudeste,-20.14,-41.295
3204203,PIÚMA,ES,Sudeste,-20.833,-40.727
3200706,ATILIO VIVACQUA,ES,Sudeste,-20.913,-41.199
3202504,IBIRAÇU,ES,Sudeste,-19.837,-40.373
3201209,CACHOEIRO DE ITAPEMIRIM,ES,Sudeste,-20.846,-41.12
3204252,PONTO BELO,ES,Sudeste,-18.125,-40.546
3202553,IBITIRAMA,ES,Sudeste,-20.547,-41.667
3203809,MUQUI,ES,Sudeste,-20.951,-41.346
3201704,CONCEIÇÃO DO CASTELO,ES,Sudeste,-20.364,-41.242
3204302,PRESIDENTE KENNEDY,ES,Sudeste,-21.096,-41.047
3205200,VILA VELHA,ES,Sudeste,-20.342,-40.288
3302601,MANGARATIBA,RJ,Sudeste,-22.959,-44.041
3306107,VALENÇA,RJ,Sudeste,-22.244,-43.713
3300258,ARRAIAL DO CABO,RJ,Sudeste,-22.977,-42.027
3306156,VARRE-SAI,RJ,Sudeste,-20.928,-41.87
3303955,PINHEIRAL,RJ,Sudeste,-22.517,-44.002
3305703,SUMIDOURO,RJ,Sudeste,-22.049,-42.676
3304409,RIO CLARO,RJ,Sudeste,-22.72,-44.142
3305752,TANGUÁ,RJ,Sudeste,-22.742,-42.72
3303104,NATIVIDADE,RJ,Sudeste,-21.039,-41.97
3301603,DUAS BARRAS,RJ,Sudeste,-22.054,-42.523
3300308,BARRA DO PIRAÍ,RJ,Sudeste,-22.471,-43.827
3306206,VASSOURAS,RJ,Sudeste,-22.406,-43.669
3302700,MARICÁ,RJ,Sudeste,-22.935,-42.825
3305802,TERESÓPOLIS,RJ,Sudeste,-22.416,-42.975
3304508,RIO DAS FLORES,RJ,Sudeste,-22.169,-43.586
3305406,SAPUCAIA,RJ,Sudeste,-21.995,-42.914
3304102,PORCIÚNCULA,RJ,Sudeste,-20.963,-42.047
3304110,PORTO REAL,RJ,Sudeste,-22.418,-44.295
3304144,QUEIMADOS,RJ,Sudeste,-22.71,-43.552
3304151,QUISSAMÃ,RJ,Sudeste,-22.103,-41.469
3304128,QUATIS,RJ,Sudeste,-22.404,-44.26
3300803,CACHOEIRAS DE MACACU,RJ,Sudeste,-22.466,-42.652
3301306,CASIMIRO DE ABREU,RJ,Sudeste,-22.481,-42.207
3303708,PARAÍBA DO SUL,RJ,Sudeste,-22.159,-43.304
3302403,MACAÉ,RJ,Sudeste,-22.377,-41.785
3302452,MACUCO,RJ,Sudeste,-21.981,-42.253
3300902,CAMBUCI,RJ,Sudeste,-21.569,-41.919
3305505,SAQUAREMA,RJ,Sudeste,-22.929,-42.51
3304201,RESENDE,RJ,Sudeste,-22.471,-44.451
3305554,SEROPÉDICA,RJ,Sudeste,-22.753,-43.715
3300951,COMENDADOR LEVY GASPARIAN,RJ,Sudeste,-22.04,-43.214
3300936,CARAPEBUS,RJ,Sudeste,-22.182,-41.663
3301405,CONCEIÇÃO DE MACABU,RJ,Sudeste,-22.083,-41.872
3300100,ANGRA DOS REIS,RJ,Sudeste,-23.001,-44.32
3306008,TRÊS RIOS,RJ,Sudeste,-22.116,-43.218
3300159,APERIBÉ,RJ,Sudeste,-21.625,-42.102
3303807,PARATY,RJ,Sudeste,-23.222,-44.718
3302502,MAGÉ,RJ,Sudeste,-22.663,-43.032
3303856,PATY DO ALFERES,RJ,Sudeste,-22.431,-43.428
3305604,SILVA JARDIM,RJ,Sudeste,-22.657,-42.396
3302106,ITAOCARA,RJ,Sudeste,-21.675,-42.076
3305208,SÃO PEDRO DA ALDEIA,RJ,Sudeste,-22.843,-42.103
3301900,ITABORAÍ,RJ,Sudeste,-22.756,-42.864
3300605,BOM JESUS DO ITABAPOANA,RJ,Sudeste,-21.145,-41.682
3304805,SÃO FIDÉLIS,RJ,Sudeste,-21.655,-41.756
3301108,CANTAGALO,RJ,Sudeste,-21.98,-42.366
3301157,CARDOSO MOREIRA,RJ,Sudeste,-21.485,-41.617
3303500,NOVA IGUAÇU,RJ,Sudeste,-22.756,-43.46
3302205,ITAPERUNA,RJ,Sudeste,-21.2,-41.88
3302254,ITATIAIA,RJ,Sudeste,-22.49,-44.568
3300704,CABO FRIO,RJ,Sudeste,-22.889,-42.029
3305307,SÃO SEBASTIÃO DO ALTO,RJ,Sudeste,-21.958,-42.133
3304003,PIRAÍ,RJ,Sudeste,-22.622,-43.908
3302270,JAPERI,RJ,Sudeste,-22.643,-43.66
3304904,SÃO GONÇALO,RJ,Sudeste,-22.827,-43.063
3301207,CARMO,RJ,Sudeste,-21.931,-42.605
3303609,PARACAMBI,RJ,Sudeste,-22.608,-43.711
3304557,RIO DE JANEIRO,RJ,Sudeste,-22.913,-43.2
3302304,LAJE DO MURIAÉ,RJ,Sudeste,-21.209,-42.127
3304524,RIO DAS OSTRAS,RJ,Sudeste,-22.517,-41.947
3303203,NILÓPOLIS,RJ,Sudeste,-22.806,-43.423
3305000,SÃO JOÃO DA BARRA,RJ,Sudeste,-21.638,-41.045
3301702,DUQUE DE CAXIAS,RJ,Sudeste,-22.786,-43.305
3300407,BARRA MANSA,RJ,Sudeste,-22.548,-44.175
3302809,MENDES,RJ,Sudeste,-22.524,-43.731
3300456,BELFORD ROXO,RJ,Sudeste,-22.764,-43.399
3302858,MESQUITA,RJ,Sudeste,-22.803,-43.46
3305901,TRAJANO DE MORAES,RJ,Sudeste,-22.064,-42.064
3304607,SANTA MARIA MADALENA,RJ,Sudeste,-21.955,-42.01
3303302,NITERÓI,RJ,Sudeste,-22.883,-43.103
3302007,ITAGUAÍ,RJ,Sudeste,-22.864,-43.78
3302056,ITALVA,RJ,Sudeste,-21.43,-41.701
3301801,ENGENHEIRO PAULO DE FRONTIN,RJ,Sudeste,-22.55,-43.683
3300506,BOM JARDIM,RJ,Sudeste,-22.154,-42.425
3305109,SÃO JOÃO DE MERITI,RJ,Sudeste,-22.806,-43.373
3305158,SÃO JOSÉ DO VALE DO RIO PRETO,RJ,Sudeste,-22.152,-42.933
3305133,SÃO JOSÉ DE UBÁ,RJ,Sudeste,-21.366,-41.951
3301876,IGUABA GRANDE,RJ,Sudeste,-22.849,-42.23
3301850,GUAPIMIRIM,RJ,Sudeste,-22.535,-42.989
3302908,MIGUEL PEREIRA,RJ,Sudeste,-22.457,-43.48
3304706,SANTO ANTÔNIO DE PÁDUA,RJ,Sudeste,-21.541,-42.183
3301009,CAMPOS DOS GOYTACAZES,RJ,Sudeste,-21.762,-41.318
3304755,SÃO FRANCISCO DE ITABAPOANA,RJ,Sudeste,-21.47,-41.109
3304300,RIO BONITO,RJ,Sudeste,-22.718,-42.628
3303401,NOVA FRIBURGO,RJ,Sudeste,-22.293,-42.538
3303005,MIRACEMA,RJ,Sudeste,-21.415,-42.194
3300225,AREAL,RJ,Sudeste,-22.228,-43.112
3301504,CORDEIRO,RJ,Sudeste,-22.027,-42.365
3300233,ARMAÇÃO DOS BÚZIOS,RJ,Sudeste,-22.753,-41.885
3300209,ARARUAMA,RJ,Sudeste,-22.87,-42.333
3303906,PETRÓPOLIS,RJ,Sudeste,-22.52,-43.193
3513009,COTIA,SP,Sudeste,-23.602,-46.919
3532827,NOVA CAMPINA,SP,Sudeste,-24.122,-48.902
3502507,APARECIDA,SP,Sudeste,-22.849,-45.233
3543303,RIBEIRÃO PIRES,SP,Sudeste,-23.707,-46.406
3542008,QUINTANA,SP,Sudeste,-22.069,-50.307
3545100,SALMOURÃO,SP,Sudeste,-21.627,-50.861
3532801,NOVA ALIANÇA,SP,Sudeste,-21.016,-49.499
3535903,PARANAPUÃ,SP,Sudeste,-20.105,-50.589
3522802,ITAPORANGA,SP,Sudeste,-23.704,-49.482
3525904,JUNDIAÍ,SP,Sudeste,-23.185,-46.897
3534609,OSVALDO CRUZ,SP,Sudeste,-21.797,-50.879
3516101,FLORÍNIA,SP,Sudeste,-22.868,-50.681
3508207,BURITIZAL,SP,Sudeste,-20.191,-47.71
3506904,BOFETE,SP,Sudeste,-23.105,-48.258
3532868,NOVA CASTILHO,SP,Sudeste,-20.762,-50.348
3539400,PIRATININGA,SP,Sudeste,-22.414,-49.134
3524600,JACUPIRANGA,SP,Sudeste,-24.696,-48.006
3538105,PINDORAMA,SP,Sudeste,-21.185,-48.909
3528700,MARABÁ PAULISTA,SP,Sudeste,-22.107,-51.962
3511508,CERQUILHO,SP,Sudeste,-23.166,-47.746
3532843,NOVA CANAÃ PAULISTA,SP,Sudeste,-20.384,-50.948
3553104,TAIAÇU,SP,Sudeste,-21.143,-48.511
3500808,ALFREDO MARCONDES,SP,Sudeste,-21.953,-51.414
3541604,PROMISSÃO,SP,Sudeste,-21.536,-49.86
3510203,CAPÃO BONITO,SP,Sudeste,-24.011,-48.348
3505609,BARRINHA,SP,Sudeste,-21.186,-48.164
3540309,PONTES GESTAL,SP,Sudeste,-20.173,-49.706
3541653,QUADRA,SP,Sudeste,-23.299,-48.055
3545159,SALTINHO,SP,Sudeste,-22.844,-47.675
3527405,LUCÉLIA,SP,Sudeste,-21.718,-51.022
3542909,RIBEIRÃO BONITO,SP,Sudeste,-22.069,-48.182
3517406,GUAÍRA,SP,Sudeste,-20.32,-48.312
3526100,JUQUIÁ,SP,Sudeste,-24.31,-47.643
3547700,SANTO ANASTÁCIO,SP,Sudeste,-21.975,-51.653
3546405,SANTA CRUZ DO RIO PARDO,SP,Sudeste,-22.899,-49.635
3549508,SÃO JOSÉ DA BELA VISTA,SP,Sudeste,-20.593,-47.642
3550308,SÃO PAULO,SP,Sudeste,-23.533,-46.639
3503000,ARAMINA,SP,Sudeste,-20.088,-47.787
3548203,SANTO ANTÔNIO DO PINHAL,SP,Sudeste,-22.827,-45.663
3518701,GUARUJÁ,SP,Sudeste,-23.989,-46.258
3533304,NOVA LUZITÂNIA,SP,Sudeste,-20.856,-50.262
3532009,MORUNGABA,SP,Sudeste,-22.881,-46.79
3523305,ITARIRI,SP,Sudeste,-24.283,-47.174
3552700,TABATINGA,SP,Sudeste,-21.724,-48.69
3513900,DIVINOLÂNDIA,SP,Sudeste,-21.664,-46.736
3535101,PALMARES PAULISTA,SP,Sudeste,-21.085,-48.804
3522000,ITAJU,SP,Sudeste,-21.986,-48.812
3504305,AVAÍ,SP,Sudeste,-22.151,-49.336
3512605,CORONEL MACEDO,SP,Sudeste,-23.626,-49.31
3525102,JARDINÓPOLIS,SP,Sudeste,-21.018,-47.761
3515707,FERRAZ DE VASCONCELOS,SP,Sudeste,-23.541,-46.371
3506102,BEBEDOURO,SP,Sudeste,-20.949,-48.479
3556206,VALINHOS,SP,Sudeste,-22.97,-46.997
3529203,MARTINÓPOLIS,SP,Sudeste,-22.146,-51.171
3514403,DRACENA,SP,Sudeste,-21.484,-51.535
3544707,SAGRES,SP,Sudeste,-21.882,-50.959
3519204,IACRI,SP,Sudeste,-21.857,-50.693
3551405,SERRA AZUL,SP,Sudeste,-21.307,-47.56
3501301,ÁLVARES MACHADO,SP,Sudeste,-22.076,-51.472
3532058,MOTUCA,SP,Sudeste,-21.51,-48.154
3531605,MONTE CASTELO,SP,Sudeste,-21.298,-51.568
3519253,IARAS,SP,Sudeste,-22.868,-49.163
3521606,IRAPURU,SP,Sudeste,-21.568,-51.347
3530300,MIRASSOL,SP,Sudeste,-20.817,-49.521
3555802,URÂNIA,SP,Sudeste,-20.245,-50.645
3520301,IGUAPE,SP,Sudeste,-24.699,-47.554
3543402,RIBEIRÃO PRETO,SP,Sudeste,-21.17,-47.81
3554508,TIETÊ,SP,Sudeste,-23.11,-47.716
3542107,RAFARD,SP,Sudeste,-23.011,-47.532
3540804,POTIRENDABA,SP,Sudeste,-21.043,-49.382
3507407,BORBOREMA,SP,Sudeste,-21.621,-49.074
3532900,NOVA EUROPA,SP,Sudeste,-21.776,-48.571
3522901,ITAPUÍ,SP,Sudeste,-22.232,-48.72
3537701,PIACATU,SP,Sudeste,-21.592,-50.6
3536406,PAULICÉIA,SP,Sudeste,-21.315,-51.832
3508702,CACONDE,SP,Sudeste,-21.528,-46.644
3539509,PITANGUEIRAS,SP,Sudeste,-21.013,-48.221
3528809,MARACAÍ,SP,Sudeste,-22.615,-50.671
3538204,PINHALZINHO,SP,Sudeste,-22.781,-46.59
3540853,PRACINHA,SP,Sudeste,-21.85,-51.087
3553203,TAIÚVA,SP,Sudeste,-21.122,-48.453
3550803,SÃO SEBASTIÃO DA GRAMA,SP,Sudeste,-21.704,-46.821
3503901,ARUJÁ,SP,Sudeste,-23.396,-46.32
3513108,CRAVINHOS,SP,Sudeste,-21.338,-47.732
3502606,APARECIDA D'OESTE,SP,Sudeste,-20.449,-50.883
3505708,BARUERI,SP,Sudeste,-23.506,-46.879
3503950,ASPÁSIA,SP,Sudeste,-20.16,-50.728
3507456,BOREBI,SP,Sudeste,-22.573,-48.971
3509205,CAJAMAR,SP,Sudeste,-23.355,-46.878
3528858,MARAPOAMA,SP,Sudeste,-21.259,-49.13
3534708,OURINHOS,SP,Sudeste,-22.98,-49.87
3524709,JAGUARIÚNA,SP,Sudeste,-22.704,-46.985
3516200,FRANCA,SP,Sudeste,-20.535,-47.404
3547809,SANTO ANDRÉ,SP,Sudeste,-23.674,-46.543
3546504,SANTA ERNESTINA,SP,Sudeste,-21.462,-48.395
3509254,CAJATI,SP,Sudeste,-24.732,-48.122
3511607,CESÁRIO LANGE,SP,Sudeste,-23.226,-47.955
3548708,SÃO BERNARDO DO CAMPO,SP,Sudeste,-23.691,-46.565
3518800,GUARULHOS,SP,Sudeste,-23.454,-46.533
3551900,SEVERÍNIA,SP,Sudeste,-20.811,-48.805
3500907,ALTAIR,SP,Sudeste,-20.524,-49.057
3541307,PRESIDENTE EPITÁCIO,SP,Sudeste,-21.765,-52.111
3510302,CAPELA DO ALTO,SP,Sudeste,-23.468,-47.739
3534757,OUROESTE,SP,Sudeste,-20.006,-50.377
3530805,MOGI MIRIM,SP,Sudeste,-22.433,-46.953
3533403,NOVA ODESSA,SP,Sudeste,-22.783,-47.294
3540002,POMPÉIA,SP,Sudeste,-22.107,-50.176
3532108,MURUTINGA DO SUL,SP,Sudeste,-20.991,-51.277
3523404,ITATIBA,SP,Sudeste,-23.003,-46.846
3520806,INÚBIA PAULISTA,SP,Sudeste,-21.77,-50.963
3504404,AVANHANDAVA,SP,Sudeste,-21.458,-49.951
3512704,CORUMBATAÍ,SP,Sudeste,-22.221,-47.621
3525607,JOÃO RAMALHO,SP,Sudeste,-22.247,-50.769
3527504,LUCIANÓPOLIS,SP,Sudeste,-22.429,-49.522
3534302,ORLÂNDIA,SP,Sudeste,-20.717,-47.885
3556305,VALPARAÍSO,SP,Sudeste,-21.223,-50.87
3517505,GUAPIAÇU,SP,Sudeste,-20.796,-49.217
3518859,GUATAPARÁ,SP,Sudeste,-21.494,-48.036
3526209,JUQUITIBA,SP,Sudeste,-23.924,-47.065
3529302,MATÃO,SP,Sudeste,-21.602,-48.364
3524303,JABOTICABAL,SP,Sudeste,-21.252,-48.325
3519303,IBATÉ,SP,Sudeste,-21.958,-47.988
3547403,SANTA RITA D'OESTE,SP,Sudeste,-20.141,-50.836
3546108,SANTA CLARA D'OESTE,SP,Sudeste,-20.09,-50.949
3503109,ARANDU,SP,Sudeste,-23.139,-49.049
3511201,CATIGUÁ,SP,Sudeste,-21.052,-49.062
3550001,SÃO LUÍS DO PARAITINGA,SP,Sudeste,-23.222,-45.311
3503158,ARAPEÍ,SP,Sudeste,-22.672,-44.444
3553708,TAQUARITINGA,SP,Sudeste,-21.405,-48.51
3533007,NOVA GRANADA,SP,Sudeste,-20.532,-49.312
3523008,ITAPURA,SP,Sudeste,-20.642,-51.506
3514957,EMBAÚBA,SP,Sudeste,-20.98,-48.833
3512308,CONCHAS,SP,Sudeste,-23.015,-48.013
3543907,RIO CLARO,SP,Sudeste,-22.398,-47.555
3557204,CHAVANTES,SP,Sudeste,-23.037,-49.71
3506201,BENTO DE ABREU,SP,Sudeste,-21.269,-50.814
3542602,REGISTRO,SP,Sudeste,-24.498,-47.845
3545704,SANTA ALBERTINA,SP,Sudeste,-20.031,-50.73
3537800,PIEDADE,SP,Sudeste,-23.714,-47.426
3544400,RUBIÁCEA,SP,Sudeste,-21.301,-50.73
3500550,ÁGUAS DE SANTA BÁRBARA,SP,Sudeste,-22.881,-49.242
3549201,SÃO JOÃO DAS DUAS PONTES,SP,Sudeste,-20.388,-50.379
3528007,MACATUBA,SP,Sudeste,-22.5,-48.71
3508801,CAFELÂNDIA,SP,Sudeste,-21.803,-49.609
3518008,GUARANI D'OESTE,SP,Sudeste,-20.075,-50.341
3551108,SARAPUÍ,SP,Sudeste,-23.64,-47.825
3538709,PIRACICABA,SP,Sudeste,-22.734,-47.648
3531308,MONTE ALTO,SP,Sudeste,-21.265,-48.497
3521309,IPUÃ,SP,Sudeste,-20.444,-48.013
3530003,MIRA ESTRELA,SP,Sudeste,-19.979,-50.139
3549250,SÃO JOÃO DE IRACEMA,SP,Sudeste,-20.511,-50.356
3552403,SUMARÉ,SP,Sudeste,-22.82,-47.273
3502705,APIAÍ,SP,Sudeste,-24.511,-48.844
3555505,UBIRAJARA,SP,Sudeste,-22.527,-49.661
3510807,CASA BRANCA,SP,Sudeste,-21.771,-47.085
3520004,IGARAÇU DO TIETÊ,SP,Sudeste,-22.509,-48.56
3540903,PRADÓPOLIS,SP,Sudeste,-21.363,-48.068
3515400,FARTURA,SP,Sudeste,-23.392,-49.512
3507506,BOTUCATU,SP,Sudeste,-22.884,-48.444
3554201,TEJUPÁ,SP,Sudeste,-23.343,-49.372
3504909,BANANAL,SP,Sudeste,-22.682,-44.328
3509304,CAJOBI,SP,Sudeste,-20.877,-48.806
3514106,DOIS CÓRREGOS,SP,Sudeste,-22.367,-48.382
3537404,PEREIRA BARRETO,SP,Sudeste,-20.637,-51.112
3536109,PARDINHO,SP,Sudeste,-23.084,-48.368
3526704,LEME,SP,Sudeste,-22.181,-47.384
3516705,GARÇA,SP,Sudeste,-22.212,-49.655
3501004,ALTINÓPOLIS,SP,Sudeste,-21.021,-47.371
3548807,SÃO CAETANO DO SUL,SP,Sudeste,-23.623,-46.555
3550902,SÃO SIMÃO,SP,Sudeste,-21.473,-47.552
3503604,AREIÓPOLIS,SP,Sudeste,-22.667,-48.668
3502309,ANHEMBI,SP,Sudeste,-22.793,-48.134
3543105,RIBEIRÃO CORRENTE,SP,Sudeste,-20.458,-47.59
3533908,OLÍMPIA,SP,Sudeste,-20.737,-48.911
3532603,NHANDEARA,SP,Sudeste,-20.695,-50.044
3535705,PARAÍSO,SP,Sudeste,-21.016,-48.776
3523909,ITU,SP,Sudeste,-23.254,-47.293
3522604,ITAPIRA,SP,Sudeste,-22.436,-46.822
3525706,JOSÉ BONIFÁCIO,SP,Sudeste,-21.055,-49.689
3534401,OSASCO,SP,Sudeste,-23.532,-46.792
3539202,PIRAPOZINHO,SP,Sudeste,-22.271,-51.498
3508009,BURI,SP,Sudeste,-23.798,-48.596
3556800,VIRADOURO,SP,Sudeste,-20.873,-48.293
3529807,MINEIROS DO TIETÊ,SP,Sudeste,-22.412,-48.451
3524402,JACAREÍ,SP,Sudeste,-23.298,-45.966
3506706,BOA ESPERANÇA DO SUL,SP,Sudeste,-21.992,-48.391
3519808,ICÉM,SP,Sudeste,-20.339,-49.191
3501905,AMPARO,SP,Sudeste,-22.709,-46.772
3511300,CEDRAL,SP,Sudeste,-20.901,-49.266
3541406,PRESIDENTE PRUDENTE,SP,Sudeste,-22.121,-51.392
3522653,ITAPIRAPUÃ PAULISTA,SP,Sudeste,-24.572,-49.166
3510005,CÂNDIDO MOTA,SP,Sudeste,-22.747,-50.387
3553807,TAQUARITUBA,SP,Sudeste,-23.531,-49.241
3500600,ÁGUAS DE SÃO PEDRO,SP,Sudeste,-22.598,-47.873
3530904,MOMBUCA,SP,Sudeste,-22.928,-47.559
3505401,BARRA DO TURVO,SP,Sudeste,-24.759,-48.501
3540101,PONGAÍ,SP,Sudeste,-21.74,-49.36
3520905,IPAUSSU,SP,Sudeste,-23.058,-49.628
3527207,LORENA,SP,Sudeste,-22.733,-45.12
3542701,RESTINGA,SP,Sudeste,-20.606,-47.483
3517208,GUAIÇARA,SP,Sudeste,-21.619,-49.801
3547502,SANTA RITA DO PASSA QUATRO,SP,Sudeste,-21.708,-47.478
3546207,SANTA CRUZ DA CONCEIÇÃO,SP,Sudeste,-22.14,-47.451
3549300,SÃO JOÃO DO PAU D'ALHO,SP,Sudeste,-21.266,-51.667
3528502,MAIRIPORÃ,SP,Sudeste,-23.317,-46.59
3538808,PIRAJU,SP,Sudeste,-23.198,-49.38
3548005,SANTO ANTÔNIO DE POSSE,SP,Sudeste,-22.603,-46.919
3518503,GUAREÍ,SP,Sudeste,-23.371,-48.184
3550100,SÃO MANUEL,SP,Sudeste,-22.732,-48.572
3533106,NOVA GUATAPORANGA,SP,Sudeste,-21.332,-51.645
3553856,TAQUARIVAÍ,SP,Sudeste,-23.921,-48.695
3523107,ITAQUAQUECETUBA,SP,Sudeste,-23.483,-46.346
3552502,SUZANO,SP,Sudeste,-23.545,-46.311
3513702,DESCALVADO,SP,Sudeste,-21.9,-47.618
3512407,CORDEIRÓPOLIS,SP,Sudeste,-22.478,-47.452
3546256,SANTA CRUZ DA ESPERANÇA,SP,Sudeste,-21.295,-47.43
3515509,FERNANDÓPOLIS,SP,Sudeste,-20.281,-50.247
3504107,ATIBAIA,SP,Sudeste,-23.117,-46.556
3557303,ESTIVA GERBI,SP,Sudeste,-22.271,-46.948
3527256,LOURDES,SP,Sudeste,-20.966,-50.226
3548054,SANTO ANTÔNIO DO ARACANGUÁ,SP,Sudeste,-20.933,-50.498
3529005,MARÍLIA,SP,Sudeste,-22.217,-49.95
3556008,URUPÊS,SP,Sudeste,-21.203,-49.293
3545803,SANTA BÁRBARA D'OESTE,SP,Sudeste,-22.755,-47.414
3514205,DOLCINÓPOLIS,SP,Sudeste,-20.124,-50.515
3544509,RUBINÉIA,SP,Sudeste,-20.176,-51.007
3519006,HERCULÂNDIA,SP,Sudeste,-22.004,-50.391
3509809,CAMPOS NOVOS PAULISTA,SP,Sudeste,-22.602,-49.999
3551207,SARUTAIÁ,SP,Sudeste,-23.272,-49.476
3519071,HORTOLÂNDIA,SP,Sudeste,-22.853,-47.214
3552551,SUZANÁPOLIS,SP,Sudeste,-20.498,-51.027
3501103,ALTO ALEGRE,SP,Sudeste,-21.581,-50.168
3531407,MONTE APRAZÍVEL,SP,Sudeste,-20.768,-49.718
3519055,HOLAMBRA,SP,Sudeste,-22.64,-47.049
3521408,IRACEMÁPOLIS,SP,Sudeste,-22.583,-47.523
3530102,MIRANDÓPOLIS,SP,Sudeste,-21.131,-51.103
3555604,UCHOA,SP,Sudeste,-20.951,-49.171
3510906,CÁSSIA DOS COQUEIROS,SP,Sudeste,-21.28,-47.164
3520103,IGARAPAVA,SP,Sudeste,-20.041,-47.747
3543204,RIBEIRÃO DO SUL,SP,Sudeste,-22.789,-49.933
3532702,NIPOÃ,SP,Sudeste,-20.911,-49.783
3554300,TEODORO SAMPAIO,SP,Sudeste,-22.53,-52.168
3540606,PORTO FELIZ,SP,Sudeste,-23.209,-47.525
3507209,BORÁ,SP,Sudeste,-22.27,-50.541
3522703,ITÁPOLIS,SP,Sudeste,-21.594,-48.815
3537503,PEREIRAS,SP,Sudeste,-23.08,-47.972
3536208,PARIQUERA-AÇU,SP,Sudeste,-24.715,-47.874
3539301,PIRASSUNUNGA,SP,Sudeste,-21.996,-47.426
3543238,RIBEIRÃO DOS ÍNDIOS,SP,Sudeste,-21.838,-51.61
3556909,VISTA ALEGRE DO ALTO,SP,Sudeste,-21.169,-48.628
3544103,RIO GRANDE DA SERRA,SP,Sudeste,-23.744,-46.397
3526803,LENÇÓIS PAULISTA,SP,Sudeste,-22.603,-48.804
3529906,MIRACATU,SP,Sudeste,-24.277,-47.462
3508504,CAÇAPAVA,SP,Sudeste,-23.099,-45.708
3516804,GASTÃO VIDIGAL,SP,Sudeste,-20.795,-50.191
3519907,IEPÊ,SP,Sudeste,-22.66,-51.078
3501152,ALUMÍNIO,SP,Sudeste,-23.531,-47.255
3548906,SÃO CARLOS,SP,Sudeste,-22.017,-47.886
3553005,TAGUAÍ,SP,Sudeste,-23.445,-49.402
3521002,IPERÓ,SP,Sudeste,-23.351,-47.693
3550605,SÃO ROQUE,SP,Sudeste,-23.523,-47.136
3503703,ARIRANHA,SP,Sudeste,-21.187,-48.79
3502408,ANHUMAS,SP,Sudeste,-22.293,-51.389
3536257,PARISI,SP,Sudeste,-20.303,-50.016
3505500,BARRETOS,SP,Sudeste,-20.553,-48.57
3541901,QUELUZ,SP,Sudeste,-22.531,-44.778
3535804,PARANAPANEMA,SP,Sudeste,-23.386,-48.721
3516853,GAVIÃO PEIXOTO,SP,Sudeste,-21.837,-48.496
3509007,CAIEIRAS,SP,Sudeste,-23.361,-46.74
3525805,JÚLIO MESQUITA,SP,Sudeste,-22.011,-49.787
3534500,OSCAR BRESSANE,SP,Sudeste,-22.315,-50.281
3516002,FLÓRIDA PAULISTA,SP,Sudeste,-21.613,-51.172
3506805,BOCAINA,SP,Sudeste,-22.137,-48.523
3547601,SANTA ROSA DE VITERBO,SP,Sudeste,-21.478,-47.362
3538006,PINDAMONHANGABA,SP,Sudeste,-22.925,-45.461
3528601,MANDURI,SP,Sudeste,-23.006,-49.32
3551702,SERTÃOZINHO,SP,Sudeste,-21.132,-47.987
3511409,CERQUEIRA CÉSAR,SP,Sudeste,-23.038,-49.166
3518602,GUARIBA,SP,Sudeste,-21.359,-48.232
3549805,SÃO JOSÉ DO RIO PRETO,SP,Sudeste,-20.811,-49.376
3548500,SANTOS,SP,Sudeste,-23.953,-46.335
3500709,AGUDOS,SP,Sudeste,-22.469,-48.986
3531902,MORRO AGUDO,SP,Sudeste,-20.729,-48.058
3541109,PRESIDENTE ALVES,SP,Sudeste,-22.1,-49.438
3533205,NOVA INDEPENDÊNCIA,SP,Sudeste,-21.103,-51.49
3521903,ITAJOBI,SP,Sudeste,-21.312,-49.063
3530607,MOGI DAS CRUZES,SP,Sudeste,-23.521,-46.185
3520608,INDIANA,SP,Sudeste,-22.174,-51.255
3535408,PANORAMA,SP,Sudeste,-21.354,-51.856
3513801,DIADEMA,SP,Sudeste,-23.681,-46.62
3525409,JERIQUARA,SP,Sudeste,-20.312,-47.592
3512506,COROADOS,SP,Sudeste,-21.352,-50.286
3527306,LOUVEIRA,SP,Sudeste,-23.086,-46.948
3554805,TREMEMBÉ,SP,Sudeste,-22.957,-45.547
3504206,AURIFLAMA,SP,Sudeste,-20.684,-50.557
3534104,ORIENTE,SP,Sudeste,-22.155,-50.097
3529104,MARINÓPOLIS,SP,Sudeste,-20.439,-50.825
3517307,GUAIMBÊ,SP,Sudeste,-21.909,-49.899
3524105,ITUVERAVA,SP,Sudeste,-20.335,-47.79
3514700,ECHAPORÃ,SP,Sudeste,-22.433,-50.204
3519105,IACANGA,SP,Sudeste,-21.89,-49.031
3500758,ALAMBARI,SP,Sudeste,-23.55,-47.898
3547205,SANTANA DA PONTE PENSA,SP,Sudeste,-20.252,-50.801
3509908,CANANÉIA,SP,Sudeste,-25.014,-47.934
3511003,CASTILHO,SP,Sudeste,-20.869,-51.488
3500303,AGUAÍ,SP,Sudeste,-22.057,-46.974
3513405,CRUZEIRO,SP,Sudeste,-22.573,-44.969
3512100,COLÔMBIA,SP,Sudeste,-20.177,-48.687
3543709,RINCÃO,SP,Sudeste,-21.589,-48.073
3506003,BAURU,SP,Sudeste,-22.325,-49.087
3542404,REGENTE FEIJÓ,SP,Sudeste,-22.218,-51.306
3545506,SANDOVALINA,SP,Sudeste,-22.455,-51.765
3544202,RIOLÂNDIA,SP,Sudeste,-19.987,-49.684
3526902,LIMEIRA,SP,Sudeste,-22.566,-47.397
3516507,GABRIEL MONTEIRO,SP,Sudeste,-21.529,-50.557
3549003,SÃO FRANCISCO,SP,Sudeste,-20.362,-50.695
3539806,POÁ,SP,Sudeste,-23.533,-46.347
3509957,CANAS,SP,Sudeste,-22.7,-45.052
3508603,CACHOEIRA PAULISTA,SP,Sudeste,-22.666,-45.015
3538501,PIQUETE,SP,Sudeste,-22.607,-45.187
3531100,MONGAGUÁ,SP,Sudeste,-24.081,-46.627
3553500,TAPIRAÍ,SP,Sudeste,-23.961,-47.506
3521101,IPEÚNA,SP,Sudeste,-22.436,-47.715
3552205,SOROCABA,SP,Sudeste,-23.497,-47.445
3511904,CLEMENTINA,SP,Sudeste,-21.56,-50.453
3555307,TURMALINA,SP,Sudeste,-20.049,-50.479
3510609,CARAPICUÍBA,SP,Sudeste,-23.523,-46.841
3503802,ARTUR NOGUEIRA,SP,Sudeste,-22.573,-47.173
3515202,ESTRELA D'OESTE,SP,Sudeste,-20.288,-50.405
3544251,ROSANA,SP,Sudeste,-22.578,-53.06
3554003,TATUÍ,SP,Sudeste,-23.349,-47.846
3540705,PORTO FERREIRA,SP,Sudeste,-21.85,-47.487
3507308,BORACÉIA,SP,Sudeste,-22.193,-48.781
3509106,CAIUÁ,SP,Sudeste,-21.832,-51.997
3537206,PEDRO DE TOLEDO,SP,Sudeste,-24.276,-47.235
3504701,BALBINOS,SP,Sudeste,-21.896,-49.362
3527801,LUPÉRCIO,SP,Sudeste,-22.415,-49.818
3517802,GUARAÇAÍ,SP,Sudeste,-21.029,-51.212
3526506,LAVÍNIA,SP,Sudeste,-21.164,-51.041
3546801,SANTA ISABEL,SP,Sudeste,-23.317,-46.224
3540754,POTIM,SP,Sudeste,-22.834,-45.255
3549904,SÃO JOSÉ DOS CAMPOS,SP,Sudeste,-23.19,-45.884
3548609,SÃO BENTO DO SAPUCAÍ,SP,Sudeste,-22.684,-45.729
3550704,SÃO SEBASTIÃO,SP,Sudeste,-23.795,-45.414
3521150,IPIGUÁ,SP,Sudeste,-20.656,-49.384
3503406,AREALVA,SP,Sudeste,-22.031,-48.913
3502101,ANDRADINA,SP,Sudeste,-20.895,-51.379
3533700,OCAUÇU,SP,Sudeste,-22.438,-49.922
3555356,UBARANA,SP,Sudeste,-21.165,-49.72
3532405,NAZARÉ PAULISTA,SP,Sudeste,-23.175,-46.398
3523701,ITIRAPUÃ,SP,Sudeste,-20.642,-47.219
3535507,PARAGUAÇU PAULISTA,SP,Sudeste,-22.411,-50.573
3522406,ITAPEVA,SP,Sudeste,-23.979,-48.876
3525508,JOANÓPOLIS,SP,Sudeste,-22.927,-46.274
3534203,ORINDIÚVA,SP,Sudeste,-20.186,-49.346
3514809,ELDORADO,SP,Sudeste,-24.528,-48.114
3539004,PIRANGI,SP,Sudeste,-21.089,-48.661
3556602,VERA CRUZ,SP,Sudeste,-22.218,-49.821
3524204,JABORANDI,SP,Sudeste,-20.688,-48.411
3529609,MERIDIANO,SP,Sudeste,-20.358,-50.181
3506508,BIRIGUI,SP,Sudeste,-21.291,-50.343
3519600,IBITINGA,SP,Sudeste,-21.756,-48.832
3529658,MESÓPOLIS,SP,Sudeste,-19.968,-50.633
3551801,SETE BARRAS,SP,Sudeste,-24.382,-47.928
3501707,AMÉRICO BRASILIENSE,SP,Sudeste,-21.729,-48.115
3511102,CATANDUVA,SP,Sudeste,-21.131,-48.977
3549953,SÃO LOURENÇO DA SERRA,SP,Sudeste,-23.849,-46.943
3541208,PRESIDENTE BERNARDES,SP,Sudeste,-22.008,-51.556
3500402,ÁGUAS DA PRATA,SP,Sudeste,-21.932,-46.718
3530706,MOGI GUAÇU,SP,Sudeste,-22.367,-46.943
3505203,BARIRI,SP,Sudeste,-22.073,-48.744
3520707,INDIAPORÃ,SP,Sudeste,-19.979,-50.291
3527009,LINDÓIA,SP,Sudeste,-22.523,-46.65
3554904,TRÊS FRONTEIRAS,SP,Sudeste,-20.234,-50.891
3517000,GETULINA,SP,Sudeste,-21.796,-49.931
3543808,RINÓPOLIS,SP,Sudeste,-21.728,-50.724
3542503,REGINÓPOLIS,SP,Sudeste,-21.891,-49.227
3507803,BRODOWSKI,SP,Sudeste,-20.985,-47.657
3547304,SANTANA DE PARNAÍBA,SP,Sudeste,-23.444,-46.918
3528304,MAGDA,SP,Sudeste,-20.645,-50.23
3536802,PEDRA BELA,SP,Sudeste,-22.79,-46.446
3546009,SANTA BRANCA,SP,Sudeste,-23.393,-45.888
3549102,SÃO JOÃO DA BOA VISTA,SP,Sudeste,-21.971,-46.794
3518305,GUARAREMA,SP,Sudeste,-23.411,-46.037
3539905,POLONI,SP,Sudeste,-20.783,-49.826
3538600,PIRACAIA,SP,Sudeste,-23.052,-46.359
3554953,TUIUTI,SP,Sudeste,-22.819,-46.694
3553609,TAPIRATIBA,SP,Sudeste,-21.471,-46.745
3552304,SUD MENNUCCI,SP,Sudeste,-20.687,-50.924
3513504,CUBATÃO,SP,Sudeste,-23.891,-46.424
3512209,CONCHAL,SP,Sudeste,-22.337,-47.173
3515301,ESTRELA DO NORTE,SP,Sudeste,-22.486,-51.663
3545605,SANTA ADÉLIA,SP,Sudeste,-21.243,-48.806
3504800,BÁLSAMO,SP,Sudeste,-20.735,-49.587
3509601,CAMPO LIMPO PAULISTA,SP,Sudeste,-23.208,-46.789
3526001,JUNQUEIRÓPOLIS,SP,Sudeste,-21.51,-51.434
3516606,GÁLIA,SP,Sudeste,-22.292,-49.55
3544301,ROSEIRA,SP,Sudeste,-22.894,-45.307
3531209,MONTE ALEGRE DO SUL,SP,Sudeste,-22.682,-46.681
3546900,SANTA LÚCIA,SP,Sudeste,-21.685,-48.089
3521200,IPORANGA,SP,Sudeste,-24.585,-48.597
3553658,TAQUARAL,SP,Sudeste,-21.074,-48.413
3555406,UBATUBA,SP,Sudeste,-23.433,-45.083
3510708,CARDOSO,SP,Sudeste,-20.08,-49.918
3533809,ÓLEO,SP,Sudeste,-22.944,-49.342
3554102,TAUBATÉ,SP,Sudeste,-23.01,-45.559
3543006,RIBEIRÃO BRANCO,SP,Sudeste,-24.221,-48.764
3532504,NEVES PAULISTA,SP,Sudeste,-20.843,-49.636
3507001,BOITUVA,SP,Sudeste,-23.285,-47.679
3523800,ITOBI,SP,Sudeste,-21.731,-46.974
3540408,POPULINA,SP,Sudeste,-19.945,-50.538
3515350,EUCLIDES DA CUNHA PAULISTA,SP,Sudeste,-22.555,-52.593
3522505,ITAPEVI,SP,Sudeste,-23.549,-46.933
3514007,DOBRADA,SP,Sudeste,-21.515,-48.394
3545209,SALTO,SP,Sudeste,-23.2,-47.293
3537305,PENÁPOLIS,SP,Sudeste,-21.415,-50.077
3527900,LUTÉCIA,SP,Sudeste,-22.338,-50.394
3536000,PARAPUÃ,SP,Sudeste,-21.779,-50.795
3539103,PIRAPORA DO BOM JESUS,SP,Sudeste,-23.396,-46.999
3556701,VINHEDO,SP,Sudeste,-23.03,-46.983
3517901,GUARACI,SP,Sudeste,-20.498,-48.939
3526605,LAVRINHAS,SP,Sudeste,-22.57,-44.902
3529708,MIGUELÓPOLIS,SP,Sudeste,-20.18,-48.031
3519709,IBIÚNA,SP,Sudeste,-23.66,-47.223
3508306,CABRÁLIA PAULISTA,SP,Sudeste,-22.458,-49.339
3550407,SÃO PEDRO,SP,Sudeste,-22.548,-47.91
3555000,TUPÃ,SP,Sudeste,-21.933,-50.519
3503505,AREIAS,SP,Sudeste,-22.579,-44.699
3502200,ANGATUBA,SP,Sudeste,-23.492,-48.414
3505302,BARRA BONITA,SP,Sudeste,-22.491,-48.558
3541703,QUATÁ,SP,Sudeste,-22.246,-50.697
3535606,PARAIBUNA,SP,Sudeste,-23.387,-45.664
3522109,ITANHAÉM,SP,Sudeste,-24.174,-46.788
3514924,ELISIÁRIO,SP,Sudeste,-21.168,-49.115
3514908,ELIAS FAUSTO,SP,Sudeste,-23.043,-47.368
3506607,BIRITIBA-MIRIM,SP,Sudeste,-23.57,-46.041
3544806,SALES,SP,Sudeste,-21.343,-49.49
3528403,MAIRINQUE,SP,Sudeste,-23.54,-47.185
3536901,PEDRANÓPOLIS,SP,Sudeste,-20.247,-50.113
3518404,GUARATINGUETÁ,SP,Sudeste,-22.808,-45.194
3551504,SERRANA,SP,Sudeste,-21.204,-47.595
3549607,SÃO JOSÉ DO BARREIRO,SP,Sudeste,-22.641,-44.577
3501806,AMÉRICO DE CAMPOS,SP,Sudeste,-20.299,-49.736
3522158,ITAÓCA,SP,Sudeste,-24.639,-48.841
3532157,NANTES,SP,Sudeste,-22.616,-51.24
3548302,SANTO EXPEDITO,SP,Sudeste,-21.847,-51.393
3521705,ITABERÁ,SP,Sudeste,-23.864,-49.14
3531704,MONTEIRO LOBATO,SP,Sudeste,-22.954,-45.841
3556354,VARGEM,SP,Sudeste,-22.887,-46.412
3500501,ÁGUAS DE LINDÓIA,SP,Sudeste,-22.473,-46.631
3513603,CUNHA,SP,Sudeste,-23.073,-44.958
3530409,MIRASSOLÂNDIA,SP,Sudeste,-20.618,-49.462
3552809,TABOÃO DA SERRA,SP,Sudeste,-23.602,-46.753
3555901,URU,SP,Sudeste,-21.787,-49.285
3505351,BARRA DO CHAPÉU,SP,Sudeste,-24.472,-49.024
3520400,ILHABELA,SP,Sudeste,-23.779,-45.355
3525201,JARINU,SP,Sudeste,-23.104,-46.728
3535200,PALMEIRA D'OESTE,SP,Sudeste,-20.415,-50.763
3527108,LINS,SP,Sudeste,-21.672,-49.753
3554607,TIMBURI,SP,Sudeste,-23.206,-49.61
3515806,FLORA RICA,SP,Sudeste,-21.673,-51.382
3504008,ASSIS,SP,Sudeste,-22.66,-50.418
3517109,GLICÉRIO,SP,Sudeste,-21.381,-50.212
3507902,BROTAS,SP,Sudeste,-22.279,-48.125
3514502,DUARTINA,SP,Sudeste,-22.415,-49.408
3509700,CAMPOS DO JORDÃO,SP,Sudeste,-22.73,-45.583
3547007,SANTA MARIA DA SERRA,SP,Sudeste,-22.566,-48.159
3520442,ILHA SOLTEIRA,SP,Sudeste,-20.433,-51.343
3536505,PAULÍNIA,SP,Sudeste,-22.754,-47.149
3501400,ÁLVARO DE CARVALHO,SP,Sudeste,-22.084,-49.719
3520426,ILHA COMPRIDA,SP,Sudeste,-24.731,-47.538
3500105,ADAMANTINA,SP,Sudeste,-21.682,-51.074
3554656,TORRE DE PEDRA,SP,Sudeste,-23.246,-48.196
3513207,CRISTAIS PAULISTA,SP,Sudeste,-20.404,-47.421
3543501,RIVERSUL,SP,Sudeste,-23.829,-49.429
3542206,RANCHARIA,SP,Sudeste,-22.227,-50.893
3545308,SALTO DE PIRAPORA,SP,Sudeste,-23.647,-47.574
3524808,JALES,SP,Sudeste,-20.267,-50.549
3534807,OURO VERDE,SP,Sudeste,-21.487,-51.702
3516309,FRANCISCO MORATO,SP,Sudeste,-23.279,-46.745
3544004,RIO DAS PEDRAS,SP,Sudeste,-22.842,-47.605
3508405,CABREÚVA,SP,Sudeste,-23.305,-47.136
3539608,PLANALTO,SP,Sudeste,-21.034,-49.933
3528908,MARIÁPOLIS,SP,Sudeste,-21.796,-51.182
3538303,PIQUEROBI,SP,Sudeste,-21.875,-51.728
3502754,ARAÇARIGUAMA,SP,Sudeste,-23.437,-47.061
3511706,CHARQUEADA,SP,Sudeste,-22.51,-47.776
3553302,TAMBAÚ,SP,Sudeste,-21.703,-47.27
3552007,SILVEIRAS,SP,Sudeste,-22.664,-44.852
3536570,PAULISTÂNIA,SP,Sudeste,-22.577,-49.401
3555109,TUPI PAULISTA,SP,Sudeste,-21.383,-51.575
3510401,CAPIVARI,SP,Sudeste,-22.995,-47.507
3515004,EMBU DAS ARTES,SP,Sudeste,-23.644,-46.858
3505807,BASTOS,SP,Sudeste,-21.921,-50.736
3507100,BOM JESUS DOS PERDÕES,SP,Sudeste,-23.136,-46.468
3540507,PORANGABA,SP,Sudeste,-23.176,-48.12
3507159,BOM SUCESSO DE ITARARÉ,SP,Sudeste,-24.316,-49.145
3537008,PEDREGULHO,SP,Sudeste,-20.253,-47.477
3517604,GUAPIARA,SP,Sudeste,-24.189,-48.529
3527603,LUÍS ANTÔNIO,SP,Sudeste,-21.55,-47.78
3526308,LAGOINHA,SP,Sudeste,-23.085,-45.194
3547908,SANTO ANTÔNIO DA ALEGRIA,SP,Sudeste,-21.086,-47.146
3518909,GUZOLÂNDIA,SP,Sudeste,-20.647,-50.664
3546603,SANTA FÉ DO SUL,SP,Sudeste,-20.208,-50.932
3550506,SÃO PEDRO DO TURVO,SP,Sudeste,-22.745,-49.743
3549706,SÃO JOSÉ DO RIO PARDO,SP,Sudeste,-21.595,-46.887
3503208,ARARAQUARA,SP,Sudeste,-21.785,-48.178
3548401,SANTÓPOLIS DO AGUAPEÍ,SP,Sudeste,-21.638,-50.504
3541802,QUEIROZ,SP,Sudeste,-21.797,-50.242
3523503,ITATINGA,SP,Sudeste,-23.105,-48.616
3533502,NOVO HORIZONTE,SP,Sudeste,-21.465,-49.223
3552908,TACIBA,SP,Sudeste,-22.387,-51.288
3522208,ITAPECERICA DA SERRA,SP,Sudeste,-23.716,-46.857
3532207,NARANDIBA,SP,Sudeste,-22.406,-51.527
3535309,PALMITAL,SP,Sudeste,-22.786,-50.218
3512803,COSMÓPOLIS,SP,Sudeste,-22.642,-47.193
3525300,JAÚ,SP,Sudeste,-22.294,-48.559
3515905,FLOREAL,SP,Sudeste,-20.675,-50.151
3504503,AVARÉ,SP,Sudeste,-23.107,-48.925
3556404,VARGEM GRANDE DO SUL,SP,Sudeste,-21.832,-46.891
3506300,BERNARDINO DE CAMPOS,SP,Sudeste,-23.016,-49.468
3524006,ITUPEVA,SP,Sudeste,-23.153,-47.059
3534005,ONDA VERDE,SP,Sudeste,-20.604,-49.293
3514601,DUMONT,SP,Sudeste,-21.232,-47.976
3519402,IBIRÁ,SP,Sudeste,-21.083,-49.245
3529401,MAUÁ,SP,Sudeste,-23.668,-46.461
3544905,SALES OLIVEIRA,SP,Sudeste,-20.77,-47.837
3551603,SERRA NEGRA,SP,Sudeste,-22.614,-46.703
3501509,ALVINLÂNDIA,SP,Sudeste,-22.444,-49.762
3500204,ADOLFO,SP,Sudeste,-21.233,-49.645
3505005,BARÃO DE ANTONINA,SP,Sudeste,-23.628,-49.563
3521804,ITAÍ,SP,Sudeste,-23.421,-49.092
3531803,MONTE MOR,SP,Sudeste,-22.945,-47.312
3556453,VARGEM GRANDE PAULISTA,SP,Sudeste,-23.599,-47.022
3541000,PRAIA GRANDE,SP,Sudeste,-24.008,-46.412
3506359,BERTIOGA,SP,Sudeste,-23.849,-46.14
3520509,INDAIATUBA,SP,Sudeste,-23.082,-47.21
3530508,MOCOCA,SP,Sudeste,-21.465,-47.002
3541059,PRATÂNIA,SP,Sudeste,-22.811,-48.664
3554706,TORRINHA,SP,Sudeste,-22.424,-48.173
3543600,RIFAINA,SP,Sudeste,-20.08,-47.429
3507605,BRAGANÇA PAULISTA,SP,Sudeste,-22.953,-46.542
3542305,REDENÇÃO DA SERRA,SP,Sudeste,-23.264,-45.542
3537909,PILAR DO SUL,SP,Sudeste,-23.808,-47.722
3547106,SANTA MERCEDES,SP,Sudeste,-21.349,-51.756
3551009,SÃO VICENTE,SP,Sudeste,-23.957,-46.388
3518107,GUARANTÃ,SP,Sudeste,-21.894,-49.591
3528106,MACAUBAL,SP,Sudeste,-20.802,-49.969
3536604,PAULO DE FARIA,SP,Sudeste,-20.03,-49.4
3508900,CAIABU,SP,Sudeste,-22.013,-51.239
3539707,PLATINA,SP,Sudeste,-22.637,-50.21
3554755,TRABIJU,SP,Sudeste,-22.039,-48.334
3553401,TANABI,SP,Sudeste,-20.623,-49.656
3552106,SOCORRO,SP,Sudeste,-22.59,-46.525
3513306,CRUZÁLIA,SP,Sudeste,-22.737,-50.791
3512001,COLINA,SP,Sudeste,-20.711,-48.539
3502804,ARAÇATUBA,SP,Sudeste,-21.208,-50.44
3515103,EMBU-GUAÇU,SP,Sudeste,-23.83,-46.814
3505906,BATATAIS,SP,Sudeste,-20.893,-47.592
3545407,SALTO GRANDE,SP,Sudeste,-22.889,-49.983
3509403,CAJURU,SP,Sudeste,-21.275,-47.303
3524907,JAMBEIRO,SP,Sudeste,-23.252,-45.694
3534906,PACAEMBU,SP,Sudeste,-21.563,-51.265
3516408,FRANCO DA ROCHA,SP,Sudeste,-23.323,-46.729
3509452,CAMPINA DO MONTE ALEGRE,SP,Sudeste,-23.59,-48.476
3546702,SANTA GERTRUDES,SP,Sudeste,-22.457,-47.527
3515129,EMILIANÓPOLIS,SP,Sudeste,-21.831,-51.483
3531001,MONÇÕES,SP,Sudeste,-20.851,-50.097
3555208,TURIÚBA,SP,Sudeste,-20.943,-50.114
3502002,ANALÂNDIA,SP,Sudeste,-22.129,-47.662
3541505,PRESIDENTE VENCESLAU,SP,Sudeste,-21.873,-51.845
3510500,CARAGUATATUBA,SP,Sudeste,-23.613,-45.413
3515194,ES DO TURVO,SP,Sudeste,-22.692,-49.434
3515186,ES DO PINHAL,SP,Sudeste,-22.191,-46.748
3523602,ITIRAPINA,SP,Sudeste,-22.256,-47.817
3533601,NUPORANGA,SP,Sudeste,-20.73,-47.743
3515152,ENGENHEIRO COELHO,SP,Sudeste,-22.484,-47.211
3540200,PONTAL,SP,Sudeste,-21.022,-48.042
3522307,ITAPETININGA,SP,Sudeste,-23.589,-48.048
3532306,NATIVIDADE DA SERRA,SP,Sudeste,-23.371,-45.447
3545001,SALESÓPOLIS,SP,Sudeste,-23.529,-45.846
3543253,RIBEIRÃO GRANDE,SP,Sudeste,-24.101,-48.368
3512902,COSMORAMA,SP,Sudeste,-20.476,-49.783
3504602,BADY BASSITT,SP,Sudeste,-20.92,-49.438
3537107,PEDREIRA,SP,Sudeste,-22.741,-46.895
3556503,VÁRZEA PAULISTA,SP,Sudeste,-23.214,-46.823
3517703,GUARÁ,SP,Sudeste,-20.43,-47.824
3527702,LUIZIÂNIA,SP,Sudeste,-21.674,-50.329
3537156,PEDRINHAS PAULISTA,SP,Sudeste,-22.817,-50.793
3508108,BURITAMA,SP,Sudeste,-21.066,-50.148
3526407,LARANJAL PAULISTA,SP,Sudeste,-23.051,-47.837
3519501,IBIRAREMA,SP,Sudeste,-22.819,-50.074
3529500,MENDONÇA,SP,Sudeste,-21.176,-49.579
3524501,JACI,SP,Sudeste,-20.881,-49.58
3525854,JUMIRIM,SP,Sudeste,-23.088,-47.787
3546306,SANTA CRUZ DAS PALMEIRAS,SP,Sudeste,-21.823,-47.248
3540259,PONTALINDA,SP,Sudeste,-20.44,-50.526
3550209,SÃO MIGUEL ARCANJO,SP,Sudeste,-23.878,-47.993
3503307,ARARAS,SP,Sudeste,-22.357,-47.384
3510104,CÂNDIDO RODRIGUES,SP,Sudeste,-21.328,-48.633
3505104,BARBOSA,SP,Sudeste,-21.266,-49.952
3503356,ARCO-ÍRIS,SP,Sudeste,-21.773,-50.466
3553906,TARABAI,SP,Sudeste,-22.302,-51.562
3553955,TARUMÃ,SP,Sudeste,-22.743,-50.579
3523206,ITARARÉ,SP,Sudeste,-24.108,-49.335
3506409,BILAC,SP,Sudeste,-21.404,-50.475
3542800,RIBEIRA,SP,Sudeste,-24.652,-49.004
3556107,VALENTIM GENTIL,SP,Sudeste,-20.422,-50.089
3510153,CANITAR,SP,Sudeste,-23.004,-49.784
3544608,SABINO,SP,Sudeste,-21.459,-49.575
3547650,SANTA SALETE,SP,Sudeste,-20.243,-50.689
3518206,GUARARAPES,SP,Sudeste,-21.254,-50.645
3549409,SÃO JOAQUIM DA BARRA,SP,Sudeste,-20.581,-47.859
3528205,MACEDÔNIA,SP,Sudeste,-20.144,-50.197
3536703,PEDERNEIRAS,SP,Sudeste,-22.351,-48.778
3501608,AMERICANA,SP,Sudeste,-22.737,-47.333
3551306,SEBASTIANÓPOLIS DO SUL,SP,Sudeste,-20.652,-49.925
3548104,SANTO ANTÔNIO DO JARDIM,SP,Sudeste,-22.112,-46.684
3538907,PIRAJUÍ,SP,Sudeste,-21.999,-49.461
3531506,MONTE AZUL PAULISTA,SP,Sudeste,-20.907,-48.639
3521507,IRAPUÃ,SP,Sudeste,-21.277,-49.416
3552601,TABAPUÃ,SP,Sudeste,-20.96,-49.031
3530201,MIRANTE DO PARANAPANEMA,SP,Sudeste,-22.29,-51.908
3502903,ARAÇOIABA DA SERRA,SP,Sudeste,-23.503,-47.617
3555703,UNIÃO PAULISTA,SP,Sudeste,-20.886,-49.903
3535002,PALESTINA,SP,Sudeste,-20.39,-49.431
3533254,NOVAIS,SP,Sudeste,-20.989,-48.914
3520202,IGARATÁ,SP,Sudeste,-23.204,-46.157
3525003,JANDIRA,SP,Sudeste,-23.527,-46.902
3554409,TERRA ROXA,SP,Sudeste,-20.787,-48.331
3515608,FERNANDO PRESTES,SP,Sudeste,-21.266,-48.687
3507704,BRAÚNA,SP,Sudeste,-21.499,-50.318
3513850,DIRCE REIS,SP,Sudeste,-20.464,-50.607
3507753,BREJO ALEGRE,SP,Sudeste,-21.165,-50.186
3509502,CAMPINAS,SP,Sudeste,-22.905,-47.066
3514304,DOURADO,SP,Sudeste,-22.104,-48.318
3515657,FERNÃO,SP,Sudeste,-22.361,-49.519
3537602,PERUÍBE,SP,Sudeste,-24.312,-47.001
3536307,PATROCÍNIO PAULISTA,SP,Sudeste,-20.638,-47.28
3501202,ÁLVARES FLORENCE,SP,Sudeste,-20.32,-49.914
3516903,GENERAL SALGADO,SP,Sudeste,-20.648,-50.364
4116703,NOVA AURORA,PR,Sul,-24.529,-53.258
4106704,CRUZEIRO DO SUL,PR,Sul,-22.962,-52.162
4118501,PATO BRANCO,PR,Sul,-26.229,-52.671
4121109,QUINTA DO SOL,PR,Sul,-23.853,-52.131
4108502,GENERAL CARNEIRO,PR,Sul,-26.425,-51.317
4111902,JAGUAPITÃ,PR,Sul,-23.11,-51.534
4117214,NOVA SANTA BÁRBARA,PR,Sul,-23.587,-50.76
4101903,ASSAÍ,PR,Sul,-23.37,-50.846
4110607,IPORÃ,PR,Sul,-24.008,-53.706
4113700,LONDRINA,PR,Sul,-23.304,-51.169
4117222,NOVA SANTA ROSA,PR,Sul,-24.469,-53.955
4100608,ALTO PR,PR,Sul,-23.131,-52.319
4103701,CAMBÉ,PR,Sul,-23.277,-51.28
4115457,MARQUINHO,PR,Sul,-25.112,-52.25
4117206,NOVA OLÍMPIA,PR,Sul,-23.47,-53.09
4113734,LUIZIANA,PR,Sul,-24.285,-52.269
4108551,GODOY MOREIRA,PR,Sul,-24.173,-51.925
4107207,DOIS VIZINHOS,PR,Sul,-25.741,-53.057
4124202,SANTO ANTÔNIO DO CAIUÁ,PR,Sul,-22.735,-52.344
4117255,NOVA PRATA DO IGUAÇU,PR,Sul,-25.631,-53.347
4119806,PLANALTO,PR,Sul,-25.721,-53.764
4107256,DOURADINA,PR,Sul,-23.381,-53.292
4110656,IRACEMA DO OESTE,PR,Sul,-24.426,-53.353
4109609,GUARATUBA,PR,Sul,-25.882,-48.575
4126801,TAPEJARA,PR,Sul,-23.732,-52.873
4117297,NOVO ITACOLOMI,PR,Sul,-23.763,-51.508
4117271,NOVA TEBAS,PR,Sul,-24.438,-51.945
4113759,LUNARDELLI,PR,Sul,-24.082,-51.737
4112405,JAPURÁ,PR,Sul,-23.469,-52.556
4120705,QUATIGUÁ,PR,Sul,-23.567,-49.916
4125506,SÃO JOSÉ DOS PINHAIS,PR,Sul,-25.531,-49.203
4102406,BANDEIRANTES,PR,Sul,-23.108,-50.37
4125555,SÃO MANOEL DO PR,PR,Sul,-23.394,-52.645
4127304,TERRA RICA,PR,Sul,-22.711,-52.619
4128625,ALTO PARAÍSO,PR,Sul,-26.115,-52.747
4128633,DOUTOR ULYSSES,PR,Sul,-24.567,-49.422
4109658,HONÓRIO SERPA,PR,Sul,-26.139,-52.385
4128609,VERÊ,PR,Sul,-25.877,-52.905
4111100,ITAMBÉ,PR,Sul,-23.66,-51.991
4123824,SANTA LÚCIA,PR,Sul,-25.41,-53.564
4101101,ANDIRÁ,PR,Sul,-23.053,-50.23
4101150,ÂNGULO,PR,Sul,-23.195,-51.915
4123808,SANTA IZABEL DO OESTE,PR,Sul,-25.822,-53.48
4114203,MANDAGUARI,PR,Sul,-23.545,-51.671
4128658,VIRMOND,PR,Sul,-25.383,-52.199
4104204,CAMPO LARGO,PR,Sul,-25.453,-49.529
4119004,PÉROLA D'OESTE,PR,Sul,-25.828,-53.743
4126009,SÃO SEBASTIÃO DA AMOREIRA,PR,Sul,-23.466,-50.763
4116802,NOVA CANTU,PR,Sul,-24.672,-52.566
4106803,CRUZ MACHADO,PR,Sul,-26.017,-51.343
4120358,PRANCHITA,PR,Sul,-26.021,-53.74
4120333,PRADO FERREIRA,PR,Sul,-23.036,-51.443
4104253,CAMPO MAGRO,PR,Sul,-25.369,-49.45
4100301,AGUDOS DO SUL,PR,Sul,-25.99,-49.334
4110706,IRATI,PR,Sul,-25.47,-50.649
4115507,MARUMBI,PR,Sul,-23.706,-51.64
4123402,SANTA FÉ,PR,Sul,-23.04,-51.808
4100707,ALTO PIQUIRI,PR,Sul,-24.022,-53.44
4105508,CIANORTE,PR,Sul,-23.66,-52.605
4122107,RIO BOM,PR,Sul,-23.761,-51.412
4117305,ORTIGUEIRA,PR,Sul,-24.206,-50.919
4106852,CRUZMALTINA,PR,Sul,-24.013,-51.456
4107306,DOUTOR CAMARGO,PR,Sul,-23.558,-52.218
4124707,SÃO JERÔNIMO DA SERRA,PR,Sul,-23.722,-50.748
4122172,RIO BRANCO DO IVAÍ,PR,Sul,-24.324,-51.319
4118600,PAULA FREITAS,PR,Sul,-26.21,-50.931
4108601,GOIOERÊ,PR,Sul,-24.183,-53.025
4112959,JURANDA,PR,Sul,-24.421,-52.841
4122156,RIO BONITO DO IGUAÇU,PR,Sul,-25.487,-52.529
4101606,ARAPOTI,PR,Sul,-24.155,-49.828
4110300,INAJÁ,PR,Sul,-22.751,-52.2
4102901,BITURUNA,PR,Sul,-26.161,-51.552
4108650,GOIOXIM,PR,Sul,-25.193,-51.991
4116000,MIRASELVA,PR,Sul,-22.966,-51.485
4114708,MARIA HELENA,PR,Sul,-23.616,-53.205
4104709,CARLÓPOLIS,PR,Sul,-23.427,-49.724
4119905,PONTA GROSSA,PR,Sul,-25.092,-50.167
4106001,CONGONHINHAS,PR,Sul,-23.549,-50.557
4109708,IBAITI,PR,Sul,-23.848,-50.193
4127809,TOMAZINA,PR,Sul,-23.78,-49.95
4127858,TRÊS BARRAS DO PR,PR,Sul,-25.419,-53.183
4108205,FORMOSA DO OESTE,PR,Sul,-24.295,-53.311
4119954,PONTAL DO PR,PR,Sul,-25.674,-48.511
4113429,LIDIANÓPOLIS,PR,Sul,-24.11,-51.651
4109757,IBEMA,PR,Sul,-25.119,-53.007
4113403,LEÓPOLIS,PR,Sul,-23.082,-50.751
4101655,ARAPUÃ,PR,Sul,-24.313,-51.786
4103404,CAFEARA,PR,Sul,-22.789,-51.714
4116059,MISSAL,PR,Sul,-25.092,-54.248
4113452,LINDOESTE,PR,Sul,-25.26,-53.573
4103453,CAFELÂNDIA,PR,Sul,-24.619,-53.321
4125209,SÃO JORGE D'OESTE,PR,Sul,-25.709,-52.92
4127882,TUNAS DO PR,PR,Sul,-24.973,-49.088
4109302,GUARANIAÇU,PR,Sul,-25.097,-52.876
4126504,SERTANÓPOLIS,PR,Sul,-23.057,-51.04
4128302,UNIFLOR,PR,Sul,-23.087,-52.157
4103479,CAFEZAL DO SUL,PR,Sul,-23.901,-53.512
4121703,RESERVA,PR,Sul,-24.649,-50.847
4112108,JANDAIA DO SUL,PR,Sul,-23.601,-51.645
4102109,ASTORGA,PR,Sul,-23.232,-51.667
4121752,RESERVA DO IGUAÇU,PR,Sul,-25.832,-52.027
4120408,PRESIDENTE CASTELO BRANCO,PR,Sul,-23.278,-52.154
4123501,SANTA HELENA,PR,Sul,-24.858,-54.336
4122206,RIO BRANCO DO SUL,PR,Sul,-25.189,-49.312
4117800,PALMITAL,PR,Sul,-24.885,-52.203
4127007,TEIXEIRA SOARES,PR,Sul,-25.37,-50.457
4107801,FLORAÍ,PR,Sul,-23.318,-52.303
4107850,FLOR DA SERRA DO SUL,PR,Sul,-26.252,-53.309
4100400,ALMIRANTE TAMANDARÉ,PR,Sul,-25.319,-49.304
4115200,MARINGÁ,PR,Sul,-23.421,-51.933
4105201,CERRO AZUL,PR,Sul,-26.089,-52.869
4116505,NOVA ALIANÇA DO IVAÍ,PR,Sul,-23.176,-52.603
4106506,CORONEL VIVIDA,PR,Sul,-25.977,-52.564
4124806,SÃO JOÃO,PR,Sul,-25.821,-52.725
4100459,ALTAMIRA DO PR,PR,Sul,-24.798,-52.713
4127908,TUNEIRAS DO OESTE,PR,Sul,-23.865,-52.877
4118303,PARANAPOEMA,PR,Sul,-22.641,-52.09
4108304,FOZ DO IGUAÇU,PR,Sul,-25.543,-54.583
4111704,JABOTI,PR,Sul,-23.744,-50.073
4101705,ARARUNA,PR,Sul,-23.931,-52.502
4106571,CRUZEIRO DO IGUAÇU,PR,Sul,-25.619,-53.129
4110409,INDIANÓPOLIS,PR,Sul,-23.476,-52.699
4113502,LOANDA,PR,Sul,-22.923,-53.136
4103503,CALIFÓRNIA,PR,Sul,-23.657,-51.357
4106555,CORUMBATAÍ DO SUL,PR,Sul,-24.101,-52.118
4124020,SANTA TEREZA DO OESTE,PR,Sul,-25.054,-53.627
4117008,NOVA FÁTIMA,PR,Sul,-23.432,-50.566
4107009,CURIÚVA,PR,Sul,-24.036,-50.458
4117057,NOVA LARANJEIRAS,PR,Sul,-25.305,-52.545
4114807,MARIALVA,PR,Sul,-23.484,-51.793
4108320,FRANCISCO ALVES,PR,Sul,-24.067,-53.846
4124004,SANTANA DO ITARARÉ,PR,Sul,-23.759,-49.629
4104808,CASCAVEL,PR,Sul,-24.957,-53.459
4119608,PITANGA,PR,Sul,-24.759,-51.76
4109401,GUARAPUAVA,PR,Sul,-25.39,-51.462
4127957,TUPÃSSI,PR,Sul,-24.588,-53.511
4126603,SIQUEIRA CAMPOS,PR,Sul,-23.688,-49.83
4127965,TURVO,PR,Sul,-25.044,-51.528
4124053,SANTA TEREZINHA DE ITAIPU,PR,Sul,-25.439,-54.402
4121802,RIBEIRÃO CLARO,PR,Sul,-23.194,-49.76
4112207,JANIÓPOLIS,PR,Sul,-24.14,-52.778
4102208,ATALAIA,PR,Sul,-23.152,-52.055
4120507,PRIMEIRO DE MAIO,PR,Sul,-22.852,-51.029
4125308,SÃO JORGE DO IVAÍ,PR,Sul,-23.434,-52.293
4126652,SULINA,PR,Sul,-25.707,-52.73
4117909,PALOTINA,PR,Sul,-24.287,-53.84
4125357,SÃO JORGE DO PATROCÍNIO,PR,Sul,-23.765,-53.882
4127106,TELÊMACO BORBA,PR,Sul,-24.325,-50.618
4107900,FLORESTA,PR,Sul,-23.603,-52.081
4119657,PITANGUEIRAS,PR,Sul,-23.228,-51.587
4128401,URAÍ,PR,Sul,-23.2,-50.794
4126678,TAMARANA,PR,Sul,-23.72,-51.099
4120101,PORTO AMAZONAS,PR,Sul,-25.54,-49.895
4114005,MAMBORÊ,PR,Sul,-24.317,-52.527
4104006,CAMPINA GRANDE DO SUL,PR,Sul,-25.304,-49.055
4116604,NOVA AMÉRICA DA COLINA,PR,Sul,-23.331,-50.717
4106605,CRUZEIRO DO OESTE,PR,Sul,-23.78,-53.077
4124905,SÃO JOÃO DO CAIUÁ,PR,Sul,-22.854,-52.341
4120150,PORTO BARREIRO,PR,Sul,-25.548,-52.407
4111803,JACAREZINHO,PR,Sul,-23.159,-49.974
4104055,CAMPO BONITO,PR,Sul,-25.029,-52.994
4101804,ARAUCÁRIA,PR,Sul,-25.586,-49.405
4100103,ABATIÁ,PR,Sul,-23.305,-50.313
4110508,IPIRANGA,PR,Sul,-25.024,-50.579
4115309,MARIÓPOLIS,PR,Sul,-26.355,-52.553
4123204,SANTA CECÍLIA DO PAVÃO,PR,Sul,-23.52,-50.783
4105300,CÉU AZUL,PR,Sul,-25.149,-53.842
4115358,MARIPÁ,PR,Sul,-24.42,-53.829
4112702,JATAIZINHO,PR,Sul,-23.258,-50.978
4117107,NOVA LONDRINA,PR,Sul,-22.764,-52.987
4107108,DIAMANTE DO NORTE,PR,Sul,-22.655,-52.862
4125803,SÃO PEDRO DO IVAÍ,PR,Sul,-23.863,-51.857
4124509,SANTO INÁCIO,PR,Sul,-22.696,-51.797
4118402,PARANAVAÍ,PR,Sul,-23.082,-52.462
4108403,FRANCISCO BELTRÃO,PR,Sul,-26.082,-53.053
4101408,APUCARANA,PR,Sul,-23.55,-51.464
4111407,IVAÍ,PR,Sul,-25.007,-50.857
4112751,JESUÍTAS,PR,Sul,-24.384,-53.385
4110102,IMBITUVA,PR,Sul,-25.229,-50.599
4118451,PATO BRAGADO,PR,Sul,-24.627,-54.227
4102703,BARRA DO JACARÉ,PR,Sul,-23.116,-50.184
4122800,SALGADO FILHO,PR,Sul,-26.178,-53.363
4119707,PLANALTINA DO PR,PR,Sul,-23.01,-52.916
4104501,CAPANEMA,PR,Sul,-25.669,-53.806
4114500,MANOEL RIBAS,PR,Sul,-24.514,-51.666
4127601,TIJUCAS DO SUL,PR,Sul,-25.931,-49.195
4109500,GUARAQUEÇABA,PR,Sul,-25.307,-48.32
4108007,FLORESTÓPOLIS,PR,Sul,-22.862,-51.388
4118006,PARAÍSO DO NORTE,PR,Sul,-23.282,-52.605
4103222,BOM SUCESSO DO SUL,PR,Sul,-26.073,-52.835
4102752,BELA VISTA DA CAROBA,PR,Sul,-25.884,-53.672
4103206,BOM SUCESSO,PR,Sul,-23.706,-51.767
4113205,LAPA,PR,Sul,-25.767,-49.717
4113254,LARANJAL,PR,Sul,-24.886,-52.47
4105805,COLOMBO,PR,Sul,-25.293,-49.226
4115804,MEDIANEIRA,PR,Sul,-25.298,-54.094
4125001,SÃO JOÃO DO IVAÍ,PR,Sul,-23.983,-51.822
4126306,SENGÉS,PR,Sul,-24.113,-49.462
4109104,GUAPOREMA,PR,Sul,-23.34,-52.779
4108908,GUAIRAÇÁ,PR,Sul,-22.932,-52.691
4118907,PÉROLA,PR,Sul,-23.804,-53.683
4128104,UMUARAMA,PR,Sul,-23.766,-53.32
4121505,REBOUÇAS,PR,Sul,-25.623,-50.688
4120200,PORTO RICO,PR,Sul,-22.775,-53.268
4123303,SANTA CRUZ DE MONTE CASTELO,PR,Sul,-22.958,-53.295
4122008,RIO AZUL,PR,Sul,-25.731,-50.798
4126355,SERRANÓPOLIS DO IGUAÇU,PR,Sul,-25.38,-54.052
4112801,JOAQUIM TÁVORA,PR,Sul,-23.499,-49.909
4115853,MERCEDES,PR,Sul,-24.454,-54.162
4107603,FAXINAL,PR,Sul,-24.008,-51.323
4117602,PALMAS,PR,Sul,-26.484,-51.989
4108957,GUAMIRANGA,PR,Sul,-25.191,-50.802
4107652,FAZENDA RIO GRANDE,PR,Sul,-25.662,-49.307
4100202,ADRIANÓPOLIS,PR,Sul,-24.661,-48.992
4105003,CATANDUVAS,PR,Sul,-25.204,-53.155
4115002,MARILENA,PR,Sul,-22.734,-53.04
4102802,BELA VISTA DO PARAÍSO,PR,Sul,-22.994,-51.193
4125902,SÃO PEDRO DO PR,PR,Sul,-22.824,-53.224
4106308,CORBÉLIA,PR,Sul,-24.797,-53.301
4116307,MUNHOZ DE MELO,PR,Sul,-23.149,-51.774
4124608,SÃO CARLOS DO IVAÍ,PR,Sul,-23.316,-52.476
4127700,TOLEDO,PR,Sul,-24.725,-53.741
4108106,FLÓRIDA,PR,Sul,-23.085,-51.955
4118105,PARANACITY,PR,Sul,-22.93,-52.155
4101507,ARAPONGAS,PR,Sul,-23.415,-51.426
4111506,IVAIPORÃ,PR,Sul,-24.248,-51.675
4110201,INÁCIO MARTINS,PR,Sul,-25.57,-51.077
4111555,IVATÉ,PR,Sul,-23.407,-53.369
4103305,BORRAZÓPOLIS,PR,Sul,-23.937,-51.587
4113304,LARANJEIRAS DO SUL,PR,Sul,-25.408,-52.411
4114609,MARECHAL CÂNDIDO RONDON,PR,Sul,-24.557,-54.057
4122909,SALTO DO ITARARÉ,PR,Sul,-23.607,-49.635
4104600,CAPITÃO LEÔNIDAS MARQUES,PR,Sul,-25.482,-53.611
4119400,PIRAÍ DO SUL,PR,Sul,-24.531,-49.943
4126405,SERTANEJA,PR,Sul,-23.036,-50.832
4109203,GUARACI,PR,Sul,-22.969,-51.65
4103370,BRASILÂNDIA DO SUL,PR,Sul,-24.198,-53.528
4104659,CARAMBEÍ,PR,Sul,-24.915,-50.099
4121604,RENASCENÇA,PR,Sul,-26.159,-52.97
4112009,JAGUARIAÍVA,PR,Sul,-24.244,-49.707
4103354,BRAGANEY,PR,Sul,-24.817,-53.122
4120309,PORTO VITÓRIA,PR,Sul,-26.167,-51.231
4102000,ASSIS CHATEAUBRIAND,PR,Sul,-24.417,-53.521
4105904,COLORADO,PR,Sul,-22.837,-51.974
4115903,MIRADOR,PR,Sul,-23.255,-52.776
4122503,RONCADOR,PR,Sul,-24.596,-52.272
4125100,SÃO JOÃO DO TRIUNFO,PR,Sul,-25.683,-50.295
4123857,SANTA MARIA DO OESTE,PR,Sul,-24.938,-51.87
4107702,FÊNIX,PR,Sul,-23.913,-51.98
4117701,PALMEIRA,PR,Sul,-25.426,-50.007
4128203,UNIÃO DA VITÓRIA,PR,Sul,-26.227,-51.087
4107736,FERNANDES PINHEIRO,PR,Sul,-25.411,-50.546
4121208,QUITANDINHA,PR,Sul,-25.873,-49.497
4112900,JUNDIAÍ DO SUL,PR,Sul,-23.436,-50.25
4124301,SANTO ANTÔNIO DO PARAÍSO,PR,Sul,-23.497,-50.645
4106407,CORNÉLIO PROCÓPIO,PR,Sul,-23.183,-50.65
4116406,NOSSA SENHORA DAS GRAÇAS,PR,Sul,-22.913,-51.798
4107751,FIGUEIRA,PR,Sul,-23.846,-50.403
4111605,IVATUBA,PR,Sul,-23.619,-52.22
4121257,RAMILÂNDIA,PR,Sul,-25.119,-54.023
4123006,SALTO DO LONTRA,PR,Sul,-25.781,-53.313
4113809,LUPIONÓPOLIS,PR,Sul,-22.755,-51.66
4105102,CENTENÁRIO DO SUL,PR,Sul,-22.819,-51.597
4115101,MARILUZ,PR,Sul,-24.009,-53.143
4106456,CORONEL DOMINGOS SOARES,PR,Sul,-26.228,-52.036
4103800,CAMBIRA,PR,Sul,-23.589,-51.579
4112504,JARDIM ALEGRE,PR,Sul,-24.181,-51.69
4125605,SÃO MATEUS DO SUL,PR,Sul,-25.868,-50.384
4118204,PARANAGUÁ,PR,Sul,-25.516,-48.523
4126900,TAPIRA,PR,Sul,-23.319,-53.068
4111209,ITAPEJARA D'OESTE,PR,Sul,-25.962,-52.815
4101200,ANTONINA,PR,Sul,-25.439,-48.719
4120804,QUATRO BARRAS,PR,Sul,-25.367,-49.076
4123907,SANTA MARIANA,PR,Sul,-23.146,-50.517
4102505,BARBOSA FERRAZ,PR,Sul,-24.033,-52.004
4122602,RONDON,PR,Sul,-23.412,-52.766
4114302,MANDIRITUBA,PR,Sul,-25.777,-49.328
4127403,TERRA ROXA,PR,Sul,-24.157,-54.099
4119509,PIRAQUARA,PR,Sul,-25.442,-49.062
4104303,CAMPO MOURÃO,PR,Sul,-24.046,-52.378
4120853,QUATRO PONTES,PR,Sul,-24.575,-53.976
4103024,BOA ESPERANÇA DO IGUAÇU,PR,Sul,-25.632,-53.211
4111258,ITAPERUÇU,PR,Sul,-25.219,-49.345
4113007,JUSSARA,PR,Sul,-23.622,-52.469
4122651,ROSÁRIO DO IVAÍ,PR,Sul,-24.268,-51.272
4103008,BOA ESPERANÇA,PR,Sul,-24.247,-52.788
4114351,MANFRINÓPOLIS,PR,Sul,-26.144,-53.311
4103057,BOA VISTA DA APARECIDA,PR,Sul,-25.431,-53.412
4115606,MATELÂNDIA,PR,Sul,-25.25,-53.993
4123956,SANTA MÔNICA,PR,Sul,-23.108,-53.11
1200013,ACRELÂNDIA,AC,Norte,-9.826,-66.897
1500131,ABEL FIGUEIREDO,PA,Norte,-4.953,-48.393
1500107,ABAETETUBA,PA,Norte,-1.722,-48.879
1500206,ACARÁ,PA,Norte,-1.954,-48.199
1500305,AFUÁ,PA,Norte,-0.155,-50.386
1500347,ÁGUA AZUL DO NORTE,PA,Norte,-6.791,-50.479
1700251,ABREULÂNDIA,TO,Norte,-9.621,-49.152
2100105,AFONSO CUNHA,MA,Nordeste,-4.136,-43.328
2100154,ÁGUA DOCE DO MARANHÃO,MA,Nordeste,-2.84,-42.119
2100055,AÇAILÂNDIA,MA,Nordeste,-4.947,-47.5
2200103,AGRICOLÂNDIA,PI,Nordeste,-5.797,-42.666
2200202,ÁGUA BRANCA,PI,Nordeste,-5.889,-42.637
2200053,ACAUÃ,PI,Nordeste,-8.22,-41.083
2300309,ACOPIARA,CE,Nordeste,-6.089,-39.448
2300101,ABAIARA,CE,Nordeste,-7.346,-39.042
2300150,ACARAPE,CE,Nordeste,-4.221,-38.706
1100346,ALVORADA D'OESTE,RO,Norte,-11.346,-62.285
1502756,CONCÓRDIA DO PARÁ,PA,Norte,-1.992,-47.942
1200708,XAPURI,AC,Norte,-10.652,-68.497
1508407,XINGUARA,PA,Norte,-7.098,-49.944
1508357,VITÓRIA DO XINGU,PA,Norte,-2.879,-52.009
1600808,VITÓRIA DO JARI,AP,Norte,-0.938,-52.424
1722081,WANDERLÂNDIA,TO,Norte,-6.853,-47.96
1722107,XAMBIOÁ,TO,Norte,-6.414,-48.532
2113009,VITORINO FREIRE,MA,Nordeste,-4.282,-45.251
2114007,ZÉ DOCA,MA,Nordeste,-3.27,-45.655
2112902,VITÓRIA DO MEARIM,MA,Nordeste,-3.451,-44.864
2211704,WALL FERRAZ,PI,Nordeste,-7.232,-41.905
2517407,ZABELÊ,PB,Nordeste,-8.079,-37.106
2616506,XEXÉU,PE,Nordeste,-8.805,-35.621
2616407,VITÓRIA DE SANTO ANTÃO,PE,Nordeste,-8.128,-35.298
2933505,WENCESLAU GUIMARÃES,BA,Nordeste,-13.691,-39.476
2933604,XIQUE-XIQUE,BA,Nordeste,-10.823,-42.724
2933307,VITÓRIA DA CONQUISTA,BA,Nordeste,-14.861,-40.844
2933406,WAGNER,BA,Nordeste,-12.282,-41.172
2933455,WANDERLEY,BA,Nordeste,-12.114,-43.896
3172202,WENCESLAU BRAZ,MG,Sudeste,-22.537,-45.363
3172103,VOLTA GRANDE,MG,Sudeste,-21.767,-42.538
3306305,VOLTA REDONDA,RJ,Sudeste,-22.52,-44.1
3556958,VITÓRIA BRASIL,SP,Sudeste,-20.196,-50.487
3557006,VOTORANTIM,SP,Sudeste,-23.545,-47.439
3557105,VOTUPORANGA,SP,Sudeste,-20.424,-49.978
3557154,ZACARIAS,SP,Sudeste,-21.051,-50.055
4128708,VITORINO,PR,Sul,-26.268,-52.784
4105607,CIDADE GAÚCHA,PR,Sul,-23.377,-52.944
4126108,SÃO TOMÉ,PR,Sul,-23.535,-52.59
4103040,BOA VENTURA DE SÃO ROQUE,PR,Sul,-24.869,-51.628
4119103,PIÊN,PR,Sul,-26.096,-49.434
4119152,PINHAIS,PR,Sul,-25.443,-49.193
4116901,NOVA ESPERANÇA,PR,Sul,-23.182,-52.203
4106902,CURITIBA,PR,Sul,-25.419,-49.265
4118709,PAULO FRONTIN,PR,Sul,-26.047,-50.83
4121307,RANCHO ALEGRE,PR,Sul,-23.068,-50.914
4108700,GRANDES RIOS,PR,Sul,-24.147,-51.509
4120002,PORECATU,PR,Sul,-22.754,-51.38
4121356,RANCHO ALEGRE D'OESTE,PR,Sul,-24.306,-52.955
4123105,SANTA AMÉLIA,PR,Sul,-23.265,-50.429
4110805,IRETAMA,PR,Sul,-24.425,-52.101
4113908,MALLET,PR,Sul,-25.881,-50.817
4100806,ALVORADA DO SUL,PR,Sul,-22.781,-51.23
4103909,CAMPINA DA LAGOA,PR,Sul,-24.589,-52.798
4112603,JARDIM OLINDA,PR,Sul,-22.552,-52.05
4116950,NOVA ESPERANÇA DO SUDOESTE,PR,Sul,-25.9,-53.262
4117404,OURIZONA,PR,Sul,-23.405,-52.196
4107405,ENÉAS MARQUES,PR,Sul,-25.945,-53.166
4124400,SANTO ANTÔNIO DO SUDOESTE,PR,Sul,-26.074,-53.725
4117453,OURO VERDE DO OESTE,PR,Sul,-24.793,-53.904
4109807,IBIPORÃ,PR,Sul,-23.266,-51.052
4120903,QUEDAS DO IGUAÇU,PR,Sul,-25.449,-52.91
4103958,CAMPINA DO SIMÃO,PR,Sul,-25.08,-51.824
4125704,SÃO MIGUEL DO IGUAÇU,PR,Sul,-25.349,-54.24
4102604,BARRACÃO,PR,Sul,-26.25,-53.632
4116109,MOREIRA SALES,PR,Sul,-24.051,-53.01
4125753,SÃO PEDRO DO IGUAÇU,PR,Sul,-24.937,-53.852
4127502,TIBAGI,PR,Sul,-24.515,-50.418
4106100,CONSELHEIRO MAIRINCK,PR,Sul,-23.623,-50.171
4128807,XAMBRÊ,PR,Sul,-23.736,-53.488
4111308,ITAÚNA DO SUL,PR,Sul,-22.729,-52.887
4101309,ANTÔNIO OLINTO,PR,Sul,-25.98,-50.197
4110003,IGUARAÇU,PR,Sul,-23.195,-51.826
4113106,KALORÉ,PR,Sul,-23.819,-51.669
4103107,BOCAIÚVA DO SUL,PR,Sul,-25.207,-49.114
4104428,CANDÓI,PR,Sul,-25.576,-52.041
4122701,SABÁUDIA,PR,Sul,-23.316,-51.555
4110078,IMBAÚ,PR,Sul,-24.448,-50.753
4114401,MANGUEIRINHA,PR,Sul,-25.942,-52.174
4104402,CÂNDIDO DE ABREU,PR,Sul,-24.565,-51.337
4126207,SAPOPEMA,PR,Sul,-23.908,-50.58
4119202,PINHALÃO,PR,Sul,-23.798,-50.054
4110052,IGUATU,PR,Sul,-24.715,-53.083
4109005,GUAPIRAMA,PR,Sul,-23.52,-50.041
4121406,REALEZA,PR,Sul,-25.771,-53.526
4104451,CANTAGALO,PR,Sul,-25.373,-52.12
4123600,SANTA INÊS,PR,Sul,-22.638,-51.902
4103156,BOM JESUS DO SUL,PR,Sul,-26.196,-53.596
4110904,ITAGUAJÉ,PR,Sul,-22.618,-51.967
4126256,SARANDI,PR,Sul,-23.444,-51.876
4115705,MATINHOS,PR,Sul,-25.824,-48.549
4122305,RIO NEGRO,PR,Sul,-26.095,-49.798
4100905,AMAPORÃ,PR,Sul,-23.094,-52.787
4105706,CLEVELÂNDIA,PR,Sul,-26.404,-52.351
4115754,MAUÁ DA SERRA,PR,Sul,-23.899,-51.228
4117503,PAIÇANDU,PR,Sul,-23.456,-52.046
4107504,ENGENHEIRO BELTRÃO,PR,Sul,-23.797,-52.266
4119251,PINHAL DE SÃO BENTO,PR,Sul,-26.032,-53.482
4115739,MATO RICO,PR,Sul,-24.7,-52.145
4128005,UBIRATÃ,PR,Sul,-24.539,-52.986
4118808,PEABIRU,PR,Sul,-23.914,-52.343
4110953,ITAIPULÂNDIA,PR,Sul,-25.137,-54.3
4108809,GUAÍRA,PR,Sul,-24.085,-54.257
4107538,ENTRE RIOS DO OESTE,PR,Sul,-24.704,-54.239
4126272,SAUDADE DO IGUAÇU,PR,Sul,-25.692,-52.618
4121000,QUERÊNCIA DO NORTE,PR,Sul,-23.084,-53.483
4107546,ESPIGÃO ALTO DO IGUAÇU,PR,Sul,-25.422,-52.835
4100509,ALTÔNIA,PR,Sul,-23.876,-53.896
4107520,ESPERANÇA NOVA,PR,Sul,-23.724,-53.811
4118857,PEROBAL,PR,Sul,-23.895,-53.41
4124103,SANTO ANTÔNIO DA PLATINA,PR,Sul,-23.296,-50.081
4116208,MORRETES,PR,Sul,-25.474,-48.834
4114906,MARILÂNDIA DO SUL,PR,Sul,-23.742,-51.314
4106209,CONTENDA,PR,Sul,-25.679,-49.535
4107553,FAROL,PR,Sul,-24.096,-52.622
4104907,CASTRO,PR,Sul,-24.789,-50.011
4109906,ICARAÍMA,PR,Sul,-23.394,-53.615
4113601,LOBATO,PR,Sul,-23.006,-51.952
4101853,ARIRANHA DO IVAÍ,PR,Sul,-24.386,-51.584
4103602,CAMBARÁ,PR,Sul,-23.042,-50.075
4107124,DIAMANTE DO SUL,PR,Sul,-25.035,-52.677
4125407,SÃO JOSÉ DA BOA VISTA,PR,Sul,-23.912,-49.658
4108452,FOZ DO JORDÃO,PR,Sul,-25.737,-52.119
4107157,DIAMANTE D'OESTE,PR,Sul,-24.942,-54.105
4126702,TAMBOARA,PR,Sul,-23.204,-52.474
4111001,ITAMBARACÁ,PR,Sul,-23.018,-50.41
4128500,WENCESLAU BRAZ,PR,Sul,-23.874,-49.803
4101002,AMPÉRE,PR,Sul,-25.917,-53.469
4121901,RIBEIRÃO DO PINHAL,PR,Sul,-23.409,-50.36
4112306,JAPIRA,PR,Sul,-23.814,-50.142
4120606,PRUDENTÓPOLIS,PR,Sul,-25.211,-50.975
4123709,SANTA ISABEL DO IVAÍ,PR,Sul,-23.003,-53.199
4102307,BALSA NOVA,PR,Sul,-25.58,-49.629
4122404,ROLÂNDIA,PR,Sul,-23.31,-51.366
4114104,MANDAGUAÇU,PR,Sul,-23.346,-52.094
4125456,SÃO JOSÉ DAS PALMEIRAS,PR,Sul,-24.837,-54.057
4127205,TERRA BOA,PR,Sul,-23.768,-52.447
4104105,CAMPO DO TENENTE,PR,Sul,-25.98,-49.684
4128559,VERA CRUZ DO OESTE,PR,Sul,-25.058,-53.877
4119301,PINHÃO,PR,Sul,-25.694,-51.654
4128534,VENTANIA,PR,Sul,-24.246,-50.238
4120655,QUARTO CENTENÁRIO,PR,Sul,-24.277,-53.076
4101051,ANAHY,PR,Sul,-24.645,-53.133
4115408,MARMELEIRO,PR,Sul,-26.147,-53.027
4105409,CHOPINZINHO,PR,Sul,-25.852,-52.517
4209508,LAURENTINO,SC,Sul,-27.217,-49.733
4202107,BARRA VELHA,SC,Sul,-26.637,-48.693
4217808,TAIÓ,SC,Sul,-27.121,-49.994
4202156,BELMONTE,SC,Sul,-26.843,-53.576
4204707,CUNHA PORÃ,SC,Sul,-26.895,-53.166
4202131,BELA VISTA DO TOLDO,SC,Sul,-26.275,-50.466
4203402,CAMPO BELO DO SUL,SC,Sul,-27.898,-50.76
4208203,ITAJAÍ,SC,Sul,-26.91,-48.67
4210605,MASSARANDUBA,SC,Sul,-26.611,-49.005
4219606,XAVANTINA,SC,Sul,-27.067,-52.343
4212403,PEDRAS GRANDES,SC,Sul,-28.434,-49.195
4211108,MONTE CASTELO,SC,Sul,-26.461,-50.233
4201703,ASCURRA,SC,Sul,-26.955,-49.378
4204756,CUNHATAÍ,SC,Sul,-26.971,-53.09
4206504,GUARAMIRIM,SC,Sul,-26.469,-49.003
4205209,ERVAL VELHO,SC,Sul,-27.274,-51.443
4218301,TRÊS BARRAS,SC,Sul,-26.106,-50.32
4207809,IRANI,SC,Sul,-27.029,-51.901
4217006,SÃO LUDGERO,SC,Sul,-28.314,-49.181
4207858,IRATI,SC,Sul,-26.654,-52.895
4214805,RIO DO SUL,SC,Sul,-27.216,-49.643
4213500,PORTO BELO,SC,Sul,-27.159,-48.547
4216602,SÃO JOSÉ,SC,Sul,-27.614,-48.637
4207007,IÇARA,SC,Sul,-28.713,-49.309
4215307,SALETE,SC,Sul,-26.98,-49.999
4218350,TREVISO,SC,Sul,-28.51,-49.463
4200408,ÁGUA DOCE,SC,Sul,-26.998,-51.553
4202206,BENEDITO NOVO,SC,Sul,-26.781,-49.359
4215356,SALTINHO,SC,Sul,-26.605,-53.058
4208302,ITAPEMA,SC,Sul,-27.086,-48.616
4209607,LAURO MULLER,SC,Sul,-28.386,-49.404
4217907,TANGARÁ,SC,Sul,-27.1,-51.247
4210704,MATOS COSTA,SC,Sul,-26.471,-51.15
4219705,XAXIM,SC,Sul,-26.96,-52.537
4204806,CURITIBANOS,SC,Sul,-27.282,-50.582
4212908,PINHALZINHO,SC,Sul,-26.849,-52.991
4214003,PRESIDENTE GETÚLIO,SC,Sul,-27.047,-49.625
4211603,NOVA VENEZA,SC,Sul,-28.634,-49.505
4203501,CAMPO ERÊ,SC,Sul,-26.393,-53.086
4206603,GUARUJÁ DO SUL,SC,Sul,-26.386,-53.53
4205308,FAXINAL DOS GUEDES,SC,Sul,-26.845,-52.26
4217956,TIGRINHOS,SC,Sul,-26.688,-53.154
4216255,SÃO JOÃO DO OESTE,SC,Sul,-27.098,-53.598
4210308,MAJOR VIEIRA,SC,Sul,-26.371,-50.327
4211652,NOVO HORIZONTE,SC,Sul,-26.444,-52.828
4219309,VIDEIRA,SC,Sul,-27.009,-51.154
4205357,FLOR DO SERTÃO,SC,Sul,-26.781,-53.35
4206652,GUATAMBÚ,SC,Sul,-27.134,-52.789
4219358,VITOR MEIRELES,SC,Sul,-26.878,-49.833
4218400,TREZE DE MAIO,SC,Sul,-28.554,-49.157
4207908,IRINEÓPOLIS,SC,Sul,-26.242,-50.796
4215802,SÃO BENTO DO SUL,SC,Sul,-26.25,-49.383
4212106,PALMITOS,SC,Sul,-27.07,-53.159
4204004,CATANDUVAS,SC,Sul,-27.069,-51.66
4202701,BOTUVERÁ,SC,Sul,-27.201,-49.069
4201406,ARARANGUÁ,SC,Sul,-28.936,-49.492
4214508,RIO DO CAMPO,SC,Sul,-26.945,-50.136
4213203,POMERODE,SC,Sul,-26.738,-49.178
4218004,TIJUCAS,SC,Sul,-27.235,-48.632
4209706,LEBON RÉGIS,SC,Sul,-26.928,-50.692
4200101,ABELARDO LUZ,SC,Sul,-26.572,-52.323
4207577,IOMERÊ,SC,Sul,-27.002,-51.244
4211702,ORLEANS,SC,Sul,-28.349,-49.299
4216305,SÃO JOÃO BATISTA,SC,Sul,-27.277,-48.847
4215000,RIO NEGRINHO,SC,Sul,-26.259,-49.518
4205803,GARUVA,SC,Sul,-26.029,-48.852
4216354,SÃO JOÃO DO ITAPERIÚ,SC,Sul,-26.621,-48.768
4218905,URUBICI,SC,Sul,-28.016,-49.593
4209300,LAGES,SC,Sul,-27.815,-50.326
4215075,RIQUEZA,SC,Sul,-27.065,-53.327
4217600,SIDERÓPOLIS,SC,Sul,-28.596,-49.431
4211751,OTACÍLIO COSTA,SC,Sul,-27.479,-50.123
4215059,RIO RUFINO,SC,Sul,-27.859,-49.775
4204509,CORUPÁ,SC,Sul,-26.425,-49.246
4203204,CAMBORIÚ,SC,Sul,-27.024,-48.65
4208005,ITÁ,SC,Sul,-27.291,-52.321
4215901,SÃO BONIFÁCIO,SC,Sul,-27.901,-48.933
4218954,URUPEMA,SC,Sul,-27.956,-49.873
4210407,MARACAJÁ,SC,Sul,-28.846,-49.461
4203253,CAPÃO ALTO,SC,Sul,-27.939,-50.51
4219408,WITMARSUM,SC,Sul,-26.927,-49.795
4212205,PAPANDUVA,SC,Sul,-26.378,-50.142
4202800,BRAÇO DO NORTE,SC,Sul,-28.268,-49.17
4201505,ARMAZÉM,SC,Sul,-28.245,-49.022
4204558,CORREIA PINTO,SC,Sul,-27.588,-50.361
4206306,GUABIRUBA,SC,Sul,-27.081,-48.98
4212239,PARAÍSO,SC,Sul,-26.62,-53.672
4205001,DIONÍSIO CERQUEIRA,SC,Sul,-26.265,-53.635
4208906,JARAGUÁ DO SUL,SC,Sul,-26.485,-49.071
4218103,TIMBÉ DO SUL,SC,Sul,-28.829,-49.842
4207601,IPIRA,SC,Sul,-27.404,-51.776
4212270,PASSOS MAIA,SC,Sul,-26.783,-52.057
4202875,BRUNÓPOLIS,SC,Sul,-27.306,-50.868
4202859,BRAÇO DO TROMBUDO,SC,Sul,-27.359,-49.882
4212254,PASSO DE TORRES,SC,Sul,-29.31,-49.722
4214607,RIO DO OESTE,SC,Sul,-27.195,-49.799
4207650,IPORÃ DO OESTE,SC,Sul,-26.985,-53.535
4213302,PONTE ALTA,SC,Sul,-27.483,-50.376
4216404,SÃO JOÃO DO SUL,SC,Sul,-29.215,-49.809
4215109,RODEIO,SC,Sul,-26.924,-49.365
4205902,GASPAR,SC,Sul,-26.934,-48.953
4207684,IPUAÇU,SC,Sul,-26.635,-52.456
4208955,JARDINÓPOLIS,SC,Sul,-26.719,-52.862
4200200,AGROLÂNDIA,SC,Sul,-27.409,-49.822
4202008,BALNEÁRIO CAMBORIÚ,SC,Sul,-26.993,-48.635
4213351,PONTE ALTA DO NORTE,SC,Sul,-27.159,-50.466
4208104,ITAIÓPOLIS,SC,Sul,-26.339,-49.909
4202073,BALNEÁRIO GAIVOTA,SC,Sul,-29.153,-49.584
4217709,SOMBRIO,SC,Sul,-29.108,-49.633
4209409,LAGUNA,SC,Sul,-28.484,-48.777
4202081,BANDEIRANTE,SC,Sul,-26.77,-53.641
4219507,XANXERÊ,SC,Sul,-26.875,-52.404
4202057,BALNEÁRIO BARRA DO SUL,SC,Sul,-26.46,-48.612
4212700,PETROLÂNDIA,SC,Sul,-27.535,-49.694
4204608,CRICIÚMA,SC,Sul,-28.672,-49.373
4211405,NOVA ERECHIM,SC,Sul,-26.898,-52.907
4203303,CAMPO ALEGRE,SC,Sul,-26.195,-49.268
4206405,GUARACIABA,SC,Sul,-26.604,-53.524
4209458,LAJEADO GRANDE,SC,Sul,-26.858,-52.565
4205100,DONA EMMA,SC,Sul,-26.981,-49.726
4217758,SUL BRASIL,SC,Sul,-26.735,-52.964
4216057,SÃO CRISTOVÃO DO SUL,SC,Sul,-27.267,-50.439
4213807,PRAIA GRANDE,SC,Sul,-29.192,-49.953
4211454,NOVA ITABERABA,SC,Sul,-26.943,-52.814
4200705,ALFREDO WAGNER,SC,Sul,-27.7,-49.327
4210100,MAFRA,SC,Sul,-26.116,-49.809
4206009,GOVERNADOR CELSO RAMOS,SC,Sul,-27.317,-48.558
4216909,SÃO LOURENÇO DO OESTE,SC,Sul,-26.356,-52.85
4215604,SANTA ROSA DE LIMA,SC,Sul,-28.033,-49.133
4207700,IPUMIRIM,SC,Sul,-27.077,-52.129
4219101,VARGEÃO,SC,Sul,-26.862,-52.155
4200754,ALTO BELA VISTA,SC,Sul,-27.433,-51.904
4215679,SANTA TEREZINHA,SC,Sul,-26.781,-50.009
4202503,BOM JARDIM DA SERRA,SC,Sul,-28.338,-49.637
4201208,ANTÔNIO CARLOS,SC,Sul,-27.519,-48.766
4215653,SANTA ROSA DO SUL,SC,Sul,-29.131,-49.711
4219150,VARGEM,SC,Sul,-27.487,-50.972
4214300,RANCHO QUEIMADO,SC,Sul,-27.673,-49.019
4207759,IRACEMINHA,SC,Sul,-26.822,-53.277
4202537,BOM JESUS,SC,Sul,-26.733,-52.392
4213005,PINHEIRO PRETO,SC,Sul,-27.048,-51.224
4203808,CANOINHAS,SC,Sul,-26.177,-50.395
4201273,ARABUTÃ,SC,Sul,-27.159,-52.142
4215687,SANTA TEREZINHA DO PROGRESSO,SC,Sul,-26.624,-53.2
4207304,IMBITUBA,SC,Sul,-28.228,-48.666
4215695,SANTIAGO DO SUL,SC,Sul,-26.639,-52.68
4201257,APIÚNA,SC,Sul,-27.038,-49.389
4202578,BOM JESUS DO OESTE,SC,Sul,-26.693,-53.097
4219176,VARGEM BONITA,SC,Sul,-27.006,-51.74
4212809,BALNEÁRIO PIÇARRAS,SC,Sul,-26.764,-48.672
4211504,NOVA TRENTO,SC,Sul,-27.278,-48.93
4216107,SÃO DOMINGOS,SC,Sul,-26.555,-52.531
4206900,IBIRAMA,SC,Sul,-27.055,-49.519
4205605,GALVÃO,SC,Sul,-26.455,-52.688
4218707,TUBARÃO,SC,Sul,-28.471,-49.014
4209102,JOINVILLE,SC,Sul,-26.305,-48.849
4217402,SCHROEDER,SC,Sul,-26.412,-49.074
4209151,JOSÉ BOITEUX,SC,Sul,-26.957,-49.629
4204301,CONCÓRDIA,SC,Sul,-27.233,-52.026
4203006,CAÇADOR,SC,Sul,-26.776,-51.012
4213906,PRESIDENTE CASTELLO BRANCO,SC,Sul,-27.222,-51.809
4215703,SANTO AMARO DA IMPERATRIZ,SC,Sul,-27.685,-48.781
4218756,TUNÁPOLIS,SC,Sul,-26.968,-53.642
4210209,MAJOR GERCINO,SC,Sul,-27.419,-48.949
4200804,ANCHIETA,SC,Sul,-26.538,-53.332
4212007,PALMA SOLA,SC,Sul,-26.347,-53.277
4202602,BOM RETIRO,SC,Sul,-27.799,-49.487
4209177,JUPIÁ,SC,Sul,-26.395,-52.73
4201307,ARAQUARI,SC,Sul,-26.375,-48.719
4204350,CORDILHEIRA ALTA,SC,Sul,-26.984,-52.606
4206108,GRÃO PARÁ,SC,Sul,-28.181,-49.225
4215752,SÃO BERNARDINO,SC,Sul,-26.474,-52.969
4208708,JACINTO MACHADO,SC,Sul,-28.996,-49.762
4207403,IMBUIA,SC,Sul,-27.491,-49.422
4219200,VIDAL RAMOS,SC,Sul,-27.389,-49.359
4212056,PALMEIRA,SC,Sul,-27.583,-50.158
4214409,RIO DAS ANTAS,SC,Sul,-26.895,-51.067
4213104,PIRATUBA,SC,Sul,-27.424,-51.767
4216206,SÃO FRANCISCO DO SUL,SC,Sul,-26.258,-48.634
4203907,CAPINZAL,SC,Sul,-27.347,-51.606
4205704,GAROPABA,SC,Sul,-28.027,-48.619
4200051,ABDON BATISTA,SC,Sul,-27.613,-51.023
4213153,PLANALTO ALEGRE,SC,Sul,-27.07,-52.867
4203956,CAPIVARI DE BAIXO,SC,Sul,-28.45,-48.963
4218806,TURVO,SC,Sul,-28.927,-49.683
4209201,LACERDÓPOLIS,SC,Sul,-27.258,-51.558
4217501,SEARA,SC,Sul,-27.156,-52.299
4218855,UNIÃO DO OESTE,SC,Sul,-26.762,-52.854
4200903,ANGELINA,SC,Sul,-27.57,-48.988
4212502,PENHA,SC,Sul,-26.775,-48.647
4211207,MORRO DA FUMAÇA,SC,Sul,-28.651,-49.217
4201802,ATALANTA,SC,Sul,-27.422,-49.779
4204400,CORONEL FREITAS,SC,Sul,-26.906,-52.701
4203105,CAIBI,SC,Sul,-27.074,-53.246
4204459,CORONEL MARTINS,SC,Sul,-26.511,-52.669
4217550,SERRA ALTA,SC,Sul,-26.723,-53.041
4206207,GRAVATAL,SC,Sul,-28.321,-49.043
4214904,RIO FORTUNA,SC,Sul,-28.124,-49.107
4213609,PORTO UNIÃO,SC,Sul,-26.245,-51.076
4217105,SÃO MARTINHO,SC,Sul,-28.161,-48.987
4211256,MORRO GRANDE,SC,Sul,-28.801,-49.721
4200507,ÁGUAS DE CHAPECÓ,SC,Sul,-27.075,-52.981
4203154,CALMON,SC,Sul,-26.594,-51.095
4217154,SÃO MIGUEL DA BOA VISTA,SC,Sul,-26.687,-53.251
4216701,SÃO JOSÉ DO CEDRO,SC,Sul,-26.456,-53.495
4208807,JAGUARUNA,SC,Sul,-28.615,-49.03
4215406,SALTO VELOSO,SC,Sul,-26.903,-51.404
4207106,ILHOTA,SC,Sul,-26.902,-48.825
4207502,INDAIAL,SC,Sul,-26.899,-49.235
4200556,ÁGUAS FRIAS,SC,Sul,-26.879,-52.857
4202305,BIGUAÇU,SC,Sul,-27.496,-48.66
4201000,ANITA GARIBALDI,SC,Sul,-27.69,-51.127
4215455,SANGÃO,SC,Sul,-28.633,-49.132
4204905,DESCANSO,SC,Sul,-26.827,-53.503
4214102,PRESIDENTE NEREU,SC,Sul,-27.277,-49.389
4203600,CAMPOS NOVOS,SC,Sul,-27.4,-51.228
4208401,ITAPIRANGA,SC,Sul,-27.166,-53.717
4208450,ITAPOÁ,SC,Sul,-26.116,-48.618
4210803,MELEIRO,SC,Sul,-28.824,-49.638
4210852,MIRIM DOCE,SC,Sul,-27.197,-50.079
4212601,PERITIBA,SC,Sul,-27.375,-51.902
4211306,NAVEGANTES,SC,Sul,-26.894,-48.655
4201901,AURORA,SC,Sul,-27.31,-49.63
4214151,PRINCESA,SC,Sul,-26.444,-53.599
4206702,HERVAL D'OESTE,SC,Sul,-27.19,-51.492
4205431,FORMOSA DO SUL,SC,Sul,-26.645,-52.795
4205407,FLORIANÓPOLIS,SC,Sul,-27.595,-48.548
4206751,IBIAM,SC,Sul,-27.185,-51.235
4218509,TREZE TÍLIAS,SC,Sul,-27.003,-51.408
4219853,ZORTÉA,SC,Sul,-27.452,-51.552
4217204,SÃO MIGUEL DO OESTE,SC,Sul,-26.724,-53.516
4201950,BALNEÁRIO ARROIO DO SILVA,SC,Sul,-28.981,-49.424
4205456,FORQUILHINHA,SC,Sul,-28.745,-49.478
4204103,CAXAMBU DO SUL,SC,Sul,-27.162,-52.881
4212650,PESCARIA BRAVA,SC,Sul,-28.397,-48.886
4217253,SÃO PEDRO DE ALCÂNTARA,SC,Sul,-27.567,-48.805
4213708,POUSO REDONDO,SC,Sul,-27.257,-49.93
4216800,SÃO JOSÉ DO CERRITO,SC,Sul,-27.66,-50.573
4215505,SANTA CECÍLIA,SC,Sul,-26.959,-50.425
4207205,IMARUÍ,SC,Sul,-28.334,-48.817
4220000,BALNEÁRIO RINCÃO,SC,Sul,-28.831,-49.235
4200606,ÁGUAS MORNAS,SC,Sul,-27.696,-48.824
4210001,LUIZ ALVES,SC,Sul,-26.715,-48.932
4210050,MACIEIRA,SC,Sul,-26.855,-51.37
4204178,CERRO NEGRO,SC,Sul,-27.794,-50.867
4202404,BLUMENAU,SC,Sul,-26.916,-49.071
4201109,ANITÁPOLIS,SC,Sul,-27.901,-49.132
4204152,CELSO RAMOS,SC,Sul,-27.633,-51.335
4210035,LUZERNA,SC,Sul,-27.13,-51.468
4215554,SANTA HELENA,SC,Sul,-26.937,-53.621
4202438,BOCAINA DO SUL,SC,Sul,-27.745,-49.942
4208500,ITUPORANGA,SC,Sul,-27.41,-49.596
4204194,CHAPADÃO DO LAGEADO,SC,Sul,-27.59,-49.554
4219002,URUSSANGA,SC,Sul,-28.518,-49.324
4209805,LEOBERTO LEAL,SC,Sul,-27.508,-49.279
4210902,MODELO,SC,Sul,-26.773,-53.04
4202453,BOMBINHAS,SC,Sul,-27.138,-48.515
4214201,QUILOMBO,SC,Sul,-26.726,-52.724
4211801,OURO,SC,Sul,-27.338,-51.619
4203709,CANELINHA,SC,Sul,-27.262,-48.766
4216008,SÃO CARLOS,SC,Sul,-27.08,-53.004
4206801,IBICARÉ,SC,Sul,-27.088,-51.368
4205506,FRAIBURGO,SC,Sul,-27.023,-50.92
4209854,LINDÓIA DO SUL,SC,Sul,-27.055,-52.069
4211876,PAIAL,SC,Sul,-27.254,-52.498
4210506,MARAVILHA,SC,Sul,-26.767,-53.174
4211850,OURO VERDE,SC,Sul,-26.692,-52.311
4205555,FREI ROGÉRIO,SC,Sul,-27.175,-50.808
4211892,PAINEL,SC,Sul,-27.923,-50.097
4202099,BARRA BONITA,SC,Sul,-26.654,-53.44
4218608,TROMBUDO CENTRAL,SC,Sul,-27.303,-49.793
4209003,JOAÇABA,SC,Sul,-27.172,-51.511
4217303,SAUDADES,SC,Sul,-26.932,-53.002
4210555,MAREMA,SC,Sul,-26.802,-52.626
4212304,PAULO LOPES,SC,Sul,-27.961,-48.686
4205159,DOUTOR PEDRINHO,SC,Sul,-26.717,-49.48
4202909,BRUSQUE,SC,Sul,-27.098,-48.911
4211009,MONDAÍ,SC,Sul,-27.101,-53.403
4204202,CHAPECÓ,SC,Sul,-27.1,-52.615
4201604,ARROIO TRINTA,SC,Sul,-26.926,-51.341
4204251,COCAL DO SUL,SC,Sul,-28.599,-49.334
4205191,ERMO,SC,Sul,-28.987,-49.643
4214706,RIO DOS CEDROS,SC,Sul,-26.74,-49.272
4213401,PONTE SERRADA,SC,Sul,-26.873,-52.011
4218202,TIMBÓ,SC,Sul,-26.825,-49.269
4218251,TIMBÓ GRANDE,SC,Sul,-26.613,-50.661
4205175,ENTRE RIOS,SC,Sul,-26.723,-52.559
4211058,MONTE CARLO,SC,Sul,-27.224,-50.981
4200309,AGRONÔMICA,SC,Sul,-27.266,-49.708
4201653,ARVOREDO,SC,Sul,-27.075,-52.454
4209904,LONTRAS,SC,Sul,-27.168,-49.535
4211900,PALHOÇA,SC,Sul,-27.645,-48.67
4208609,JABORÁ,SC,Sul,-27.178,-51.728
4216503,SÃO JOAQUIM,SC,Sul,-28.289,-49.946
4215208,ROMELÂNDIA,SC,Sul,-26.681,-53.317
4316204,RONDINHA,RS,Sul,-27.831,-52.908
4317558,SANTO ANTÔNIO DO PALMA,RS,Sul,-28.496,-52.027
4319307,SÃO PAULO DAS MISSÕES,RS,Sul,-28.02,-54.94
4311429,LAJEADO DO BUGRE,RS,Sul,-27.691,-53.182
4318002,SÃO BORJA,RS,Sul,-28.658,-56.004
4308607,GARIBALDI,RS,Sul,-29.259,-51.535
4311403,LAJEADO,RS,Sul,-29.459,-51.964
4312757,NOVA ALVORADA,RS,Sul,-28.682,-52.163
4301404,ARVOREZINHA,RS,Sul,-28.874,-52.178
4318051,SÃO DOMINGOS DO SUL,RS,Sul,-28.531,-51.886
4313201,NOVA PETRÓPOLIS,RS,Sul,-29.374,-51.114
4320206,SEBERI,RS,Sul,-27.483,-53.403
4303202,CACIQUE DOBLE,RS,Sul,-27.767,-51.66
4308656,GARRUCHOS,RS,Sul,-28.194,-55.638
4307708,ESTEIO,RS,Sul,-29.852,-51.184
4314506,PINHEIRO MACHADO,RS,Sul,-31.579,-53.38
4319372,SÃO PEDRO DO BUTIÁ,RS,Sul,-28.124,-54.893
4304507,CANGUÇU,RS,Sul,-31.396,-52.678
4319356,SÃO PEDRO DA SERRA,RS,Sul,-29.419,-51.513
4309951,IBIRAPUITÃ,RS,Sul,-28.625,-52.516
4319364,SÃO PEDRO DAS MISSÕES,RS,Sul,-27.771,-53.251
4314548,PINTO BANDEIRA,RS,Sul,-29.098,-51.45
4314555,PIRAPÓ,RS,Sul,-28.044,-55.2
4321501,TORRES,RS,Sul,-29.333,-49.733
4320230,SEDE NOVA,RS,Sul,-27.637,-53.949
4307302,ERVAL SECO,RS,Sul,-27.544,-53.501
4315800,ROCA SALES,RS,Sul,-29.288,-51.866
4320263,SEGREDO,RS,Sul,-29.352,-52.977
4306007,CRISSIUMAL,RS,Sul,-27.5,-54.099
4309100,GRAMADO,RS,Sul,-29.373,-50.876
4322806,VERANÓPOLIS,RS,Sul,-28.931,-51.552
4306072,CRISTAL DO SUL,RS,Sul,-27.452,-53.242
4318903,SÃO LUIZ GONZAGA,RS,Sul,-28.412,-54.956
4306056,CRISTAL,RS,Sul,-31.005,-52.044
4322855,VESPASIANO CORREA,RS,Sul,-29.066,-51.862
4310207,IJUÍ,RS,Sul,-28.388,-53.92
4323309,VILA FLORES,RS,Sul,-28.86,-51.55
4309126,GRAMADO DOS LOUREIROS,RS,Sul,-27.443,-52.915
4300208,AJURICABA,RS,Sul,-28.234,-53.776
4315008,PORTO LUCENA,RS,Sul,-27.857,-55.01
4305009,CATUÍPE,RS,Sul,-28.255,-54.013
4315057,PORTO MAUÁ,RS,Sul,-27.58,-54.666
4323358,VILA LÂNGARO,RS,Sul,-28.106,-52.144
4317608,SANTO ANTÔNIO DA PATRULHA,RS,Sul,-29.827,-50.517
4309159,GRAMADO XAVIER,RS,Sul,-29.271,-52.58
4306908,ENCRUZILHADA DO SUL,RS,Sul,-30.543,-52.52
4316303,ROQUE GONZALES,RS,Sul,-28.13,-55.027
4311502,LAVRAS DO SUL,RS,Sul,-30.807,-53.893
4315073,PORTO VERA CRUZ,RS,Sul,-27.741,-54.899
4301503,AUGUSTO PESTANA,RS,Sul,-28.517,-53.988
4306957,ENTRE RIOS DO SUL,RS,Sul,-27.53,-52.735
4322004,TRIUNFO,RS,Sul,-29.929,-51.708
4320701,SOBRADINHO,RS,Sul,-29.419,-53.033
4312807,NOVA ARAÇÁ,RS,Sul,-28.654,-51.746
4306924,ENGENHO VELHO,RS,Sul,-27.706,-52.914
4314605,PIRATINI,RS,Sul,-31.447,-53.097
4302808,CAÇAPAVA DO SUL,RS,Sul,-30.514,-53.483
4306932,ENTRE-IJUÍS,RS,Sul,-28.369,-54.269
4304606,CANOAS,RS,Sul,-29.913,-51.186
4319406,SÃO PEDRO DO SUL,RS,Sul,-29.62,-54.185
4318101,SÃO FRANCISCO DE ASSIS,RS,Sul,-29.555,-55.125
4308706,GAURAMA,RS,Sul,-27.586,-52.092
4304614,CANUDOS DO VALE,RS,Sul,-29.327,-52.237
4306973,EREBANGO,RS,Sul,-27.854,-52.3
4313300,NOVA PRATA,RS,Sul,-28.78,-51.611
4301552,ÁUREA,RS,Sul,-27.694,-52.05
4313359,NOVA ROMA DO SUL,RS,Sul,-28.988,-51.41
4303301,CAIBATÉ,RS,Sul,-28.291,-54.645
4304655,CAPÃO DO CIPÓ,RS,Sul,-28.931,-54.556
4304622,CAPÃO BONITO DO SUL,RS,Sul,-28.125,-51.396
4323804,XANGRI-LÁ,RS,Sul,-29.806,-50.052
4315909,RODEIO BONITO,RS,Sul,-27.474,-53.171
4307401,ESMERALDA,RS,Sul,-28.052,-51.193
4313334,NOVA RAMADA,RS,Sul,-28.067,-53.699
4304630,CAPÃO DA CANOA,RS,Sul,-29.764,-50.028
4306106,CRUZ ALTA,RS,Sul,-28.645,-53.605
4304689,CAPELA DE SANTANA,RS,Sul,-29.696,-51.328
4313391,NOVO CABRAIS,RS,Sul,-29.734,-52.949
4304697,CAPITÃO,RS,Sul,-29.267,-51.985
4304663,CAPÃO DO LEÃO,RS,Sul,-31.756,-52.489
4304671,CAPIVARI DO SUL,RS,Sul,-30.138,-50.515
4313375,NOVA SANTA RITA,RS,Sul,-29.852,-51.284
4310702,ITATIBA DO SUL,RS,Sul,-27.385,-52.454
4312005,MARIANO MORO,RS,Sul,-27.357,-52.147
4300703,ANTA GORDA,RS,Sul,-28.97,-52.01
4315107,PORTO XAVIER,RS,Sul,-27.908,-55.138
4306130,CRUZALTENSE,RS,Sul,-27.667,-52.652
4302006,BARROS CASSAL,RS,Sul,-29.095,-52.584
4305587,COLINAS,RS,Sul,-29.395,-51.856
4315958,ROLADOR,RS,Sul,-28.257,-54.819
4307450,ESPERANÇA DO SUL,RS,Sul,-27.36,-53.989
4309209,GRAVATAÍ,RS,Sul,-29.941,-50.987
4322509,VACARIA,RS,Sul,-28.508,-50.942
4309258,GUABIJU,RS,Sul,-28.542,-51.695
4312054,MARQUES DE SOUZA,RS,Sul,-29.331,-52.097
4310751,IVORÁ,RS,Sul,-29.523,-53.584
4322541,VALE REAL,RS,Sul,-29.392,-51.256
4321204,TAQUARA,RS,Sul,-29.651,-50.775
4322558,VANINI,RS,Sul,-28.476,-51.845
4322525,VALE VERDE,RS,Sul,-29.786,-52.186
4313805,PALMITINHO,RS,Sul,-27.36,-53.558
4303806,CAMPINAS DO SUL,RS,Sul,-27.717,-52.625
4323002,VIAMÃO,RS,Sul,-30.082,-51.019
4316428,SAGRADA FAMÍLIA,RS,Sul,-27.709,-53.135
4322533,VALE DO SOL,RS,Sul,-29.597,-52.684
4320800,SOLEDADE,RS,Sul,-28.831,-52.513
4317707,SANTO ANTÔNIO DAS MISSÕES,RS,Sul,-28.514,-55.225
4316436,SALDANHA MARINHO,RS,Sul,-28.394,-53.097
4318622,SÃO JOSÉ DOS AUSENTES,RS,Sul,-28.748,-50.068
4316402,ROSÁRIO DO SUL,RS,Sul,-30.252,-54.922
4317756,SANTO ANTÔNIO DO PLANALTO,RS,Sul,-28.403,-52.699
4308805,GENERAL CÂMARA,RS,Sul,-29.903,-51.761
4320859,TABAÍ,RS,Sul,-29.643,-51.682
4312500,MOSTARDAS,RS,Sul,-31.105,-50.917
4302501,BOSSOROCA,RS,Sul,-28.729,-54.904
4317301,SANTA VITÓRIA DO PALMAR,RS,Sul,-33.525,-53.372
4316006,ROLANTE,RS,Sul,-29.646,-50.582
4319109,SÃO MARTINHO,RS,Sul,-27.711,-53.97
4309704,HUMAITÁ,RS,Sul,-27.569,-53.969
4308409,FORMIGUEIRO,RS,Sul,-30.003,-53.496
4311205,JÚLIO DE CASTILHOS,RS,Sul,-29.23,-53.677
4301206,ARROIO DO TIGRE,RS,Sul,-29.335,-53.097
4311254,LAGOÃO,RS,Sul,-29.235,-52.8
4313003,NOVA BRÉSCIA,RS,Sul,-29.218,-52.032
4310801,IVOTI,RS,Sul,-29.599,-51.153
4320008,SAPUCAIA DO SUL,RS,Sul,-29.828,-51.145
4311239,LAGOA BONITA DO SUL,RS,Sul,-29.494,-53.017
4319125,SÃO MARTINHO DA SERRA,RS,Sul,-29.54,-53.859
4300802,ANTÔNIO PRADO,RS,Sul,-28.857,-51.288
4308458,FORTALEZA DOS VALOS,RS,Sul,-28.799,-53.225
4314308,PEJUÇARA,RS,Sul,-28.428,-53.658
4302584,BOZANO,RS,Sul,-28.366,-53.772
4305603,COLORADO,RS,Sul,-28.526,-52.993
4304309,CÂNDIDO GODÓI,RS,Sul,-27.951,-54.752
4313037,NOVA ESPERANÇA DO SUL,RS,Sul,-29.407,-54.829
4308433,FORQUETINHA,RS,Sul,-29.383,-52.098
4319158,SÃO MIGUEL DAS MISSÕES,RS,Sul,-28.556,-54.556
4309753,IBARAMA,RS,Sul,-29.42,-53.13
4313011,NOVA CANDELÁRIA,RS,Sul,-27.614,-54.107
4316907,SANTA MARIA,RS,Sul,-29.687,-53.815
4311270,LAGOA DOS TRÊS CANTOS,RS,Sul,-28.568,-52.862
4310850,JABOTICABA,RS,Sul,-27.635,-53.276
4300851,ARAMBARÉ,RS,Sul,-30.909,-51.505
4313086,NOVA PÁDUA,RS,Sul,-29.027,-51.31
4304358,CANDIOTA,RS,Sul,-31.552,-53.677
4321303,TAQUARI,RS,Sul,-29.794,-51.865
4303004,CACHOEIRA DO SUL,RS,Sul,-30.033,-52.893
4313060,NOVA HARTZ,RS,Sul,-29.581,-50.905
4307104,HERVAL,RS,Sul,-32.024,-53.394
4315602,RIO GRANDE,RS,Sul,-32.035,-52.107
4316956,SANTA MARIA DO HERVAL,RS,Sul,-29.49,-50.992
4310876,JACUIZINHO,RS,Sul,-29.04,-53.066
4322608,VENÂNCIO AIRES,RS,Sul,-29.614,-52.193
4300877,ARARICÁ,RS,Sul,-29.617,-50.929
4321329,TAQUARUÇU DO SUL,RS,Sul,-27.401,-53.47
4318705,SÃO LEOPOLDO,RS,Sul,-29.755,-51.15
4310009,IBIRUBÁ,RS,Sul,-28.63,-53.096
4316972,SANTA MARGARIDA DO SUL,RS,Sul,-30.339,-54.082
4313904,PANAMBI,RS,Sul,-28.283,-53.502
4303905,CAMPO BOM,RS,Sul,-29.675,-51.061
4321352,TAVARES,RS,Sul,-31.284,-51.088
4323101,VICENTE DUTRA,RS,Sul,-27.161,-53.402
4313953,PANTANO GRANDE,RS,Sul,-30.19,-52.373
4320909,TAPEJARA,RS,Sul,-28.065,-52.01
4317400,SANTIAGO,RS,Sul,-29.19,-54.867
4316105,RONDA ALTA,RS,Sul,-27.776,-52.806
4306700,DONA FRANCISCA,RS,Sul,-29.619,-53.362
4300059,ÁGUA SANTA,RS,Sul,-28.167,-52.031
4311304,LAGOA VERMELHA,RS,Sul,-28.209,-51.525
4301305,ARROIO GRANDE,RS,Sul,-32.233,-53.086
4300034,ACEGUÁ,RS,Sul,-31.866,-54.161
4312625,MULITERNO,RS,Sul,-28.325,-51.77
4306759,DOUTOR RICARDO,RS,Sul,-29.084,-51.997
4320503,SERTÃO,RS,Sul,-27.98,-52.259
4312609,MUÇUM,RS,Sul,-29.163,-51.871
4312617,MUITOS CAPÕES,RS,Sul,-28.313,-51.184
4302600,BRAGA,RS,Sul,-27.617,-53.74
4314407,PELOTAS,RS,Sul,-31.765,-52.337
4305702,CONDOR,RS,Sul,-28.207,-53.49
4306734,DOUTOR MAURÍCIO CARDOSO,RS,Sul,-27.51,-54.358
4304408,CANELA,RS,Sul,-29.356,-50.812
4319208,SÃO NICOLAU,RS,Sul,-28.183,-55.265
4309803,IBIAÇÁ,RS,Sul,-28.057,-51.86
4320578,SETE DE SETEMBRO,RS,Sul,-28.136,-54.464
4312674,NICOLAU VERGUEIRO,RS,Sul,-28.53,-52.468
4308508,FREDERICO WESTPHALEN,RS,Sul,-27.359,-53.396
4306767,ELDORADO DO SUL,RS,Sul,-30.085,-51.619
4312658,NÃO-ME-TOQUE,RS,Sul,-28.455,-52.818
4302659,BROCHIER,RS,Sul,-29.55,-51.594
4320552,SERTÃO SANTANA,RS,Sul,-30.456,-51.602
4313102,NOVA PALMA,RS,Sul,-29.471,-53.469
4314456,PINHAL,RS,Sul,-27.508,-53.208
4314423,PICADA CAFÉ,RS,Sul,-29.446,-51.137
4321808,TRÊS DE MAIO,RS,Sul,-27.78,-54.236
4321857,TRÊS PALMEIRAS,RS,Sul,-27.614,-52.844
4323606,VISTA ALEGRE DO PRATA,RS,Sul,-28.805,-51.795
4307203,ERVAL GRANDE,RS,Sul,-27.393,-52.574
4315701,RIO PARDO,RS,Sul,-29.988,-52.371
4304002,CAMPO NOVO,RS,Sul,-27.679,-53.805
4314498,PINHEIRINHO DO VALE,RS,Sul,-27.211,-53.608
4321832,TRÊS FORQUILHAS,RS,Sul,-29.538,-50.071
4314464,PINHAL DA SERRA,RS,Sul,-27.875,-51.167
4314472,PINHAL GRANDE,RS,Sul,-29.345,-53.321
4318804,SÃO LOURENÇO DO SUL,RS,Sul,-31.356,-51.971
4314050,PAROBÉ,RS,Sul,-29.624,-50.831
4310538,ITAARA,RS,Sul,-29.601,-53.773
4303103,CACHOEIRINHA,RS,Sul,-29.947,-51.102
4300505,ALPESTRE,RS,Sul,-27.25,-53.034
4310504,IRAÍ,RS,Sul,-27.195,-53.254
4305371,CHARRUA,RS,Sul,-27.949,-52.015
4314027,PARAÍSO DO SUL,RS,Sul,-29.672,-53.144
4314035,PARECI NOVO,RS,Sul,-29.637,-51.397
4309001,GIRUÁ,RS,Sul,-28.03,-54.352
4315750,RIOZINHO,RS,Sul,-29.639,-50.449
4305355,CHARQUEADAS,RS,Sul,-29.962,-51.629
4322301,TUPARENDI,RS,Sul,-27.76,-54.481
4310579,ITAPUCA,RS,Sul,-28.777,-52.169
4300570,ALTO FELIZ,RS,Sul,-29.392,-51.312
4314068,PASSA SETE,RS,Sul,-29.458,-52.96
4314076,PASSO DO SOBRADO,RS,Sul,-29.748,-52.275
4300554,ALTO ALEGRE,RS,Sul,-28.777,-52.989
4309050,GLORINHA,RS,Sul,-29.88,-50.773
4310553,ITACURUBI,RS,Sul,-28.791,-55.245
4318408,SÃO JERÔNIMO,RS,Sul,-29.972,-51.725
4322343,UBIRETAMA,RS,Sul,-28.04,-54.686
4321006,TAPERA,RS,Sul,-28.628,-52.861
4301800,BARRACÃO,RS,Sul,-27.674,-51.459
4311809,MARAU,RS,Sul,-28.45,-52.199
4322350,UNIÃO DA SERRA,RS,Sul,-28.783,-52.024
4322327,TURUÇU,RS,Sul,-31.417,-52.171
4319737,SÃO VALÉRIO DO SUL,RS,Sul,-27.791,-53.937
4301859,BARRA DO GUARITA,RS,Sul,-27.193,-53.711
4303608,CAMBARÁ DO SUL,RS,Sul,-29.047,-50.147
4313607,PAIM FILHO,RS,Sul,-27.707,-51.763
4318440,SÃO JORGE,RS,Sul,-28.498,-51.706
4320602,SEVERIANO DE ALMEIDA,RS,Sul,-27.436,-52.122
4317509,SANTO ÂNGELO,RS,Sul,-28.3,-54.267
4319711,SÃO VALENTIM DO SUL,RS,Sul,-29.045,-51.768
4315354,QUINZE DE NOVEMBRO,RS,Sul,-28.747,-53.101
4318457,SÃO JOSÉ DAS MISSÕES,RS,Sul,-27.779,-53.123
4306809,ENCANTADO,RS,Sul,-29.235,-51.87
4304903,CASCA,RS,Sul,-28.561,-51.981
4314902,PORTO ALEGRE,RS,Sul,-30.032,-51.206
4318424,SÃO JOÃO DA URTIGA,RS,Sul,-27.82,-51.826
4309902,IBIRAIARAS,RS,Sul,-28.374,-51.638
4318432,SÃO JOÃO DO POLÊSINE,RS,Sul,-29.619,-53.444
4319752,SÃO VENDELINO,RS,Sul,-29.373,-51.367
4322376,UNISTALDA,RS,Sul,-29.04,-55.152
4318481,SÃO JOSÉ DO HORTÊNCIO,RS,Sul,-29.528,-51.245
4318499,SÃO JOSÉ DO INHACORÁ,RS,Sul,-27.725,-54.127
4301875,BARRA DO QUARAÍ,RS,Sul,-30.203,-57.55
4320651,SILVEIRA MARTINS,RS,Sul,-29.647,-53.591
4318465,SÃO JOSÉ DO HERVAL,RS,Sul,-29.052,-52.295
4303673,CAMPESTRE DA SERRA,RS,Sul,-28.793,-51.094
4304952,CASEIROS,RS,Sul,-28.258,-51.686
4321907,TRÊS PASSOS,RS,Sul,-27.456,-53.93
4313656,PALMARES DO SUL,RS,Sul,-30.253,-50.51
4302303,BOM JESUS,RS,Sul,-28.67,-50.429
4306429,DOIS IRMÃOS DAS MISSÕES,RS,Sul,-27.662,-53.53
4312302,MIRAGUAÍ,RS,Sul,-27.497,-53.689
4317103,SANT'ANA DO LIVRAMENTO,RS,Sul,-30.877,-55.539
4306403,DOIS IRMÃOS,RS,Sul,-29.584,-51.09
4320677,SINIMBU,RS,Sul,-29.536,-52.53
4309506,GUARANI DAS MISSÕES,RS,Sul,-28.149,-54.563
4308201,FLORES DA CUNHA,RS,Sul,-29.026,-51.188
4301008,ARROIO DO MEIO,RS,Sul,-29.401,-51.956
4311007,JAGUARÃO,RS,Sul,-32.56,-53.377
4302352,BOM PRINCÍPIO,RS,Sul,-29.486,-51.355
4312351,MONTAURI,RS,Sul,-28.646,-52.077
4301057,ARROIO DO SAL,RS,Sul,-29.544,-49.889
4308250,FLORIANO PEIXOTO,RS,Sul,-27.861,-52.084
4306452,DOIS LAJEADOS,RS,Sul,-28.983,-51.84
4300604,ALVORADA,RS,Sul,-29.991,-51.081
4310603,ITAQUI,RS,Sul,-29.131,-56.551
4321956,TRINDADE DO SUL,RS,Sul,-27.524,-52.896
4323705,VISTA GAÚCHA,RS,Sul,-27.29,-53.697
4312385,MONTE BELO DO SUL,RS,Sul,-29.161,-51.633
4305405,CHIAPETTA,RS,Sul,-27.923,-53.942
4314134,PAULO BENTO,RS,Sul,-27.705,-52.417
4309571,HERVEIRAS,RS,Sul,-29.455,-52.655
4304101,CAMPOS BORGES,RS,Sul,-28.887,-53.001
4314100,PASSO FUNDO,RS,Sul,-28.258,-52.409
4305454,CIDREIRA,RS,Sul,-30.16,-50.234
4323754,VITÓRIA DAS MISSÕES,RS,Sul,-28.352,-54.504
4302378,BOM PROGRESSO,RS,Sul,-27.54,-53.872
4309555,HARMONIA,RS,Sul,-29.546,-51.419
4312377,MONTE ALEGRE DOS CAMPOS,RS,Sul,-28.68,-50.783
4300646,AMETISTA DO SUL,RS,Sul,-27.361,-53.183
4316709,SANTA BÁRBARA DO SUL,RS,Sul,-28.365,-53.251
4305439,CHUÍ,RS,Sul,-33.687,-53.459
4301073,ARROIO DO PADRE,RS,Sul,-31.439,-52.425
4314175,PEDRAS ALTAS,RS,Sul,-31.736,-53.581
4305447,CHUVISCA,RS,Sul,-30.75,-51.974
4310652,ITATI,RS,Sul,-29.497,-50.102
4300638,AMARAL FERRADOR,RS,Sul,-30.876,-52.251
4314159,PAVERAMA,RS,Sul,-29.549,-51.734
4321105,TAPES,RS,Sul,-30.668,-51.399
4301909,BARRA DO RIBEIRO,RS,Sul,-30.294,-51.301
4311908,MARCELINO RAMOS,RS,Sul,-27.468,-51.91
4323770,WESTFALIA,RS,Sul,-29.426,-51.764
4315404,REDENTORA,RS,Sul,-27.664,-53.641
4316758,SANTA CLARA DO SUL,RS,Sul,-29.475,-52.084
4300661,ANDRÉ DA ROCHA,RS,Sul,-28.628,-51.58
4322400,URUGUAIANA,RS,Sul,-29.761,-57.085
4315453,RELVADO,RS,Sul,-29.116,-52.078
4316733,SANTA CECÍLIA DO SUL,RS,Sul,-28.161,-51.928
4319802,SÃO VICENTE DO SUL,RS,Sul,-29.688,-54.683
4301925,BARRA DO RIO AZUL,RS,Sul,-27.407,-52.408
4318507,SÃO JOSÉ DO NORTE,RS,Sul,-32.015,-52.033
4311981,MARIANA PIMENTEL,RS,Sul,-30.353,-51.58
4301958,BARRA FUNDA,RS,Sul,-27.921,-53.039
4303707,CAMPINA DAS MISSÕES,RS,Sul,-27.989,-54.842
4313706,PALMEIRA DAS MISSÕES,RS,Sul,-27.901,-53.313
4307807,ESTRELA,RS,Sul,-29.5,-51.95
4317202,SANTA ROSA,RS,Sul,-27.87,-54.48
4306502,DOM FELICIANO,RS,Sul,-30.7,-52.103
4307831,EUGÊNIO DE CASTRO,RS,Sul,-28.532,-54.151
4301107,ARROIO DOS RATOS,RS,Sul,-30.087,-51.727
4311106,JAGUARI,RS,Sul,-29.494,-54.703
4320321,SENADOR SALGADO FILHO,RS,Sul,-28.025,-54.551
4312427,MORMAÇO,RS,Sul,-28.697,-52.7
4307815,ESTRELA VELHA,RS,Sul,-29.171,-53.164
4320305,SELBACH,RS,Sul,-28.629,-52.95
4306551,DOM PEDRO DE ALCÂNTARA,RS,Sul,-29.364,-49.853
4302402,BOM RETIRO DO SUL,RS,Sul,-29.607,-51.946
4312401,MONTENEGRO,RS,Sul,-29.682,-51.468
4311130,JARI,RS,Sul,-29.292,-54.224
4305504,CIRÍACO,RS,Sul,-28.342,-51.874
4314209,PEDRO OSÓRIO,RS,Sul,-31.864,-52.818
4304200,CANDELÁRIA,RS,Sul,-29.668,-52.789
4317251,SANTA TEREZA,RS,Sul,-29.166,-51.735
4319000,SÃO MARCOS,RS,Sul,-28.968,-51.07
4322905,VIADUTOS,RS,Sul,-27.572,-52.021
4309605,HORIZONTINA,RS,Sul,-27.628,-54.305
4308300,FONTOURA XAVIER,RS,Sul,-28.982,-52.344
4309654,HULHA NEGRA,RS,Sul,-31.407,-53.867
4311122,JAQUIRANA,RS,Sul,-28.881,-50.364
4312476,MORRO REUTER,RS,Sul,-29.538,-51.081
4307864,FAGUNDES VARELA,RS,Sul,-28.879,-51.701
4312443,MORRINHOS DO SUL,RS,Sul,-29.358,-49.933
4321626,TRAVESSEIRO,RS,Sul,-29.298,-52.053
4320354,SENTINELA DO SUL,RS,Sul,-30.611,-51.586
4302451,BOQUEIRÃO DO LEÃO,RS,Sul,-29.305,-52.428
4312450,MORRO REDONDO,RS,Sul,-31.589,-52.626
4311155,JÓIA,RS,Sul,-28.643,-54.114
4321600,TRAMANDAÍ,RS,Sul,-29.984,-50.132
4323408,VILA MARIA,RS,Sul,-28.536,-52.149
4321667,TRÊS CACHOEIRAS,RS,Sul,-29.449,-49.928
4307005,ERECHIM,RS,Sul,-27.636,-52.27
4305108,CAXIAS DO SUL,RS,Sul,-29.163,-51.179
4315503,RESTINGA SECA,RS,Sul,-29.819,-53.381
4321634,TRÊS ARROIOS,RS,Sul,-27.5,-52.145
4316808,SANTA CRUZ DO SUL,RS,Sul,-29.722,-52.434
4305132,CERRO BRANCO,RS,Sul,-29.657,-52.941
4319901,SAPIRANGA,RS,Sul,-29.635,-51.006
4318606,SÃO JOSÉ DO OURO,RS,Sul,-27.771,-51.597
4302055,BENJAMIN CONSTANT DO SUL,RS,Sul,-27.509,-52.599
4305116,CENTENÁRIO,RS,Sul,-27.762,-51.998
4318614,SÃO JOSÉ DO SUL,RS,Sul,-29.545,-51.482
4310330,IMBÉ,RS,Sul,-29.975,-50.128
4305124,CERRITO,RS,Sul,-31.842,-52.8
4310306,ILÓPOLIS,RS,Sul,-28.928,-52.126
4300307,ALECRIM,RS,Sul,-27.658,-54.765
4305173,CERRO GRANDE DO SUL,RS,Sul,-30.59,-51.742
4323457,VILA NOVA DO SUL,RS,Sul,-30.346,-53.876
4307054,ERNESTINA,RS,Sul,-28.498,-52.584
4322103,TUCUNDUVA,RS,Sul,-27.657,-54.444
4310363,IMIGRANTE,RS,Sul,-29.351,-51.775
4305157,CERRO GRANDE,RS,Sul,-27.611,-53.167
4315552,RIO DOS ÍNDIOS,RS,Sul,-27.297,-52.842
4312906,NOVA BASSANO,RS,Sul,-28.729,-51.707
4302907,CACEQUI,RS,Sul,-29.888,-54.822
4315131,POUSO NOVO,RS,Sul,-29.174,-52.214
4319505,SÃO SEBASTIÃO DO CAÍ,RS,Sul,-29.588,-51.375
4311627,LINDOLFO COLLOR,RS,Sul,-29.586,-51.214
4315149,PRESIDENTE LUCENA,RS,Sul,-29.517,-51.18
4318200,SÃO FRANCISCO DE PAULA,RS,Sul,-29.44,-50.583
4322152,TUNAS,RS,Sul,-29.104,-52.954
4311601,LIBERATO SALZANO,RS,Sul,-27.601,-53.075
4312955,NOVA BOA VISTA,RS,Sul,-27.993,-52.978
4316477,SALVADOR DAS MISSÕES,RS,Sul,-28.123,-54.837
4301602,BAGÉ,RS,Sul,-31.33,-54.1
4315172,PROTÁSIO ALVES,RS,Sul,-28.757,-51.476
4313409,NOVO HAMBURGO,RS,Sul,-29.688,-51.133
4320404,SERAFINA CORRÊA,RS,Sul,-28.713,-51.935
4316451,SALTO DO JACUÍ,RS,Sul,-29.095,-53.213
4301651,BARÃO,RS,Sul,-29.372,-51.495
4303400,CAIÇARA,RS,Sul,-27.279,-53.426
4322186,TUPANCI DO SUL,RS,Sul,-27.924,-51.538
4315156,PROGRESSO,RS,Sul,-29.244,-52.32
4301636,BALNEÁRIO PINHAL,RS,Sul,-30.242,-50.234
4307906,FARROUPILHA,RS,Sul,-29.223,-51.342
4308854,GENTIL,RS,Sul,-28.432,-52.034
4314704,PLANALTO,RS,Sul,-27.33,-53.057
4311643,LINHA NOVA,RS,Sul,-29.468,-51.2
4304705,CARAZINHO,RS,Sul,-28.296,-52.793
4306601,DOM PEDRITO,RS,Sul,-30.976,-54.669
4313441,NOVO TIRADENTES,RS,Sul,-27.565,-53.184
4304713,CARAÁ,RS,Sul,-29.787,-50.432
4314779,PONTÃO,RS,Sul,-28.058,-52.679
4320453,SÉRIO,RS,Sul,-29.39,-52.269
4313425,NOVO MACHADO,RS,Sul,-27.576,-54.504
4321709,TRÊS COROAS,RS,Sul,-29.514,-50.774
4314753,POÇO DAS ANTAS,RS,Sul,-29.448,-51.672
4312104,MATA,RS,Sul,-29.565,-54.464
4302105,BENTO GONÇALVES,RS,Sul,-29.166,-51.517
4313466,NOVO XINGU,RS,Sul,-27.749,-53.064
4307500,ESPUMOSO,RS,Sul,-28.729,-52.846
4314787,PONTE PRETA,RS,Sul,-27.659,-52.485
4317806,SANTO AUGUSTO,RS,Sul,-27.853,-53.778
4306205,CRUZEIRO DO SUL,RS,Sul,-29.515,-51.993
4307559,ESTAÇÃO,RS,Sul,-27.913,-52.264
4309308,GUAÍBA,RS,Sul,-30.109,-51.323
4308003,FAXINAL DO SOTURNO,RS,Sul,-29.579,-53.448
4313490,NOVO BARREIRO,RS,Sul,-27.908,-53.11
4312153,MATO LEITÃO,RS,Sul,-29.529,-52.128
4302154,BOA VISTA DAS MISSÕES,RS,Sul,-27.667,-53.31
4308052,FAXINALZINHO,RS,Sul,-27.424,-52.679
4312138,MATO CASTELHANO,RS,Sul,-28.28,-52.193
4310405,INDEPENDÊNCIA,RS,Sul,-27.835,-54.189
4323507,VISTA ALEGRE,RS,Sul,-27.369,-53.492
4300406,ALEGRETE,RS,Sul,-29.79,-55.795
4310413,INHACORÁ,RS,Sul,-27.875,-54.015
4305207,CERRO LARGO,RS,Sul,-28.146,-54.743
4312179,MATO QUEIMADO,RS,Sul,-28.252,-54.616
4316501,SALVADOR DO SUL,RS,Sul,-29.439,-51.508
4300455,ALEGRIA,RS,Sul,-27.834,-54.056
4308078,FAZENDA VILANOVA,RS,Sul,-29.588,-51.822
4310439,IPÊ,RS,Sul,-28.817,-51.286
4311700,MACHADINHO,RS,Sul,-27.567,-51.667
4301701,BARÃO DE COTEGIPE,RS,Sul,-27.621,-52.38
4315206,PUTINGA,RS,Sul,-29.005,-52.157
4305801,CONSTANTINA,RS,Sul,-27.732,-52.994
4322202,TUPANCIRETÃ,RS,Sul,-29.086,-53.844
4311734,MAMPITUBA,RS,Sul,-29.214,-49.931
4310462,IPIRANGA DO SUL,RS,Sul,-27.94,-52.427
4305850,COQUEIROS DO SUL,RS,Sul,-28.119,-52.784
4314803,PORTÃO,RS,Sul,-29.701,-51.243
4300471,ALMIRANTE TAMANDARÉ DO SUL,RS,Sul,-28.115,-52.914
4304804,CARLOS BARBOSA,RS,Sul,-29.297,-51.503
4311718,MAÇAMBARÁ,RS,Sul,-29.145,-56.067
4305835,COQUEIRO BAIXO,RS,Sul,-29.18,-52.094
4319604,SÃO SEPÉ,RS,Sul,-30.164,-53.56
4318309,SÃO GABRIEL,RS,Sul,-30.334,-54.322
4308904,GETÚLIO VARGAS,RS,Sul,-27.891,-52.229
4311775,MAQUINÉ,RS,Sul,-29.68,-50.208
4322251,TUPANDI,RS,Sul,-29.477,-51.417
4311759,MANOEL VIANA,RS,Sul,-29.586,-55.484
4313508,OSÓRIO,RS,Sul,-29.888,-50.267
4305871,CORONEL BARROS,RS,Sul,-28.392,-54.069
4303509,CAMAQUÃ,RS,Sul,-30.849,-51.804
4301750,BARÃO DO TRIUNFO,RS,Sul,-30.389,-51.738
4304853,CARLOS GOMES,RS,Sul,-27.717,-51.912
4303558,CAMARGO,RS,Sul,-28.588,-52.2
4307609,ESTÂNCIA VELHA,RS,Sul,-29.654,-51.184
4317004,SANTANA DA BOA VISTA,RS,Sul,-30.87,-53.11
4306304,DAVID CANABARRO,RS,Sul,-28.385,-51.848
4311791,MARATÁ,RS,Sul,-29.546,-51.557
4320107,SARANDI,RS,Sul,-27.942,-52.923
4302220,BOA VISTA DO CADEADO,RS,Sul,-28.579,-53.811
4306353,DEZESSEIS DE NOVEMBRO,RS,Sul,-28.219,-55.062
4310900,JACUTINGA,RS,Sul,-27.729,-52.537
4302238,BOA VISTA DO INCRA,RS,Sul,-28.819,-53.391
4306320,DERRUBADAS,RS,Sul,-27.264,-53.864
4312203,MAXIMILIANO DE ALMEIDA,RS,Sul,-27.633,-51.802
4300901,ARATIBA,RS,Sul,-27.398,-52.297
4302204,BOA VISTA DO BURICÁ,RS,Sul,-27.669,-54.108
4305306,CHAPADA,RS,Sul,-28.056,-53.066
4314001,PARAÍ,RS,Sul,-28.596,-51.79
4322707,VERA CRUZ,RS,Sul,-29.718,-52.515
4317905,SANTO CRISTO,RS,Sul,-27.826,-54.662
4309407,GUAPORÉ,RS,Sul,-28.84,-51.889
4308102,FELIZ,RS,Sul,-29.453,-51.303
4317954,SANTO EXPEDITO DO SUL,RS,Sul,-27.907,-51.643
4306379,DILERMANDO DE AGUIAR,RS,Sul,-29.705,-54.212
4312252,MINAS DO LEÃO,RS,Sul,-30.135,-52.042
4302253,BOA VISTA DO SUL,RS,Sul,-29.354,-51.669
4321402,TENENTE PORTELA,RS,Sul,-27.371,-53.758
4321451,TEUTÔNIA,RS,Sul,-29.448,-51.804
4323200,VICTOR GRAEFF,RS,Sul,-28.563,-52.749
4321469,TIO HUGO,RS,Sul,-28.571,-52.596
4315305,QUARAÍ,RS,Sul,-30.384,-56.448
4321436,TERRA DE AREIA,RS,Sul,-29.578,-50.064
4305900,CORONEL BICACO,RS,Sul,-27.72,-53.702
4316600,SANANDUVA,RS,Sul,-27.947,-51.808
4321493,TOROPI,RS,Sul,-29.478,-54.224
4305934,CORONEL PILAR,RS,Sul,-29.27,-51.685
4319703,SÃO VALENTIM,RS,Sul,-27.558,-52.524
4321477,TIRADENTES DO SUL,RS,Sul,-27.402,-54.081
4315313,QUATRO IRMÃOS,RS,Sul,-27.826,-52.442
4310108,IGREJINHA,RS,Sul,-29.569,-50.792
4315321,QUEVEDOS,RS,Sul,-29.35,-54.079
4300109,AGUDO,RS,Sul,-29.645,-53.252
4305975,COXILHA,RS,Sul,-28.128,-52.302
4312708,NONOAI,RS,Sul,-27.369,-52.776
4305959,COTIPORÃ,RS,Sul,-28.989,-51.697
4302709,BUTIÁ,RS,Sul,-30.118,-51.96
5005806,NIOAQUE,MS,Centro-Oeste,-21.142,-55.83
5003207,CORUMBÁ,MS,Centro-Oeste,-19.008,-57.651
5006903,PORTO MURTINHO,MS,Centro-Oeste,-21.698,-57.884
5003256,COSTA RICA,MS,Centro-Oeste,-18.543,-53.129
5001508,BANDEIRANTES,MS,Centro-Oeste,-19.927,-54.358
5005004,JARDIM,MS,Centro-Oeste,-21.48,-56.149
5007406,RIO VERDE DE MATO GROSSO,MS,Centro-Oeste,-18.925,-54.843
5000203,ÁGUA CLARA,MS,Centro-Oeste,-20.445,-52.879
5002803,CARACOL,MS,Centro-Oeste,-22.011,-57.028
5001102,AQUIDAUANA,MS,Centro-Oeste,-20.467,-55.787
5000708,ANASTÁCIO,MS,Centro-Oeste,-20.482,-55.81
5003751,ELDORADO,MS,Centro-Oeste,-23.787,-54.284
5006606,PONTA PORÃ,MS,Centro-Oeste,-22.53,-55.72
5007935,SONORA,MS,Centro-Oeste,-17.57,-54.755
5007901,SIDROLÂNDIA,MS,Centro-Oeste,-20.93,-54.969
5007976,TAQUARUSSU,MS,Centro-Oeste,-22.49,-53.352
5007950,TACURU,MS,Centro-Oeste,-23.636,-55.014
5008404,VICENTINA,MS,Centro-Oeste,-22.41,-54.441
5003801,FÁTIMA DO SUL,MS,Centro-Oeste,-22.379,-54.513
5007109,RIBAS DO RIO PARDO,MS,Centro-Oeste,-20.445,-53.759
5001243,ARAL MOREIRA,MS,Centro-Oeste,-22.939,-55.633
5004304,IGUATEMI,MS,Centro-Oeste,-23.674,-54.564
5005608,MIRANDA,MS,Centro-Oeste,-20.235,-56.375
5000807,ANAURILÂNDIA,MS,Centro-Oeste,-22.185,-52.719
5000856,ANGÉLICA,MS,Centro-Oeste,-22.153,-53.771
5005681,MUNDO NOVO,MS,Centro-Oeste,-23.936,-54.281
5007208,RIO BRILHANTE,MS,Centro-Oeste,-21.803,-54.543
5002605,CAMAPUÃ,MS,Centro-Oeste,-19.535,-54.043
5003900,FIGUEIRÃO,MS,Centro-Oeste,-18.678,-53.638
5002209,BONITO,MS,Centro-Oeste,-21.126,-56.484
5003504,DOURADINA,MS,Centro-Oeste,-22.041,-54.616
5004007,GLÓRIA DE DOURADOS,MS,Centro-Oeste,-22.414,-54.233
5006408,PEDRO GOMES,MS,Centro-Oeste,-18.1,-54.551
5007703,SETE QUEDAS,MS,Centro-Oeste,-23.971,-55.04
5004908,JARAGUARI,MS,Centro-Oeste,-20.139,-54.4
5001003,APARECIDA DO TABOADO,MS,Centro-Oeste,-20.087,-51.096
5002308,BRASILÂNDIA,MS,Centro-Oeste,-21.254,-52.036
5004106,GUIA LOPES DA LAGUNA,MS,Centro-Oeste,-21.458,-56.112
5001904,BATAGUASSU,MS,Centro-Oeste,-21.716,-52.422
5005400,MARACAJU,MS,Centro-Oeste,-21.61,-55.168
5007802,SELVÍRIA,MS,Centro-Oeste,-20.364,-51.419
5000609,AMAMBAI,MS,Centro-Oeste,-23.106,-55.225
5000252,ALCINÓPOLIS,MS,Centro-Oeste,-18.326,-53.704
5008305,TRÊS LAGOAS,MS,Centro-Oeste,-20.785,-51.701
5002407,CAARAPÓ,MS,Centro-Oeste,-22.637,-54.821
5004601,ITAQUIRAÍ,MS,Centro-Oeste,-23.478,-54.187
5003702,DOURADOS,MS,Centro-Oeste,-22.223,-54.812
5002001,BATAYPORÃ,MS,Centro-Oeste,-22.294,-53.27
5003306,COXIM,MS,Centro-Oeste,-18.501,-54.751
5005103,JATEÍ,MS,Centro-Oeste,-22.481,-54.308
5005152,JUTI,MS,Centro-Oeste,-22.86,-54.606
5006200,NOVA ANDRADINA,MS,Centro-Oeste,-22.238,-53.344
5007505,ROCHEDO,MS,Centro-Oeste,-19.956,-54.885
5002902,CASSILÂNDIA,MS,Centro-Oeste,-19.118,-51.731
5002951,CHAPADÃO DO SUL,MS,Centro-Oeste,-18.788,-52.626
5006275,PARAÍSO DAS ÁGUAS,MS,Centro-Oeste,-19.022,-53.012
5004700,IVINHEMA,MS,Centro-Oeste,-22.305,-53.818
5007554,SANTA RITA DO PARDO,MS,Centro-Oeste,-21.302,-52.833
5006259,NOVO HORIZONTE DO SUL,MS,Centro-Oeste,-22.669,-53.86
5008008,TERENOS,MS,Centro-Oeste,-20.438,-54.865
5002100,BELA VISTA,MS,Centro-Oeste,-22.107,-56.526
5003454,DEODÁPOLIS,MS,Centro-Oeste,-22.276,-54.168
5002159,BODOQUENA,MS,Centro-Oeste,-20.537,-56.713
5003488,DOIS IRMÃOS DO BURITI,MS,Centro-Oeste,-20.685,-55.291
5005202,LADÁRIO,MS,Centro-Oeste,-19.009,-57.597
5005251,LAGUNA CARAPÃ,MS,Centro-Oeste,-22.545,-55.15
5006309,PARANAÍBA,MS,Centro-Oeste,-19.675,-51.191
5006358,PARANHOS,MS,Centro-Oeste,-23.891,-55.429
5007695,SÃO GABRIEL DO OESTE,MS,Centro-Oeste,-19.389,-54.551
5004809,JAPORÃ,MS,Centro-Oeste,-23.89,-54.406
5005707,NAVIRAÍ,MS,Centro-Oeste,-23.062,-54.2
5000906,ANTÔNIO JOÃO,MS,Centro-Oeste,-22.193,-55.952
5004403,INOCÊNCIA,MS,Centro-Oeste,-19.728,-51.928
5003108,CORGUINHO,MS,Centro-Oeste,-19.824,-54.828
5003157,CORONEL SAPUCAIA,MS,Centro-Oeste,-23.272,-55.528
5006002,NOVA ALVORADA DO SUL,MS,Centro-Oeste,-21.466,-54.383
5007307,RIO NEGRO,MS,Centro-Oeste,-19.447,-54.986
5002704,CAMPO GRANDE,MS,Centro-Oeste,-20.449,-54.63
5004502,ITAPORÃ,MS,Centro-Oeste,-22.08,-54.793
5106281,NOVO SÃO JOAQUIM,MT,Centro-Oeste,-14.905,-53.019
5106299,PARANAÍTA,MT,Centro-Oeste,-9.658,-56.479
5104526,IPIRANGA DO NORTE,MT,Centro-Oeste,-12.241,-56.153
5103254,COLNIZA,MT,Centro-Oeste,-9.461,-59.225
5104500,INDIAVAÍ,MT,Centro-Oeste,-15.492,-58.58
5107602,RONDONÓPOLIS,MT,Centro-Oeste,-16.467,-54.637
5108907,NOVA MARINGÁ,MT,Centro-Oeste,-13.014,-57.091
5104542,ITANHANGÁ,MT,Centro-Oeste,-12.226,-56.646
5104559,ITAÚBA,MT,Centro-Oeste,-11.061,-55.277
5108956,NOVA MONTE VERDE,MT,Centro-Oeste,-10.0,-57.526
5106307,PARANATINGA,MT,Centro-Oeste,-14.427,-54.052
5106315,NOVO SANTO ANTÔNIO,MT,Centro-Oeste,-12.287,-50.969
5103700,FELIZ NATAL,MT,Centro-Oeste,-12.385,-54.923
5105002,JAURU,MT,Centro-Oeste,-15.334,-58.872
5108105,TESOURO,MT,Centro-Oeste,-16.081,-53.559
5106372,PEDRA PRETA,MT,Centro-Oeste,-16.625,-54.472
5107297,SÃO JOSÉ DO POVO,MT,Centro-Oeste,-16.455,-54.249
5106828,PORTO ESPERIDIÃO,MT,Centro-Oeste,-15.857,-58.462
5106802,PORTO DOS GAÚCHOS,MT,Centro-Oeste,-11.533,-57.413
5105507,VILA BELA DA SANTÍSSIMA TRINDADE,MT,Centro-Oeste,-15.007,-59.95
5106851,PORTO ESTRELA,MT,Centro-Oeste,-15.323,-57.22
5104203,GUIRATINGA,MT,Centro-Oeste,-16.346,-53.758
5108600,VILA RICA,MT,Centro-Oeste,-10.014,-51.119
5103809,FIGUEIRÓPOLIS D'OESTE,MT,Centro-Oeste,-15.444,-58.739
5105580,MARCELÂNDIA,MT,Centro-Oeste,-11.046,-54.438
5102504,CÁCERES,MT,Centro-Oeste,-16.076,-57.682
5107305,SÃO JOSÉ DO RIO CLARO,MT,Centro-Oeste,-13.44,-56.722
5107354,SÃO JOSÉ DO XINGU,MT,Centro-Oeste,-10.798,-52.749
5103858,GAÚCHA DO NORTE,MT,Centro-Oeste,-13.244,-53.081
5106000,NORTELÂNDIA,MT,Centro-Oeste,-14.454,-56.794
5101209,ARAGUAINHA,MT,Centro-Oeste,-16.857,-53.032
5101258,ARAPUTANGA,MT,Centro-Oeste,-15.464,-58.343
5103007,CHAPADA DOS GUIMARÃES,MT,Centro-Oeste,-15.464,-55.75
5105622,MIRASSOL D'OESTE,MT,Centro-Oeste,-15.676,-58.095
5103056,CLÁUDIA,MT,Centro-Oeste,-11.508,-54.883
5100805,APIACÁS,MT,Centro-Oeste,-9.54,-57.459
5105606,MATUPÁ,MT,Centro-Oeste,-10.182,-54.947
5107404,SÃO PEDRO DA CIPA,MT,Centro-Oeste,-16.011,-54.918
5103908,GENERAL CARNEIRO,MT,Centro-Oeste,-15.709,-52.757
5106109,NOSSA SENHORA DO LIVRAMENTO,MT,Centro-Oeste,-15.772,-56.343
5103502,DIAMANTINO,MT,Centro-Oeste,-14.404,-56.437
5106158,NOVA BANDEIRANTES,MT,Centro-Oeste,-9.85,-57.814
5106190,NOVA SANTA HELENA,MT,Centro-Oeste,-10.865,-55.187
5106182,NOVA LACERDA,MT,Centro-Oeste,-14.473,-59.6
5107065,QUERÊNCIA,MT,Centro-Oeste,-12.609,-52.182
5104807,JACIARA,MT,Centro-Oeste,-15.955,-54.973
5106174,NOVA NAZARÉ,MT,Centro-Oeste,-13.949,-51.8
5107925,SORRISO,MT,Centro-Oeste,-12.543,-55.721
5107909,SINOP,MT,Centro-Oeste,-11.86,-55.509
5107958,TANGARÁ DA SERRA,MT,Centro-Oeste,-14.623,-57.493
5107941,TABAPORÃ,MT,Centro-Oeste,-11.301,-56.831
5105309,LUCIARA,MT,Centro-Oeste,-11.222,-50.668
5108402,VÁRZEA GRANDE,MT,Centro-Oeste,-15.646,-56.132
5101803,BARRA DO GARÇAS,MT,Centro-Oeste,-15.88,-52.264
5101852,BOM JESUS DO ARAGUAIA,MT,Centro-Oeste,-12.171,-51.503
5100508,ALTO PARAGUAI,MT,Centro-Oeste,-14.514,-56.478
5103601,DOM AQUINO,MT,Centro-Oeste,-15.81,-54.922
5106653,PONTAL DO ARAGUAIA,MT,Centro-Oeste,-15.927,-52.327
5107107,SÃO JOSÉ DOS QUATRO MARCOS,MT,Centro-Oeste,-15.628,-58.177
5101837,BOA ESPERANÇA DO NORTE,MT,Centro-Oeste,-13.507,-55.149
5107156,RESERVA DO CABAÇAL,MT,Centro-Oeste,-15.074,-58.459
5107198,RIBEIRÃOZINHO,MT,Centro-Oeste,-16.486,-52.692
5107180,RIBEIRÃO CASCALHEIRA,MT,Centro-Oeste,-12.937,-51.824
5104906,JANGADA,MT,Centro-Oeste,-15.235,-56.492
5101001,ARAGUAIANA,MT,Centro-Oeste,-15.729,-51.834
5104104,GUARANTÃ DO NORTE,MT,Centro-Oeste,-9.962,-54.912
5106703,PONTE BRANCA,MT,Centro-Oeste,-16.758,-52.837
5101902,BRASNORTE,MT,Centro-Oeste,-12.147,-57.983
5100607,ALTO TAQUARI,MT,Centro-Oeste,-17.824,-53.279
5106752,PONTES E LACERDA,MT,Centro-Oeste,-15.222,-59.343
5107206,RIO BRANCO,MT,Centro-Oeste,-15.248,-58.126
5108501,VERA,MT,Centro-Oeste,-12.302,-55.304
5107248,SANTA CARMEM,MT,Centro-Oeste,-11.912,-55.226
5106778,PORTO ALEGRE DO NORTE,MT,Centro-Oeste,-10.876,-51.636
5102850,CASTANHEIRA,MT,Centro-Oeste,-11.125,-58.608
5100201,ÁGUA BOA,MT,Centro-Oeste,-14.051,-52.16
5107263,SANTO AFONSO,MT,Centro-Oeste,-14.495,-57.009
5100250,ALTA FLORESTA,MT,Centro-Oeste,-9.867,-56.087
5103304,COMODORO,MT,Centro-Oeste,-13.661,-59.785
5103353,CONFRESA,MT,Centro-Oeste,-10.644,-51.57
5105903,NOBRES,MT,Centro-Oeste,-14.719,-56.328
5103361,CONQUISTA D'OESTE,MT,Centro-Oeste,-14.538,-59.544
5104609,ITIQUIRA,MT,Centro-Oeste,-17.215,-54.142
5103379,COTRIGUAÇU,MT,Centro-Oeste,-9.857,-58.419
5107701,ROSÁRIO OESTE,MT,Centro-Oeste,-14.826,-56.424
5107750,SALTO DO CÉU,MT,Centro-Oeste,-15.13,-58.132
5107768,SANTA RITA DO TRIVELATO,MT,Centro-Oeste,-13.815,-55.271
5107743,SANTA CRUZ DO XINGU,MT,Centro-Oeste,-10.153,-52.395
5107792,SANTO ANTÔNIO DO LESTE,MT,Centro-Oeste,-14.805,-53.608
5105101,JUARA,MT,Centro-Oeste,-11.264,-57.524
5107776,SANTA TEREZINHA,MT,Centro-Oeste,-10.47,-50.514
5106422,PEIXOTO DE AZEVEDO,MT,Centro-Oeste,-10.226,-54.979
5108204,TORIXORÉU,MT,Centro-Oeste,-16.201,-52.557
5101605,BARÃO DE MELGAÇO,MT,Centro-Oeste,-16.207,-55.962
5100300,ALTO ARAGUAIA,MT,Centro-Oeste,-17.315,-53.218
5105176,JURUENA,MT,Centro-Oeste,-10.318,-58.359
5103403,CUIABÁ,MT,Centro-Oeste,-15.601,-56.097
5106455,PLANALTO DA SERRA,MT,Centro-Oeste,-14.652,-54.782
5105150,JUÍNA,MT,Centro-Oeste,-11.373,-58.748
5103437,CURVELÂNDIA,MT,Centro-Oeste,-15.608,-57.913
5100359,ALTO BOA VISTA,MT,Centro-Oeste,-11.673,-51.388
5103452,DENISE,MT,Centro-Oeste,-14.732,-57.058
5107800,SANTO ANTÔNIO DO LEVERGER,MT,Centro-Oeste,-15.863,-56.079
5107875,SAPEZAL,MT,Centro-Oeste,-12.989,-58.764
5107883,SERRA NOVA DOURADA,MT,Centro-Oeste,-12.09,-51.403
5107859,SÃO FÉLIX DO ARAGUAIA,MT,Centro-Oeste,-11.615,-50.671
5106505,POCONÉ,MT,Centro-Oeste,-16.266,-56.626
5101704,BARRA DO BUGRES,MT,Centro-Oeste,-15.07,-57.188
5100409,ALTO GARÇAS,MT,Centro-Oeste,-16.946,-53.527
5102637,CAMPO NOVO DO PARECIS,MT,Centro-Oeste,-13.659,-57.891
5105200,JUSCIMEIRA,MT,Centro-Oeste,-16.063,-54.886
5105259,LUCAS DO RIO VERDE,MT,Centro-Oeste,-13.059,-55.904
5102603,CAMPINÁPOLIS,MT,Centro-Oeste,-14.516,-52.893
5103957,GLÓRIA D'OESTE,MT,Centro-Oeste,-15.768,-58.311
5107008,POXORÉU,MT,Centro-Oeste,-15.83,-54.421
5105234,LAMBARI D'OESTE,MT,Centro-Oeste,-15.319,-58.005
5102678,CAMPO VERDE,MT,Centro-Oeste,-15.545,-55.163
5108303,UNIÃO DO SUL,MT,Centro-Oeste,-11.531,-54.362
5107040,PRIMAVERA DO LESTE,MT,Centro-Oeste,-15.544,-54.281
5101308,ARENÁPOLIS,MT,Centro-Oeste,-14.447,-56.844
5108352,VALE DE SÃO DOMINGOS,MT,Centro-Oeste,-15.286,-59.068
5102686,CAMPOS DE JÚLIO,MT,Centro-Oeste,-13.724,-59.286
5102694,CANABRAVA DO NORTE,MT,Centro-Oeste,-11.056,-51.821
5103106,COCALINHO,MT,Centro-Oeste,-14.39,-51.0
5108808,NOVA GUARITA,MT,Centro-Oeste,-10.312,-55.406
5102702,CANARANA,MT,Centro-Oeste,-13.552,-52.27
5108857,NOVA MARILÂNDIA,MT,Centro-Oeste,-14.357,-56.97
5107578,RONDOLÂNDIA,MT,Centro-Oeste,-10.838,-61.47
5106224,NOVA MUTUM,MT,Centro-Oeste,-13.837,-56.074
5102793,CARLINDA,MT,Centro-Oeste,-9.949,-55.842
5106232,NOVA OLÍMPIA,MT,Centro-Oeste,-14.789,-57.289
5106208,NOVA BRASILÂNDIA,MT,Centro-Oeste,-14.961,-54.968
5106216,NOVA CANAÃ DO NORTE,MT,Centro-Oeste,-10.558,-55.953
5108006,TAPURAH,MT,Centro-Oeste,-12.695,-56.518
5106265,NOVO MUNDO,MT,Centro-Oeste,-9.956,-55.203
5101407,ARIPUANÃ,MT,Centro-Oeste,-10.172,-59.457
5106273,NOVO HORIZONTE DO NORTE,MT,Centro-Oeste,-11.409,-57.349
5100102,ACORIZAL,MT,Centro-Oeste,-15.194,-56.363
5106240,NOVA UBIRATÃ,MT,Centro-Oeste,-12.983,-55.256
5103205,COLÍDER,MT,Centro-Oeste,-10.813,-55.461
5106257,NOVA XAVANTINA,MT,Centro-Oeste,-14.677,-52.35
5108055,TERRA NOVA DO NORTE,MT,Centro-Oeste,-10.517,-55.231
5219902,SÃO FRANCISCO DE GOIÁS,GO,Centro-Oeste,-15.926,-49.261
5215652,PALESTINA DE GOIÁS,GO,Centro-Oeste,-16.739,-51.531
5208400,GOIANÁPOLIS,GO,Centro-Oeste,-16.51,-49.023
5207105,DIORAMA,GO,Centro-Oeste,-16.233,-51.254
5218607,RIALMA,GO,Centro-Oeste,-15.315,-49.581
5217302,PIRENÓPOLIS,GO,Centro-Oeste,-15.851,-48.958
5204904,CAMPOS BELOS,GO,Centro-Oeste,-13.035,-46.768
5213004,MAURILÂNDIA,GO,Centro-Oeste,-17.972,-50.339
5203609,BRAZABRANTES,GO,Centro-Oeste,-16.428,-49.386
5204953,CAMPOS VERDES,GO,Centro-Oeste,-14.244,-49.653
5206701,DAMIANÓPOLIS,GO,Centro-Oeste,-14.56,-46.178
5205406,CERES,GO,Centro-Oeste,-15.306,-49.6
5200803,ALVORADA DO NORTE,GO,Centro-Oeste,-14.48,-46.491
5213053,MIMOSO DE GOIÁS,GO,Centro-Oeste,-15.052,-48.161
5219100,SANTA BÁRBARA DE GOIÁS,GO,Centro-Oeste,-16.571,-49.695
5220207,SÃO MIGUEL DO ARAGUAIA,GO,Centro-Oeste,-13.273,-50.163
5205455,CEZARINA,GO,Centro-Oeste,-16.972,-49.776
5213087,MINAÇU,GO,Centro-Oeste,-13.53,-48.221
5214804,NOVA AURORA,GO,Centro-Oeste,-18.06,-48.255
5221502,TURVÂNIA,GO,Centro-Oeste,-16.613,-50.137
5213905,MOSSÂMEDES,GO,Centro-Oeste,-16.124,-50.214
5200829,AMARALINA,GO,Centro-Oeste,-13.924,-49.296
5205497,CIDADE OCIDENTAL,GO,Centro-Oeste,-16.076,-47.925
5214838,NOVA CRIXÁS,GO,Centro-Oeste,-14.096,-50.33
5205471,CHAPADÃO DO CÉU,GO,Centro-Oeste,-18.407,-52.549
5209804,HIDROLINA,GO,Centro-Oeste,-14.726,-49.463
5204102,CACHOEIRA ALTA,GO,Centro-Oeste,-18.762,-50.943
5201702,ARAGARÇAS,GO,Centro-Oeste,-15.896,-52.237
5214879,NOVA IGUAÇU DE GOIÁS,GO,Centro-Oeste,-14.287,-49.387
5213509,MONTE ALEGRE DE GOIÁS,GO,Centro-Oeste,-13.255,-46.893
5214861,NOVA GLÓRIA,GO,Centro-Oeste,-15.145,-49.574
5212204,JUSSARA,GO,Centro-Oeste,-15.866,-50.867
5202809,AVELINÓPOLIS,GO,Centro-Oeste,-16.467,-49.758
5212253,LAGOA SANTA,GO,Centro-Oeste,-19.183,-51.4
5211800,JARAGUÁ,GO,Centro-Oeste,-15.753,-49.334
5208509,GOIANDIRA,GO,Centro-Oeste,-18.135,-48.087
5209457,GUARINOS,GO,Centro-Oeste,-14.729,-49.701
5215306,ORIZONA,GO,Centro-Oeste,-17.033,-48.296
5221197,TEREZÓPOLIS DE GOIÁS,GO,Centro-Oeste,-16.395,-49.08
5205901,CORUMBAÍBA,GO,Centro-Oeste,-18.142,-48.563
5218706,RIANÁPOLIS,GO,Centro-Oeste,-15.446,-49.511
5217401,PIRES DO RIO,GO,Centro-Oeste,-17.302,-48.277
5219209,SANTA CRUZ DE GOIÁS,GO,Centro-Oeste,-17.316,-48.481
5220702,SÍTIO D'ABADIA,GO,Centro-Oeste,-14.799,-46.251
5204607,CAMPESTRE DE GOIÁS,GO,Centro-Oeste,-16.762,-49.695
5210562,ITAGUARI,GO,Centro-Oeste,-15.918,-49.607
5214002,MOZARLÂNDIA,GO,Centro-Oeste,-14.746,-50.571
5203302,BELA VISTA DE GOIÁS,GO,Centro-Oeste,-16.969,-48.951
5208103,FORMOSO,GO,Centro-Oeste,-13.65,-48.877
5208152,GAMELEIRA DE GOIÁS,GO,Centro-Oeste,-16.485,-48.645
5218789,RIO QUENTE,GO,Centro-Oeste,-17.774,-48.773
5201801,ARAGOIÂNIA,GO,Centro-Oeste,-16.909,-49.448
5211008,ITAPIRAPUÃ,GO,Centro-Oeste,-15.82,-50.609
5214051,MUNDO NOVO,GO,Centro-Oeste,-13.773,-50.281
5218391,PROFESSOR JAMIL,GO,Centro-Oeste,-17.25,-49.244
5214903,NOVA ROMA,GO,Centro-Oeste,-13.739,-46.873
5204656,CAMPINAÇU,GO,Centro-Oeste,-13.787,-48.57
5206404,CRIXÁS,GO,Centro-Oeste,-14.541,-49.974
5205109,CATALÃO,GO,Centro-Oeste,-18.166,-47.944
5200506,ALOÂNDIA,GO,Centro-Oeste,-17.729,-49.477
5200555,ALTO HORIZONTE,GO,Centro-Oeste,-14.198,-49.338
5212303,LEOPOLDO DE BULHÕES,GO,Centro-Oeste,-16.619,-48.743
5215405,OURO VERDE DE GOIÁS,GO,Centro-Oeste,-16.218,-49.194
5210604,ITAGUARU,GO,Centro-Oeste,-15.757,-49.635
5219738,SANTO ANTÔNIO DE GOIÁS,GO,Centro-Oeste,-16.482,-49.31
5219704,SANTA TEREZINHA DE GOIÁS,GO,Centro-Oeste,-14.433,-49.709
5219712,SANTO ANTÔNIO DA BARRA,GO,Centro-Oeste,-17.558,-50.635
5211909,JATAÍ,GO,Centro-Oeste,-17.878,-51.72
5219753,SANTO ANTÔNIO DO DESCOBERTO,GO,Centro-Oeste,-15.941,-48.258
5210208,IPORÁ,GO,Centro-Oeste,-16.44,-51.118
5217104,PIRACANJUBA,GO,Centro-Oeste,-17.302,-49.017
5202353,ARENÓPOLIS,GO,Centro-Oeste,-16.384,-51.556
5204706,CAMPINORTE,GO,Centro-Oeste,-14.314,-49.151
5214101,MUTUNÓPOLIS,GO,Centro-Oeste,-13.73,-49.275
5211503,ITUMBIARA,GO,Centro-Oeste,-18.409,-49.216
5203401,BOM JARDIM DE GOIÁS,GO,Centro-Oeste,-16.206,-52.173
5206503,CROMÍNIA,GO,Centro-Oeste,-17.288,-49.38
5205208,CATURAÍ,GO,Centro-Oeste,-16.445,-49.494
5200605,ALTO PARAÍSO DE GOIÁS,GO,Centro-Oeste,-14.13,-47.51
5220454,SENADOR CANEDO,GO,Centro-Oeste,-16.708,-49.091
5214606,NIQUELÂNDIA,GO,Centro-Oeste,-14.466,-48.46
5215900,PALMINÓPOLIS,GO,Centro-Oeste,-16.792,-50.165
5207808,FIRMINÓPOLIS,GO,Centro-Oeste,-16.578,-50.304
5200209,ÁGUA LIMPA,GO,Centro-Oeste,-18.077,-48.76
5209606,HEITORAÍ,GO,Centro-Oeste,-15.719,-49.827
5201504,APORÉ,GO,Centro-Oeste,-18.961,-51.923
5219803,SÃO DOMINGOS,GO,Centro-Oeste,-13.621,-46.742
5203906,BURITI ALEGRE,GO,Centro-Oeste,-18.138,-49.04
5209200,GUAPÓ,GO,Centro-Oeste,-16.83,-49.535
5200258,ÁGUAS LINDAS DE GOIÁS,GO,Centro-Oeste,-15.762,-48.282
5212006,JAUPACI,GO,Centro-Oeste,-16.177,-50.951
5202601,AURILÂNDIA,GO,Centro-Oeste,-16.677,-50.464
5212055,JESÚPOLIS,GO,Centro-Oeste,-15.948,-49.374
5222203,VILA BOA,GO,Centro-Oeste,-15.039,-47.052
5211602,IVOLÂNDIA,GO,Centro-Oeste,-16.599,-50.792
5203939,BURITI DE GOIÁS,GO,Centro-Oeste,-16.179,-50.43
5216403,PARAÚNA,GO,Centro-Oeste,-16.946,-50.448
5208301,DIVINÓPOLIS DE GOIÁS,GO,Centro-Oeste,-13.285,-46.4
5205703,CÓRREGO DO OURO,GO,Centro-Oeste,-16.292,-50.55
5216452,PEROLÂNDIA,GO,Centro-Oeste,-17.526,-52.065
5221809,URUTAÍ,GO,Centro-Oeste,-17.465,-48.202
5218508,QUIRINÓPOLIS,GO,Centro-Oeste,-18.447,-50.455
5203962,BURITINÓPOLIS,GO,Centro-Oeste,-14.477,-46.408
5209291,GUARAÍTA,GO,Centro-Oeste,-15.612,-50.026
5210307,ISRAELÂNDIA,GO,Centro-Oeste,-16.314,-50.909
5217203,PIRANHAS,GO,Centro-Oeste,-16.426,-51.824
5220504,SERRANÓPOLIS,GO,Centro-Oeste,-18.307,-51.959
5204409,CAIAPÔNIA,GO,Centro-Oeste,-16.954,-51.809
5221858,VALPARAÍSO DE GOIÁS,GO,Centro-Oeste,-16.065,-47.976
5212907,MARZAGÃO,GO,Centro-Oeste,-17.983,-48.642
5203104,BALIZA,GO,Centro-Oeste,-16.197,-52.539
5201603,ARAÇU,GO,Centro-Oeste,-16.356,-49.68
5212956,MATRINCHÃ,GO,Centro-Oeste,-15.434,-50.746
5214705,NOVA AMÉRICA,GO,Centro-Oeste,-15.021,-49.895
5206206,CRISTALINA,GO,Centro-Oeste,-16.768,-47.613
5221007,TAQUARAL DE GOIÁS,GO,Centro-Oeste,-16.052,-49.604
5208806,GOIANIRA,GO,Centro-Oeste,-16.495,-49.427
5200308,ALEXÂNIA,GO,Centro-Oeste,-16.083,-48.508
5207501,ESTRELA DO NORTE,GO,Centro-Oeste,-13.867,-49.072
5217708,PONTALINA,GO,Centro-Oeste,-17.523,-49.449
5212105,JOVIÂNIA,GO,Centro-Oeste,-17.802,-49.62
5222302,VILA PROPÍCIO,GO,Centro-Oeste,-15.454,-48.882
5221080,TERESINA DE GOIÁS,GO,Centro-Oeste,-13.78,-47.266
5213400,MOIPORÁ,GO,Centro-Oeste,-16.543,-50.739
5215207,NOVO BRASIL,GO,Centro-Oeste,-16.031,-50.711
5207535,FAINA,GO,Centro-Oeste,-15.447,-50.362
5205802,CORUMBÁ DE GOIÁS,GO,Centro-Oeste,-15.925,-48.812
5210406,ITABERAÍ,GO,Centro-Oeste,-16.021,-49.806
5219506,SANTA ROSA DE GOIÁS,GO,Centro-Oeste,-16.084,-49.495
5220603,SILVÂNIA,GO,Centro-Oeste,-16.66,-48.608
5215256,NOVO PLANALTO,GO,Centro-Oeste,-13.242,-49.506
5211701,JANDAIA,GO,Centro-Oeste,-17.048,-50.145
5215231,NOVO GAMA,GO,Centro-Oeste,-16.059,-48.042
5208004,FORMOSA,GO,Centro-Oeste,-15.54,-47.337
5221908,VARJÃO,GO,Centro-Oeste,-17.047,-49.631
5210000,INHUMAS,GO,Centro-Oeste,-16.361,-49.5
5202155,ARAGUAPAZ,GO,Centro-Oeste,-15.091,-50.632
5220686,SIMOLÂNDIA,GO,Centro-Oeste,-14.464,-46.485
5204508,CALDAS NOVAS,GO,Centro-Oeste,-17.744,-48.625
5211305,ITARUMÃ,GO,Centro-Oeste,-18.765,-51.349
5203203,BARRO ALTO,GO,Centro-Oeste,-14.966,-48.909
5204557,CALDAZINHA,GO,Centro-Oeste,-16.712,-49.001
5206305,CRISTIANÓPOLIS,GO,Centro-Oeste,-17.199,-48.703
5205000,CARMO DO RIO VERDE,GO,Centro-Oeste,-15.355,-49.708
5221577,UIRAPURU,GO,Centro-Oeste,-14.284,-49.92
5200852,AMERICANO DO BRASIL,GO,Centro-Oeste,-16.251,-49.983
5212600,MAIRIPOTABA,GO,Centro-Oeste,-17.297,-49.49
5205059,CASTELÂNDIA,GO,Centro-Oeste,-18.092,-50.203
5221551,TURVELÂNDIA,GO,Centro-Oeste,-17.85,-50.302
5220280,SÃO PATRÍCIO,GO,Centro-Oeste,-15.35,-49.818
5220264,SÃO MIGUEL DO PASSA QUATRO,GO,Centro-Oeste,-17.058,-48.662
5208905,GOIÁS,GO,Centro-Oeste,-15.933,-50.14
5215702,PALMEIRAS DE GOIÁS,GO,Centro-Oeste,-16.804,-49.924
5207600,FAZENDA NOVA,GO,Centro-Oeste,-16.183,-50.778
5209408,GUARANI DE GOIÁS,GO,Centro-Oeste,-13.942,-46.487
5210901,ITAPACI,GO,Centro-Oeste,-14.952,-49.551
5201306,ANICUNS,GO,Centro-Oeste,-16.464,-49.962
5219605,SANTA TEREZA DE GOIÁS,GO,Centro-Oeste,-13.714,-49.014
5214408,NAZÁRIO,GO,Centro-Oeste,-16.581,-49.882
5213103,MINEIROS,GO,Centro-Oeste,-17.565,-52.554
5200050,ABADIA DE GOIÁS,GO,Centro-Oeste,-16.757,-49.441
5222005,VIANÓPOLIS,GO,Centro-Oeste,-16.741,-48.516
5207253,DOVERLÂNDIA,GO,Centro-Oeste,-16.719,-52.319
5211404,ITAUÇU,GO,Centro-Oeste,-16.203,-49.611
5205521,COLINAS DO SUL,GO,Centro-Oeste,-14.153,-48.076
5222054,VICENTINÓPOLIS,GO,Centro-Oeste,-17.732,-49.805
5206800,DAMOLÂNDIA,GO,Centro-Oeste,-16.254,-49.363
5221601,URUAÇU,GO,Centro-Oeste,-14.524,-49.14
5205513,COCALZINHO DE GOIÁS,GO,Centro-Oeste,-15.791,-48.775
5219258,SANTA FÉ DE GOIÁS,GO,Centro-Oeste,-15.766,-51.104
5218300,POSSE,GO,Centro-Oeste,-14.086,-46.37
5210109,IPAMERI,GO,Centro-Oeste,-17.721,-48.158
5200902,AMORINÓPOLIS,GO,Centro-Oeste,-16.615,-51.092
5210158,IPIRANGA DE GOIÁS,GO,Centro-Oeste,-15.169,-49.669
5212709,MAMBAÍ,GO,Centro-Oeste,-14.482,-46.117
5204201,CACHOEIRA DE GOIÁS,GO,Centro-Oeste,-16.663,-50.646
5215801,PALMELO,GO,Centro-Oeste,-17.326,-48.426
5209937,INACIOLÂNDIA,GO,Centro-Oeste,-18.487,-49.989
5209903,IACIARA,GO,Centro-Oeste,-14.101,-46.633
5201405,APARECIDA DE GOIÂNIA,GO,Centro-Oeste,-16.82,-49.247
5204250,CACHOEIRA DOURADA,GO,Centro-Oeste,-18.486,-49.477
5208608,GOIANÉSIA,GO,Centro-Oeste,-15.312,-49.116
5209952,INDIARA,GO,Centro-Oeste,-17.139,-49.986
5218805,RIO VERDE,GO,Centro-Oeste,-17.792,-50.919
5200100,ABADIÂNIA,GO,Centro-Oeste,-16.197,-48.706
5201454,APARECIDA DO RIO DOCE,GO,Centro-Oeste,-18.294,-51.152
5200159,ADELÂNDIA,GO,Centro-Oeste,-16.413,-50.166
5200134,ACREÚNA,GO,Centro-Oeste,-17.396,-50.375
5214507,NERÓPOLIS,GO,Centro-Oeste,-16.405,-49.223
5207352,EDEALINA,GO,Centro-Oeste,-17.424,-49.664
5203807,BRITÂNIA,GO,Centro-Oeste,-15.243,-51.16
5216304,PARANAIGUARA,GO,Centro-Oeste,-18.914,-50.654
5206909,DAVINÓPOLIS,GO,Centro-Oeste,-18.15,-47.557
5215009,NOVA VENEZA,GO,Centro-Oeste,-16.369,-49.317
5200175,ÁGUA FRIA DE GOIÁS,GO,Centro-Oeste,-14.978,-47.782
5209101,GOIATUBA,GO,Centro-Oeste,-18.011,-49.366
5219308,SANTA HELENA DE GOIÁS,GO,Centro-Oeste,-17.811,-50.598
5220405,SÃO SIMÃO,GO,Centro-Oeste,-18.996,-50.547
5209150,GOUVELÂNDIA,GO,Centro-Oeste,-18.624,-50.081
5221700,URUANA,GO,Centro-Oeste,-15.499,-49.686
5219357,SANTA ISABEL,GO,Centro-Oeste,-15.296,-49.426
5218003,PORANGATU,GO,Centro-Oeste,-13.439,-49.15
5220009,SÃO JOÃO D'ALIANÇA,GO,Centro-Oeste,-14.705,-47.523
5212808,MARA ROSA,GO,Centro-Oeste,-14.015,-49.178
5204300,CAÇU,GO,Centro-Oeste,-18.559,-51.133
5221304,TRÊS RANCHOS,GO,Centro-Oeste,-18.354,-47.776
5213707,MONTES CLAROS DE GOIÁS,GO,Centro-Oeste,-16.006,-51.398
5218052,PORTEIRÃO,GO,Centro-Oeste,-17.814,-50.165
5213756,MONTIVIDIU,GO,Centro-Oeste,-17.444,-51.173
5220058,SÃO JOÃO DA PARAÚNA,GO,Centro-Oeste,-16.813,-50.409
5208707,GOIÂNIA,GO,Centro-Oeste,-16.686,-49.264
5216809,PETROLINA DE GOIÁS,GO,Centro-Oeste,-16.097,-49.336
5215504,OUVIDOR,GO,Centro-Oeste,-18.228,-47.836
5207402,EDÉIA,GO,Centro-Oeste,-17.341,-49.929
5218904,RUBIATABA,GO,Centro-Oeste,-15.162,-49.805
5213772,MONTIVIDIU DO NORTE,GO,Centro-Oeste,-13.348,-48.685
5217609,PLANALTINA,GO,Centro-Oeste,-15.452,-47.609
5201108,ANÁPOLIS,GO,Centro-Oeste,-16.328,-48.953
5219407,SANTA RITA DO ARAGUAIA,GO,Centro-Oeste,-17.327,-53.201
5204805,CAMPO ALEGRE DE GOIÁS,GO,Centro-Oeste,-17.636,-47.777
5203500,BOM JESUS DE GOIÁS,GO,Centro-Oeste,-18.217,-49.74
5219456,SANTA RITA DO NOVO DESTINO,GO,Centro-Oeste,-15.135,-49.12
5203559,BONFINÓPOLIS,GO,Centro-Oeste,-16.617,-48.962
5219001,SANCLERLÂNDIA,GO,Centro-Oeste,-16.197,-50.312
5211206,ITAPURANGA,GO,Centro-Oeste,-15.561,-49.949
5216007,PANAMÁ,GO,Centro-Oeste,-18.178,-49.355
5204854,CAMPO LIMPO DE GOIÁS,GO,Centro-Oeste,-16.297,-49.09
5206602,CUMARI,GO,Centro-Oeste,-18.264,-48.151
5205307,CAVALCANTE,GO,Centro-Oeste,-13.798,-47.457
5221403,TRINDADE,GO,Centro-Oeste,-16.652,-49.493
5218102,PORTELÂNDIA,GO,Centro-Oeste,-17.355,-52.68
5203575,BONÓPOLIS,GO,Centro-Oeste,-13.633,-49.811
5207907,FLORES DE GOIÁS,GO,Centro-Oeste,-14.445,-47.042
5220108,SÃO LUÍS DE MONTES BELOS,GO,Centro-Oeste,-16.521,-50.373
5212501,LUZIÂNIA,GO,Centro-Oeste,-16.253,-47.95
5221452,TROMBAS,GO,Centro-Oeste,-13.508,-48.742
5204003,CABECEIRAS,GO,Centro-Oeste,-15.8,-46.926
5220157,SÃO LUÍZ DO NORTE,GO,Centro-Oeste,-14.861,-49.328
5213806,MORRINHOS,GO,Centro-Oeste,-17.733,-49.106
5216908,PILAR DE GOIÁS,GO,Centro-Oeste,-14.761,-49.578
5215603,PADRE BERNARDO,GO,Centro-Oeste,-15.161,-48.283
5209705,HIDROLÂNDIA,GO,Centro-Oeste,-16.963,-49.227
5202502,ARUANÃ,GO,Centro-Oeste,-14.917,-51.075
5210802,ITAJÁ,GO,Centro-Oeste,-19.067,-51.55
5213855,MORRO AGUDO DE GOIÁS,GO,Centro-Oeste,-15.318,-50.055
5201207,ANHANGUERA,GO,Centro-Oeste,-18.334,-48.22
5300108,BRASÍLIA,DF,Centro-Oeste,-15.78,-47.93
